[LOG] SystemI::init                            : FMOD Studio Version: 00010800 (73592)
[LOG] SystemI::init                            : maxchannels = 1024, flags = 00030000, extradriverdata = 0000000000000000
[LOG] SystemI::close                           : 
[LOG] SystemI::close                           : Stop all sounds
[LOG] SystemI::close                           : done.

[LOG] OutputWASAPI::init                       : Mix Format (WAVEFORMATEX): wFormatTag=0xFFFE, nChannels=2, nSamplesPerSec=48000, nAvgBytesPerSec=384000, nBlockAlign=8, wBitsPerSample=32, cbSize=22.
[LOG] OutputWASAPI::init                       : Mix Format (WAVEFORMATEXTENSIBLE): wValidBitsPerSample=32, dwChannelMask=0x00000003, SubFormat=00000003-0000-0010-8000-00AA00389B71.
[LOG] OutputWASAPI::init                       : Output buffer size: 4096 samples, latency: 0.00ms, period: 10.00ms, DSP buffer: 1024 * 4
[LOG] Thread::initThread                       : Initializing FMOD mixer thread.  priority 3
[LOG] Thread::initThread                       : - Stacksize 49152.  Stack pointer 0000000000000000 : usesemaphore = 0 : sleeptime = 0
[LOG] Thread::callback                         : * FMOD mixer thread started
[LOG] SystemI::init                            : Set up emulated output
[LOG] SystemI::init                            : create the channel pool
[LOG] Thread::initThread                       : Initializing FMOD stream thread.  priority 2
[LOG] Thread::initThread                       : - Stacksize 65536.  Stack pointer 0000000000000000 : usesemaphore = 0 : sleeptime = 10
[LOG] Thread::callback                         : * FMOD stream thread started
[LOG] Thread::initThread                       : Initializing FMOD Studio update thread.  priority 0
[LOG] Thread::initThread                       : - Stacksize 65536.  Stack pointer 0000000000000000 : usesemaphore = 0 : sleeptime = 1
[LOG] Thread::callback                         : * FMOD Studio update thread started
[LOG] Thread::initThread                       : Initializing FMOD Studio sample load thread.  priority 0
[LOG] Thread::initThread                       : - Stacksize 65536.  Stack pointer 0000000000000000 : usesemaphore = 0 : sleeptime = 1
[LOG] Thread::callback                         : * FMOD Studio sample load thread started
[LOG] LiveUpdate::init                         : 
[LOG] Thread::initThread                       : Initializing FMOD Studio bank load thread.  priority 0
[LOG] Thread::initThread                       : - Stacksize 65536.  Stack pointer 0000000000000000 : usesemaphore = 0 : sleeptime = 1
[LOG] Thread::callback                         : * FMOD Studio bank load thread started
[LOG] Profile::init                            : Profiler listening on port: 9264
[LOG] SystemI::createSoundInternal             : filename =  : mode 0a000202
[LOG] SystemI::createSoundInternal             : exinfo->cbsize             = 232
[LOG] SystemI::createSoundInternal             : exinfo->length             = 3188768
[LOG] SystemI::createSoundInternal             : exinfo->fileoffset         = 22912
[LOG] SystemI::createSoundInternal             : exinfo->numsubsounds       = 1
[LOG] SystemI::createSoundInternal             : exinfo->inclusionlist      = 000000007996FB28
[LOG] SystemI::createSoundInternal             : exinfo->inclusionlistnum   = 1
[LOG] SystemI::createSoundInternal             : exinfo->suggestedsoundtype = 5
[LOG] SystemI::createSoundInternal             : exinfo->useropen           = 00007FFCBA638650
[LOG] SystemI::createSoundInternal             : exinfo->userclose          = 00007FFCBA6393C0
[LOG] SystemI::createSoundInternal             : exinfo->userread           = 00007FFCBA638730
[LOG] SystemI::createSoundInternal             : exinfo->userseek           = 00007FFCBA6387E0
[LOG] SystemI::createSoundInternal             : exinfo->fileuserdata       = 0000000096B56628
[LOG] SystemI::createSoundInternal             : exinfo->initialseekpostype = 1
[LOG] SystemI::createSoundInternal             : Format has 1 subsounds.
[LOG] SystemI::createSoundInternal             : Create as FMOD_CREATESAMPLE
[LOG] SystemI::createSoundInternal             : Multi-sample sound (1 subsounds), create a sample container.
[LOG] SystemI::createSoundInternal             : creating subsound 0/1
[LOG] SystemI::createSample                    : mode 0a000202 length 2580736 samples, lengthbytes 1411360
[LOG] SystemI::createSample                    : channels = 1
[LOG] SystemI::createSample                    : output = 00000000848CCC88
[LOG] OutputSoftware::createSample             : lengthpcm 2580736, lengthbytes 1411360, channels 1, format 2, freq 40000, mode 0a00020a
[LOG] SystemI::createSoundInternal             : done.  OpenState now = FMOD_OPENSTATE_READY.

[LOG] SystemI::createSoundInternal             : filename =  : mode 0a000202
[LOG] SystemI::createSoundInternal             : exinfo->cbsize             = 232
[LOG] SystemI::createSoundInternal             : exinfo->length             = 3188768
[LOG] SystemI::createSoundInternal             : exinfo->fileoffset         = 22912
[LOG] SystemI::createSoundInternal             : exinfo->numsubsounds       = 1
[LOG] SystemI::createSoundInternal             : exinfo->inclusionlist      = 000000007996FB28
[LOG] SystemI::createSoundInternal             : exinfo->inclusionlistnum   = 1
[LOG] SystemI::createSoundInternal             : exinfo->suggestedsoundtype = 5
[LOG] SystemI::createSoundInternal             : exinfo->useropen           = 00007FFCBA638650
[LOG] SystemI::createSoundInternal             : exinfo->userclose          = 00007FFCBA6393C0
[LOG] SystemI::createSoundInternal             : exinfo->userread           = 00007FFCBA638730
[LOG] SystemI::createSoundInternal             : exinfo->userseek           = 00007FFCBA6387E0
[LOG] SystemI::createSoundInternal             : exinfo->fileuserdata       = 0000000096B56628
[LOG] SystemI::createSoundInternal             : exinfo->initialseekpostype = 1
[LOG] SystemI::createSoundInternal             : Format has 1 subsounds.
[LOG] SystemI::createSoundInternal             : Create as FMOD_CREATESAMPLE
[LOG] SystemI::createSoundInternal             : Multi-sample sound (1 subsounds), create a sample container.
[LOG] SystemI::createSoundInternal             : creating subsound 0/1
[LOG] SystemI::createSample                    : mode 0a000202 length 77568 samples, lengthbytes 42432
[LOG] SystemI::createSample                    : channels = 1
[LOG] SystemI::createSample                    : output = 00000000848CCC88
[LOG] OutputSoftware::createSample             : lengthpcm 77568, lengthbytes 42432, channels 1, format 2, freq 40000, mode 0a00020a
[LOG] SystemI::createSoundInternal             : done.  OpenState now = FMOD_OPENSTATE_READY.

[LOG] SystemI::createSoundInternal             : filename =  : mode 0a000202
[LOG] SystemI::createSoundInternal             : exinfo->cbsize             = 232
[LOG] SystemI::createSoundInternal             : exinfo->length             = 5401504
[LOG] SystemI::createSoundInternal             : exinfo->fileoffset         = 187904
[LOG] SystemI::createSoundInternal             : exinfo->numsubsounds       = 1
[LOG] SystemI::createSoundInternal             : exinfo->inclusionlist      = 000000007996FB28
[LOG] SystemI::createSoundInternal             : exinfo->inclusionlistnum   = 1
[LOG] SystemI::createSoundInternal             : exinfo->suggestedsoundtype = 5
[LOG] SystemI::createSoundInternal             : exinfo->useropen           = 00007FFCBA638650
[LOG] SystemI::createSoundInternal             : exinfo->userclose          = 00007FFCBA6393C0
[LOG] SystemI::createSoundInternal             : exinfo->userread           = 00007FFCBA638730
[LOG] SystemI::createSoundInternal             : exinfo->userseek           = 00007FFCBA6387E0
[LOG] SystemI::createSoundInternal             : exinfo->fileuserdata       = 0000000096B55748
[LOG] SystemI::createSoundInternal             : exinfo->initialseekpostype = 1
[LOG] SystemI::createSoundInternal             : Format has 1 subsounds.
[LOG] SystemI::createSoundInternal             : Create as FMOD_CREATESAMPLE
[LOG] SystemI::createSoundInternal             : Multi-sample sound (1 subsounds), create a sample container.
[LOG] SystemI::createSoundInternal             : creating subsound 0/1
[LOG] SystemI::createSample                    : mode 0a000202 length 115456 samples, lengthbytes 63168
[LOG] SystemI::createSample                    : channels = 1
[LOG] SystemI::createSample                    : output = 00000000848CCC88
[LOG] OutputSoftware::createSample             : lengthpcm 115456, lengthbytes 63168, channels 1, format 2, freq 40000, mode 0a00020a
[LOG] SystemI::createSoundInternal             : done.  OpenState now = FMOD_OPENSTATE_READY.

[LOG] SystemI::createSoundInternal             : filename =  : mode 0a000202
[LOG] SystemI::createSoundInternal             : exinfo->cbsize             = 232
[LOG] SystemI::createSoundInternal             : exinfo->length             = 5401504
[LOG] SystemI::createSoundInternal             : exinfo->fileoffset         = 187904
[LOG] SystemI::createSoundInternal             : exinfo->numsubsounds       = 1
[LOG] SystemI::createSoundInternal             : exinfo->inclusionlist      = 000000007996FB28
[LOG] SystemI::createSoundInternal             : exinfo->inclusionlistnum   = 1
[LOG] SystemI::createSoundInternal             : exinfo->suggestedsoundtype = 5
[LOG] SystemI::createSoundInternal             : exinfo->useropen           = 00007FFCBA638650
[LOG] SystemI::createSoundInternal             : exinfo->userclose          = 00007FFCBA6393C0
[LOG] SystemI::createSoundInternal             : exinfo->userread           = 00007FFCBA638730
[LOG] SystemI::createSoundInternal             : exinfo->userseek           = 00007FFCBA6387E0
[LOG] SystemI::createSoundInternal             : exinfo->fileuserdata       = 0000000096B55748
[LOG] SystemI::createSoundInternal             : exinfo->initialseekpostype = 1
[LOG] SystemI::createSoundInternal             : Format has 1 subsounds.
[LOG] SystemI::createSoundInternal             : Create as FMOD_CREATESAMPLE
[LOG] SystemI::createSoundInternal             : Multi-sample sound (1 subsounds), create a sample container.
[LOG] SystemI::createSoundInternal             : creating subsound 0/1
[LOG] SystemI::createSample                    : mode 0a000202 length 180480 samples, lengthbytes 98720
[LOG] SystemI::createSample                    : channels = 1
[LOG] SystemI::createSample                    : output = 00000000848CCC88
[LOG] OutputSoftware::createSample             : lengthpcm 180480, lengthbytes 98720, channels 1, format 2, freq 40000, mode 0a00020a
[LOG] SystemI::createSoundInternal             : done.  OpenState now = FMOD_OPENSTATE_READY.

[LOG] SystemI::createSoundInternal             : filename =  : mode 0a000202
[LOG] SystemI::createSoundInternal             : exinfo->cbsize             = 232
[LOG] SystemI::createSoundInternal             : exinfo->length             = 5401504
[LOG] SystemI::createSoundInternal             : exinfo->fileoffset         = 187904
[LOG] SystemI::createSoundInternal             : exinfo->numsubsounds       = 1
[LOG] SystemI::createSoundInternal             : exinfo->inclusionlist      = 000000007996FB28
[LOG] SystemI::createSoundInternal             : exinfo->inclusionlistnum   = 1
[LOG] SystemI::createSoundInternal             : exinfo->suggestedsoundtype = 5
[LOG] SystemI::createSoundInternal             : exinfo->useropen           = 00007FFCBA638650
[LOG] SystemI::createSoundInternal             : exinfo->userclose          = 00007FFCBA6393C0
[LOG] SystemI::createSoundInternal             : exinfo->userread           = 00007FFCBA638730
[LOG] SystemI::createSoundInternal             : exinfo->userseek           = 00007FFCBA6387E0
[LOG] SystemI::createSoundInternal             : exinfo->fileuserdata       = 0000000096B55748
[LOG] SystemI::createSoundInternal             : exinfo->initialseekpostype = 1
[LOG] SystemI::createSoundInternal             : Format has 1 subsounds.
[LOG] SystemI::createSoundInternal             : Create as FMOD_CREATESAMPLE
[LOG] SystemI::createSoundInternal             : Multi-sample sound (1 subsounds), create a sample container.
[LOG] SystemI::createSoundInternal             : creating subsound 0/1
[LOG] SystemI::createSample                    : mode 0a000202 length 10240 samples, lengthbytes 5600
[LOG] SystemI::createSample                    : channels = 1
[LOG] SystemI::createSample                    : output = 00000000848CCC88
[LOG] OutputSoftware::createSample             : lengthpcm 10240, lengthbytes 5600, channels 1, format 2, freq 40000, mode 0a00020a
[LOG] SystemI::createSoundInternal             : done.  OpenState now = FMOD_OPENSTATE_READY.

[LOG] SystemI::createSoundInternal             : filename =  : mode 0a000202
[LOG] SystemI::createSoundInternal             : exinfo->cbsize             = 232
[LOG] SystemI::createSoundInternal             : exinfo->length             = 5401504
[LOG] SystemI::createSoundInternal             : exinfo->fileoffset         = 187904
[LOG] SystemI::createSoundInternal             : exinfo->numsubsounds       = 1
[LOG] SystemI::createSoundInternal             : exinfo->inclusionlist      = 000000007996FB28
[LOG] SystemI::createSoundInternal             : exinfo->inclusionlistnum   = 1
[LOG] SystemI::createSoundInternal             : exinfo->suggestedsoundtype = 5
[LOG] SystemI::createSoundInternal             : exinfo->useropen           = 00007FFCBA638650
[LOG] SystemI::createSoundInternal             : exinfo->userclose          = 00007FFCBA6393C0
[LOG] SystemI::createSoundInternal             : exinfo->userread           = 00007FFCBA638730
[LOG] SystemI::createSoundInternal             : exinfo->userseek           = 00007FFCBA6387E0
[LOG] SystemI::createSoundInternal             : exinfo->fileuserdata       = 0000000096B55748
[LOG] SystemI::createSoundInternal             : exinfo->initialseekpostype = 1
[LOG] SystemI::createSoundInternal             : Format has 1 subsounds.
[LOG] SystemI::createSoundInternal             : Create as FMOD_CREATESAMPLE
[LOG] SystemI::createSoundInternal             : Multi-sample sound (1 subsounds), create a sample container.
[LOG] SystemI::createSoundInternal             : creating subsound 0/1
[LOG] SystemI::createSample                    : mode 0a000202 length 223232 samples, lengthbytes 122080
[LOG] SystemI::createSample                    : channels = 1
[LOG] SystemI::createSample                    : output = 00000000848CCC88
[LOG] OutputSoftware::createSample             : lengthpcm 223232, lengthbytes 122080, channels 1, format 2, freq 40000, mode 0a00020a
[LOG] SystemI::createSoundInternal             : done.  OpenState now = FMOD_OPENSTATE_READY.

[LOG] SystemI::createSoundInternal             : filename =  : mode 0a000202
[LOG] SystemI::createSoundInternal             : exinfo->cbsize             = 232
[LOG] SystemI::createSoundInternal             : exinfo->length             = 5401504
[LOG] SystemI::createSoundInternal             : exinfo->fileoffset         = 187904
[LOG] SystemI::createSoundInternal             : exinfo->numsubsounds       = 1
[LOG] SystemI::createSoundInternal             : exinfo->inclusionlist      = 000000007996FB28
[LOG] SystemI::createSoundInternal             : exinfo->inclusionlistnum   = 1
[LOG] SystemI::createSoundInternal             : exinfo->suggestedsoundtype = 5
[LOG] SystemI::createSoundInternal             : exinfo->useropen           = 00007FFCBA638650
[LOG] SystemI::createSoundInternal             : exinfo->userclose          = 00007FFCBA6393C0
[LOG] SystemI::createSoundInternal             : exinfo->userread           = 00007FFCBA638730
[LOG] SystemI::createSoundInternal             : exinfo->userseek           = 00007FFCBA6387E0
[LOG] SystemI::createSoundInternal             : exinfo->fileuserdata       = 0000000096B55748
[LOG] SystemI::createSoundInternal             : exinfo->initialseekpostype = 1
[LOG] SystemI::createSoundInternal             : Format has 1 subsounds.
[LOG] SystemI::createSoundInternal             : Create as FMOD_CREATESAMPLE
[LOG] SystemI::createSoundInternal             : Multi-sample sound (1 subsounds), create a sample container.
[LOG] SystemI::createSoundInternal             : creating subsound 0/1
[LOG] SystemI::createSample                    : mode 0a000202 length 120064 samples, lengthbytes 65664
[LOG] SystemI::createSample                    : channels = 1
[LOG] SystemI::createSample                    : output = 00000000848CCC88
[LOG] OutputSoftware::createSample             : lengthpcm 120064, lengthbytes 65664, channels 1, format 2, freq 40000, mode 0a00020a
[LOG] SystemI::createSoundInternal             : done.  OpenState now = FMOD_OPENSTATE_READY.

[LOG] SystemI::createSoundInternal             : filename =  : mode 0a000202
[LOG] SystemI::createSoundInternal             : exinfo->cbsize             = 232
[LOG] SystemI::createSoundInternal             : exinfo->length             = 5401504
[LOG] SystemI::createSoundInternal             : exinfo->fileoffset         = 187904
[LOG] SystemI::createSoundInternal             : exinfo->numsubsounds       = 1
[LOG] SystemI::createSoundInternal             : exinfo->inclusionlist      = 000000007996FB28
[LOG] SystemI::createSoundInternal             : exinfo->inclusionlistnum   = 1
[LOG] SystemI::createSoundInternal             : exinfo->suggestedsoundtype = 5
[LOG] SystemI::createSoundInternal             : exinfo->useropen           = 00007FFCBA638650
[LOG] SystemI::createSoundInternal             : exinfo->userclose          = 00007FFCBA6393C0
[LOG] SystemI::createSoundInternal             : exinfo->userread           = 00007FFCBA638730
[LOG] SystemI::createSoundInternal             : exinfo->userseek           = 00007FFCBA6387E0
[LOG] SystemI::createSoundInternal             : exinfo->fileuserdata       = 0000000096B55748
[LOG] SystemI::createSoundInternal             : exinfo->initialseekpostype = 1
[LOG] SystemI::createSoundInternal             : Format has 1 subsounds.
[LOG] SystemI::createSoundInternal             : Create as FMOD_CREATESAMPLE
[LOG] SystemI::createSoundInternal             : Multi-sample sound (1 subsounds), create a sample container.
[LOG] SystemI::createSoundInternal             : creating subsound 0/1
[LOG] SystemI::createSample                    : mode 0a000202 length 322816 samples, lengthbytes 176544
[LOG] SystemI::createSample                    : channels = 1
[LOG] SystemI::createSample                    : output = 00000000848CCC88
[LOG] OutputSoftware::createSample             : lengthpcm 322816, lengthbytes 176544, channels 1, format 2, freq 40000, mode 0a00020a
[LOG] SystemI::createSoundInternal             : done.  OpenState now = FMOD_OPENSTATE_READY.

[LOG] SystemI::createSoundInternal             : filename =  : mode 0a000202
[LOG] SystemI::createSoundInternal             : exinfo->cbsize             = 232
[LOG] SystemI::createSoundInternal             : exinfo->length             = 5401504
[LOG] SystemI::createSoundInternal             : exinfo->fileoffset         = 187904
[LOG] SystemI::createSoundInternal             : exinfo->numsubsounds       = 1
[LOG] SystemI::createSoundInternal             : exinfo->inclusionlist      = 000000007996FB28
[LOG] SystemI::createSoundInternal             : exinfo->inclusionlistnum   = 1
[LOG] SystemI::createSoundInternal             : exinfo->suggestedsoundtype = 5
[LOG] SystemI::createSoundInternal             : exinfo->useropen           = 00007FFCBA638650
[LOG] SystemI::createSoundInternal             : exinfo->userclose          = 00007FFCBA6393C0
[LOG] SystemI::createSoundInternal             : exinfo->userread           = 00007FFCBA638730
[LOG] SystemI::createSoundInternal             : exinfo->userseek           = 00007FFCBA6387E0
[LOG] SystemI::createSoundInternal             : exinfo->fileuserdata       = 0000000096B55748
[LOG] SystemI::createSoundInternal             : exinfo->initialseekpostype = 1
[LOG] SystemI::createSoundInternal             : Format has 1 subsounds.
[LOG] SystemI::createSoundInternal             : Create as FMOD_CREATESAMPLE
[LOG] SystemI::createSoundInternal             : Multi-sample sound (1 subsounds), create a sample container.
[LOG] SystemI::createSoundInternal             : creating subsound 0/1
[LOG] SystemI::createSample                    : mode 0a000202 length 10240 samples, lengthbytes 5600
[LOG] SystemI::createSample                    : channels = 1
[LOG] SystemI::createSample                    : output = 00000000848CCC88
[LOG] OutputSoftware::createSample             : lengthpcm 10240, lengthbytes 5600, channels 1, format 2, freq 40000, mode 0a00020a
[LOG] SystemI::createSoundInternal             : done.  OpenState now = FMOD_OPENSTATE_READY.

[LOG] SystemI::createSoundInternal             : filename =  : mode 0a000202
[LOG] SystemI::createSoundInternal             : exinfo->cbsize             = 232
[LOG] SystemI::createSoundInternal             : exinfo->length             = 5401504
[LOG] SystemI::createSoundInternal             : exinfo->fileoffset         = 187904
[LOG] SystemI::createSoundInternal             : exinfo->numsubsounds       = 1
[LOG] SystemI::createSoundInternal             : exinfo->inclusionlist      = 000000007996FB28
[LOG] SystemI::createSoundInternal             : exinfo->inclusionlistnum   = 1
[LOG] SystemI::createSoundInternal             : exinfo->suggestedsoundtype = 5
[LOG] SystemI::createSoundInternal             : exinfo->useropen           = 00007FFCBA638650
[LOG] SystemI::createSoundInternal             : exinfo->userclose          = 00007FFCBA6393C0
[LOG] SystemI::createSoundInternal             : exinfo->userread           = 00007FFCBA638730
[LOG] SystemI::createSoundInternal             : exinfo->userseek           = 00007FFCBA6387E0
[LOG] SystemI::createSoundInternal             : exinfo->fileuserdata       = 0000000096B55748
[LOG] SystemI::createSoundInternal             : exinfo->initialseekpostype = 1
[LOG] SystemI::createSoundInternal             : Format has 1 subsounds.
[LOG] SystemI::createSoundInternal             : Create as FMOD_CREATESAMPLE
[LOG] SystemI::createSoundInternal             : Multi-sample sound (1 subsounds), create a sample container.
[LOG] SystemI::createSoundInternal             : creating subsound 0/1
[LOG] SystemI::createSample                    : mode 0a000202 length 191488 samples, lengthbytes 104736
[LOG] SystemI::createSample                    : channels = 1
[LOG] SystemI::createSample                    : output = 00000000848CCC88
[LOG] OutputSoftware::createSample             : lengthpcm 191488, lengthbytes 104736, channels 1, format 2, freq 40000, mode 0a00020a
[LOG] SystemI::createSoundInternal             : done.  OpenState now = FMOD_OPENSTATE_READY.

[LOG] SystemI::createSoundInternal             : filename =  : mode 0a000202
[LOG] SystemI::createSoundInternal             : exinfo->cbsize             = 232
[LOG] SystemI::createSoundInternal             : exinfo->length             = 5401504
[LOG] SystemI::createSoundInternal             : exinfo->fileoffset         = 187904
[LOG] SystemI::createSoundInternal             : exinfo->numsubsounds       = 1
[LOG] SystemI::createSoundInternal             : exinfo->inclusionlist      = 000000007996FB28
[LOG] SystemI::createSoundInternal             : exinfo->inclusionlistnum   = 1
[LOG] SystemI::createSoundInternal             : exinfo->suggestedsoundtype = 5
[LOG] SystemI::createSoundInternal             : exinfo->useropen           = 00007FFCBA638650
[LOG] SystemI::createSoundInternal             : exinfo->userclose          = 00007FFCBA6393C0
[LOG] SystemI::createSoundInternal             : exinfo->userread           = 00007FFCBA638730
[LOG] SystemI::createSoundInternal             : exinfo->userseek           = 00007FFCBA6387E0
[LOG] SystemI::createSoundInternal             : exinfo->fileuserdata       = 0000000096B55748
[LOG] SystemI::createSoundInternal             : exinfo->initialseekpostype = 1
[LOG] SystemI::createSoundInternal             : Format has 1 subsounds.
[LOG] SystemI::createSoundInternal             : Create as FMOD_CREATESAMPLE
[LOG] SystemI::createSoundInternal             : Multi-sample sound (1 subsounds), create a sample container.
[LOG] SystemI::createSoundInternal             : creating subsound 0/1
[LOG] SystemI::createSample                    : mode 0a000202 length 322816 samples, lengthbytes 176544
[LOG] SystemI::createSample                    : channels = 1
[LOG] SystemI::createSample                    : output = 00000000848CCC88
[LOG] OutputSoftware::createSample             : lengthpcm 322816, lengthbytes 176544, channels 1, format 2, freq 40000, mode 0a00020a
[LOG] SystemI::createSoundInternal             : done.  OpenState now = FMOD_OPENSTATE_READY.

[LOG] SystemI::createSoundInternal             : filename =  : mode 0a000202
[LOG] SystemI::createSoundInternal             : exinfo->cbsize             = 232
[LOG] SystemI::createSoundInternal             : exinfo->length             = 5401504
[LOG] SystemI::createSoundInternal             : exinfo->fileoffset         = 187904
[LOG] SystemI::createSoundInternal             : exinfo->numsubsounds       = 1
[LOG] SystemI::createSoundInternal             : exinfo->inclusionlist      = 000000007996FB28
[LOG] SystemI::createSoundInternal             : exinfo->inclusionlistnum   = 1
[LOG] SystemI::createSoundInternal             : exinfo->suggestedsoundtype = 5
[LOG] SystemI::createSoundInternal             : exinfo->useropen           = 00007FFCBA638650
[LOG] SystemI::createSoundInternal             : exinfo->userclose          = 00007FFCBA6393C0
[LOG] SystemI::createSoundInternal             : exinfo->userread           = 00007FFCBA638730
[LOG] SystemI::createSoundInternal             : exinfo->userseek           = 00007FFCBA6387E0
[LOG] SystemI::createSoundInternal             : exinfo->fileuserdata       = 0000000096B55748
[LOG] SystemI::createSoundInternal             : exinfo->initialseekpostype = 1
[LOG] SystemI::createSoundInternal             : Format has 1 subsounds.
[LOG] SystemI::createSoundInternal             : Create as FMOD_CREATESAMPLE
[LOG] SystemI::createSoundInternal             : Multi-sample sound (1 subsounds), create a sample container.
[LOG] SystemI::createSoundInternal             : creating subsound 0/1
[LOG] SystemI::createSample                    : mode 0a000202 length 422400 samples, lengthbytes 231008
[LOG] SystemI::createSample                    : channels = 1
[LOG] SystemI::createSample                    : output = 00000000848CCC88
[LOG] OutputSoftware::createSample             : lengthpcm 422400, lengthbytes 231008, channels 1, format 2, freq 40000, mode 0a00020a
[LOG] SystemI::createSoundInternal             : done.  OpenState now = FMOD_OPENSTATE_READY.

[LOG] SystemI::createSoundInternal             : filename =  : mode 0a000202
[LOG] SystemI::createSoundInternal             : exinfo->cbsize             = 232
[LOG] SystemI::createSoundInternal             : exinfo->length             = 5401504
[LOG] SystemI::createSoundInternal             : exinfo->fileoffset         = 187904
[LOG] SystemI::createSoundInternal             : exinfo->numsubsounds       = 1
[LOG] SystemI::createSoundInternal             : exinfo->inclusionlist      = 000000007996FB28
[LOG] SystemI::createSoundInternal             : exinfo->inclusionlistnum   = 1
[LOG] SystemI::createSoundInternal             : exinfo->suggestedsoundtype = 5
[LOG] SystemI::createSoundInternal             : exinfo->useropen           = 00007FFCBA638650
[LOG] SystemI::createSoundInternal             : exinfo->userclose          = 00007FFCBA6393C0
[LOG] SystemI::createSoundInternal             : exinfo->userread           = 00007FFCBA638730
[LOG] SystemI::createSoundInternal             : exinfo->userseek           = 00007FFCBA6387E0
[LOG] SystemI::createSoundInternal             : exinfo->fileuserdata       = 0000000096B55748
[LOG] SystemI::createSoundInternal             : exinfo->initialseekpostype = 1
[LOG] SystemI::createSoundInternal             : Format has 1 subsounds.
[LOG] SystemI::createSoundInternal             : Create as FMOD_CREATESAMPLE
[LOG] SystemI::createSoundInternal             : Multi-sample sound (1 subsounds), create a sample container.
[LOG] SystemI::createSoundInternal             : creating subsound 0/1
[LOG] SystemI::createSample                    : mode 0a000202 length 145664 samples, lengthbytes 79680
[LOG] SystemI::createSample                    : channels = 1
[LOG] SystemI::createSample                    : output = 00000000848CCC88
[LOG] OutputSoftware::createSample             : lengthpcm 145664, lengthbytes 79680, channels 1, format 2, freq 40000, mode 0a00020a
[LOG] SystemI::createSoundInternal             : done.  OpenState now = FMOD_OPENSTATE_READY.

[LOG] SystemI::createSoundInternal             : filename =  : mode 0a000202
[LOG] SystemI::createSoundInternal             : exinfo->cbsize             = 232
[LOG] SystemI::createSoundInternal             : exinfo->length             = 5401504
[LOG] SystemI::createSoundInternal             : exinfo->fileoffset         = 187904
[LOG] SystemI::createSoundInternal             : exinfo->numsubsounds       = 1
[LOG] SystemI::createSoundInternal             : exinfo->inclusionlist      = 000000007996FB28
[LOG] SystemI::createSoundInternal             : exinfo->inclusionlistnum   = 1
[LOG] SystemI::createSoundInternal             : exinfo->suggestedsoundtype = 5
[LOG] SystemI::createSoundInternal             : exinfo->useropen           = 00007FFCBA638650
[LOG] SystemI::createSoundInternal             : exinfo->userclose          = 00007FFCBA6393C0
[LOG] SystemI::createSoundInternal             : exinfo->userread           = 00007FFCBA638730
[LOG] SystemI::createSoundInternal             : exinfo->userseek           = 00007FFCBA6387E0
[LOG] SystemI::createSoundInternal             : exinfo->fileuserdata       = 0000000096B55748
[LOG] SystemI::createSoundInternal             : exinfo->initialseekpostype = 1
[LOG] SystemI::createSoundInternal             : Format has 1 subsounds.
[LOG] SystemI::createSoundInternal             : Create as FMOD_CREATESAMPLE
[LOG] SystemI::createSoundInternal             : Multi-sample sound (1 subsounds), create a sample container.
[LOG] SystemI::createSoundInternal             : creating subsound 0/1
[LOG] SystemI::createSample                    : mode 0a000202 length 10240 samples, lengthbytes 5600
[LOG] SystemI::createSample                    : channels = 1
[LOG] SystemI::createSample                    : output = 00000000848CCC88
[LOG] OutputSoftware::createSample             : lengthpcm 10240, lengthbytes 5600, channels 1, format 2, freq 40000, mode 0a00020a
[LOG] SystemI::createSoundInternal             : done.  OpenState now = FMOD_OPENSTATE_READY.

[LOG] SystemI::createSoundInternal             : filename =  : mode 0a000202
[LOG] SystemI::createSoundInternal             : exinfo->cbsize             = 232
[LOG] SystemI::createSoundInternal             : exinfo->length             = 5401504
[LOG] SystemI::createSoundInternal             : exinfo->fileoffset         = 187904
[LOG] SystemI::createSoundInternal             : exinfo->numsubsounds       = 1
[LOG] SystemI::createSoundInternal             : exinfo->inclusionlist      = 000000007996FB28
[LOG] SystemI::createSoundInternal             : exinfo->inclusionlistnum   = 1
[LOG] SystemI::createSoundInternal             : exinfo->suggestedsoundtype = 5
[LOG] SystemI::createSoundInternal             : exinfo->useropen           = 00007FFCBA638650
[LOG] SystemI::createSoundInternal             : exinfo->userclose          = 00007FFCBA6393C0
[LOG] SystemI::createSoundInternal             : exinfo->userread           = 00007FFCBA638730
[LOG] SystemI::createSoundInternal             : exinfo->userseek           = 00007FFCBA6387E0
[LOG] SystemI::createSoundInternal             : exinfo->fileuserdata       = 0000000096B55748
[LOG] SystemI::createSoundInternal             : exinfo->initialseekpostype = 1
[LOG] SystemI::createSoundInternal             : Format has 1 subsounds.
[LOG] SystemI::createSoundInternal             : Create as FMOD_CREATESAMPLE
[LOG] SystemI::createSoundInternal             : Multi-sample sound (1 subsounds), create a sample container.
[LOG] SystemI::createSoundInternal             : creating subsound 0/1
[LOG] SystemI::createSample                    : mode 0a000202 length 84224 samples, lengthbytes 46080
[LOG] SystemI::createSample                    : channels = 1
[LOG] SystemI::createSample                    : output = 00000000848CCC88
[LOG] OutputSoftware::createSample             : lengthpcm 84224, lengthbytes 46080, channels 1, format 2, freq 40000, mode 0a00020a
[LOG] SystemI::createSoundInternal             : done.  OpenState now = FMOD_OPENSTATE_READY.

[LOG] SystemI::createSoundInternal             : filename =  : mode 0a000202
[LOG] SystemI::createSoundInternal             : exinfo->cbsize             = 232
[LOG] SystemI::createSoundInternal             : exinfo->length             = 5401504
[LOG] SystemI::createSoundInternal             : exinfo->fileoffset         = 187904
[LOG] SystemI::createSoundInternal             : exinfo->numsubsounds       = 1
[LOG] SystemI::createSoundInternal             : exinfo->inclusionlist      = 000000007996FB28
[LOG] SystemI::createSoundInternal             : exinfo->inclusionlistnum   = 1
[LOG] SystemI::createSoundInternal             : exinfo->suggestedsoundtype = 5
[LOG] SystemI::createSoundInternal             : exinfo->useropen           = 00007FFCBA638650
[LOG] SystemI::createSoundInternal             : exinfo->userclose          = 00007FFCBA6393C0
[LOG] SystemI::createSoundInternal             : exinfo->userread           = 00007FFCBA638730
[LOG] SystemI::createSoundInternal             : exinfo->userseek           = 00007FFCBA6387E0
[LOG] SystemI::createSoundInternal             : exinfo->fileuserdata       = 0000000096B55748
[LOG] SystemI::createSoundInternal             : exinfo->initialseekpostype = 1
[LOG] SystemI::createSoundInternal             : Format has 1 subsounds.
[LOG] SystemI::createSoundInternal             : Create as FMOD_CREATESAMPLE
[LOG] SystemI::createSoundInternal             : Multi-sample sound (1 subsounds), create a sample container.
[LOG] SystemI::createSoundInternal             : creating subsound 0/1
[LOG] SystemI::createSample                    : mode 0a000202 length 10240 samples, lengthbytes 5600
[LOG] SystemI::createSample                    : channels = 1
[LOG] SystemI::createSample                    : output = 00000000848CCC88
[LOG] OutputSoftware::createSample             : lengthpcm 10240, lengthbytes 5600, channels 1, format 2, freq 40000, mode 0a00020a
[LOG] SystemI::createSoundInternal             : done.  OpenState now = FMOD_OPENSTATE_READY.

[LOG] SystemI::createSoundInternal             : filename =  : mode 0a000202
[LOG] SystemI::createSoundInternal             : exinfo->cbsize             = 232
[LOG] SystemI::createSoundInternal             : exinfo->length             = 5401504
[LOG] SystemI::createSoundInternal             : exinfo->fileoffset         = 187904
[LOG] SystemI::createSoundInternal             : exinfo->numsubsounds       = 1
[LOG] SystemI::createSoundInternal             : exinfo->inclusionlist      = 000000007996FB28
[LOG] SystemI::createSoundInternal             : exinfo->inclusionlistnum   = 1
[LOG] SystemI::createSoundInternal             : exinfo->suggestedsoundtype = 5
[LOG] SystemI::createSoundInternal             : exinfo->useropen           = 00007FFCBA638650
[LOG] SystemI::createSoundInternal             : exinfo->userclose          = 00007FFCBA6393C0
[LOG] SystemI::createSoundInternal             : exinfo->userread           = 00007FFCBA638730
[LOG] SystemI::createSoundInternal             : exinfo->userseek           = 00007FFCBA6387E0
[LOG] SystemI::createSoundInternal             : exinfo->fileuserdata       = 0000000096B55748
[LOG] SystemI::createSoundInternal             : exinfo->initialseekpostype = 1
[LOG] SystemI::createSoundInternal             : Format has 1 subsounds.
[LOG] SystemI::createSoundInternal             : Create as FMOD_CREATESAMPLE
[LOG] SystemI::createSoundInternal             : Multi-sample sound (1 subsounds), create a sample container.
[LOG] SystemI::createSoundInternal             : creating subsound 0/1
[LOG] SystemI::createSample                    : mode 0a000202 length 104960 samples, lengthbytes 57408
[LOG] SystemI::createSample                    : channels = 1
[LOG] SystemI::createSample                    : output = 00000000848CCC88
[LOG] OutputSoftware::createSample             : lengthpcm 104960, lengthbytes 57408, channels 1, format 2, freq 40000, mode 0a00020a
[LOG] SystemI::createSoundInternal             : done.  OpenState now = FMOD_OPENSTATE_READY.

[LOG] SystemI::createSoundInternal             : filename =  : mode 0a000202
[LOG] SystemI::createSoundInternal             : exinfo->cbsize             = 232
[LOG] SystemI::createSoundInternal             : exinfo->length             = 5401504
[LOG] SystemI::createSoundInternal             : exinfo->fileoffset         = 187904
[LOG] SystemI::createSoundInternal             : exinfo->numsubsounds       = 1
[LOG] SystemI::createSoundInternal             : exinfo->inclusionlist      = 000000007996FB28
[LOG] SystemI::createSoundInternal             : exinfo->inclusionlistnum   = 1
[LOG] SystemI::createSoundInternal             : exinfo->suggestedsoundtype = 5
[LOG] SystemI::createSoundInternal             : exinfo->useropen           = 00007FFCBA638650
[LOG] SystemI::createSoundInternal             : exinfo->userclose          = 00007FFCBA6393C0
[LOG] SystemI::createSoundInternal             : exinfo->userread           = 00007FFCBA638730
[LOG] SystemI::createSoundInternal             : exinfo->userseek           = 00007FFCBA6387E0
[LOG] SystemI::createSoundInternal             : exinfo->fileuserdata       = 0000000096B55748
[LOG] SystemI::createSoundInternal             : exinfo->initialseekpostype = 1
[LOG] SystemI::createSoundInternal             : Format has 1 subsounds.
[LOG] SystemI::createSoundInternal             : Create as FMOD_CREATESAMPLE
[LOG] SystemI::createSoundInternal             : Multi-sample sound (1 subsounds), create a sample container.
[LOG] SystemI::createSoundInternal             : creating subsound 0/1
[LOG] SystemI::createSample                    : mode 0a000202 length 10240 samples, lengthbytes 5600
[LOG] SystemI::createSample                    : channels = 1
[LOG] SystemI::createSample                    : output = 00000000848CCC88
[LOG] OutputSoftware::createSample             : lengthpcm 10240, lengthbytes 5600, channels 1, format 2, freq 40000, mode 0a00020a
[LOG] SystemI::createSoundInternal             : done.  OpenState now = FMOD_OPENSTATE_READY.

[LOG] SystemI::createSoundInternal             : filename =  : mode 0a000202
[LOG] SystemI::createSoundInternal             : exinfo->cbsize             = 232
[LOG] SystemI::createSoundInternal             : exinfo->length             = 5401504
[LOG] SystemI::createSoundInternal             : exinfo->fileoffset         = 187904
[LOG] SystemI::createSoundInternal             : exinfo->numsubsounds       = 1
[LOG] SystemI::createSoundInternal             : exinfo->inclusionlist      = 000000007996FB28
[LOG] SystemI::createSoundInternal             : exinfo->inclusionlistnum   = 1
[LOG] SystemI::createSoundInternal             : exinfo->suggestedsoundtype = 5
[LOG] SystemI::createSoundInternal             : exinfo->useropen           = 00007FFCBA638650
[LOG] SystemI::createSoundInternal             : exinfo->userclose          = 00007FFCBA6393C0
[LOG] SystemI::createSoundInternal             : exinfo->userread           = 00007FFCBA638730
[LOG] SystemI::createSoundInternal             : exinfo->userseek           = 00007FFCBA6387E0
[LOG] SystemI::createSoundInternal             : exinfo->fileuserdata       = 0000000096B55748
[LOG] SystemI::createSoundInternal             : exinfo->initialseekpostype = 1
[LOG] SystemI::createSoundInternal             : Format has 1 subsounds.
[LOG] SystemI::createSoundInternal             : Create as FMOD_CREATESAMPLE
[LOG] SystemI::createSoundInternal             : Multi-sample sound (1 subsounds), create a sample container.
[LOG] SystemI::createSoundInternal             : creating subsound 0/1
[LOG] SystemI::createSample                    : mode 0a000202 length 191232 samples, lengthbytes 104608
[LOG] SystemI::createSample                    : channels = 1
[LOG] SystemI::createSample                    : output = 00000000848CCC88
[LOG] OutputSoftware::createSample             : lengthpcm 191232, lengthbytes 104608, channels 1, format 2, freq 40000, mode 0a00020a
[LOG] SystemI::createSoundInternal             : done.  OpenState now = FMOD_OPENSTATE_READY.

[LOG] SystemI::createSoundInternal             : filename =  : mode 0a000202
[LOG] SystemI::createSoundInternal             : exinfo->cbsize             = 232
[LOG] SystemI::createSoundInternal             : exinfo->length             = 5401504
[LOG] SystemI::createSoundInternal             : exinfo->fileoffset         = 187904
[LOG] SystemI::createSoundInternal             : exinfo->numsubsounds       = 1
[LOG] SystemI::createSoundInternal             : exinfo->inclusionlist      = 000000007996FB28
[LOG] SystemI::createSoundInternal             : exinfo->inclusionlistnum   = 1
[LOG] SystemI::createSoundInternal             : exinfo->suggestedsoundtype = 5
[LOG] SystemI::createSoundInternal             : exinfo->useropen           = 00007FFCBA638650
[LOG] SystemI::createSoundInternal             : exinfo->userclose          = 00007FFCBA6393C0
[LOG] SystemI::createSoundInternal             : exinfo->userread           = 00007FFCBA638730
[LOG] SystemI::createSoundInternal             : exinfo->userseek           = 00007FFCBA6387E0
[LOG] SystemI::createSoundInternal             : exinfo->fileuserdata       = 0000000096B55748
[LOG] SystemI::createSoundInternal             : exinfo->initialseekpostype = 1
[LOG] SystemI::createSoundInternal             : Format has 1 subsounds.
[LOG] SystemI::createSoundInternal             : Create as FMOD_CREATESAMPLE
[LOG] SystemI::createSoundInternal             : Multi-sample sound (1 subsounds), create a sample container.
[LOG] SystemI::createSoundInternal             : creating subsound 0/1
[LOG] SystemI::createSample                    : mode 0a000202 length 10240 samples, lengthbytes 5600
[LOG] SystemI::createSample                    : channels = 1
[LOG] SystemI::createSample                    : output = 00000000848CCC88
[LOG] OutputSoftware::createSample             : lengthpcm 10240, lengthbytes 5600, channels 1, format 2, freq 40000, mode 0a00020a
[WRN] EventInstance::update                    : Event {c29c6356-7371-49bc-879c-593bbff0726f} waited 208 milliseconds for sample data to load.  Preload sample data to avoid this delay.
[LOG] SystemI::createSoundInternal             : done.  OpenState now = FMOD_OPENSTATE_READY.

[LOG] SystemI::createSoundInternal             : filename =  : mode 0a000202
[LOG] SystemI::createSoundInternal             : exinfo->cbsize             = 232
[LOG] SystemI::createSoundInternal             : exinfo->length             = 5401504
[LOG] SystemI::createSoundInternal             : exinfo->fileoffset         = 187904
[LOG] SystemI::createSoundInternal             : exinfo->numsubsounds       = 1
[LOG] SystemI::createSoundInternal             : exinfo->inclusionlist      = 000000007996FB28
[LOG] SystemI::createSoundInternal             : exinfo->inclusionlistnum   = 1
[LOG] SystemI::createSoundInternal             : exinfo->suggestedsoundtype = 5
[LOG] SystemI::createSoundInternal             : exinfo->useropen           = 00007FFCBA638650
[LOG] SystemI::createSoundInternal             : exinfo->userclose          = 00007FFCBA6393C0
[LOG] SystemI::createSoundInternal             : exinfo->userread           = 00007FFCBA638730
[LOG] SystemI::createSoundInternal             : exinfo->userseek           = 00007FFCBA6387E0
[LOG] SystemI::createSoundInternal             : exinfo->fileuserdata       = 0000000096B55748
[LOG] SystemI::createSoundInternal             : exinfo->initialseekpostype = 1
[LOG] SystemI::createSoundInternal             : Format has 1 subsounds.
[LOG] SystemI::createSoundInternal             : Create as FMOD_CREATESAMPLE
[LOG] SystemI::createSoundInternal             : Multi-sample sound (1 subsounds), create a sample container.
[LOG] SystemI::createSoundInternal             : creating subsound 0/1
[LOG] SystemI::createSample                    : mode 0a000202 length 10240 samples, lengthbytes 5600
[LOG] SystemI::createSample                    : channels = 1
[LOG] SystemI::createSample                    : output = 00000000848CCC88
[LOG] OutputSoftware::createSample             : lengthpcm 10240, lengthbytes 5600, channels 1, format 2, freq 40000, mode 0a00020a
[LOG] SystemI::createSoundInternal             : done.  OpenState now = FMOD_OPENSTATE_READY.

[WRN] EventInstance::update                    : Event {f4dc7751-f4cc-43e9-8ec2-2e2e224774ab} waited 228 milliseconds for sample data to load.  Preload sample data to avoid this delay.
[LOG] SystemI::createSound                     : filename = C:/Users/Pierr/AppData/LocalLow/Electronic Arts/Minions\FMOD\audio_music.bank : mode 0a010082
[LOG] SystemI::createSound                     : FMOD_NONBLOCKING specified.  Putting into queue to be opened asynchronously!
[LOG] Thread::initThread                       : Initializing FMOD nonblocking thread (0).  priority 1
[LOG] Thread::initThread                       : - Stacksize 81920.  Stack pointer 0000000000000000 : usesemaphore = 1 : sleeptime = 0
[LOG] Thread::callback                         : * FMOD nonblocking thread (0) started
[LOG] SystemI::createSound                     : setdata soundi = 000000009533AD48 : node = 00000000A1E3A580
[LOG] SystemI::createSound                     : add node to async list : head = 00000000952B7160.  list count = 0
[LOG] AsyncThread::threadFunc                  : Starting Asynchronous operation on sound 000000009533AD48
[LOG] SystemI::createSoundInternal             :     filename = C:/Users/Pierr/AppData/LocalLow/Electronic Arts/Minions\FMOD\audio_music.bank : mode 0a010082
[LOG] SystemI::createSoundInternal             :     filename =  : mode 0a000202
232
[LOG] SystemI::createSoundInternal             :     exinfo->cbsize             = 232
[LOG] SystemI::createSoundInternal             :     exinfo->length             = 3188768
[LOG] SystemI::createSoundInternal             :     exinfo->fileoffset         = 22912
[LOG] SystemI::createSoundInternal             :     exinfo->length             = 2263264
[LOG] SystemI::createSoundInternal             :     exinfo->numsubsounds       = 1
[LOG] SystemI::createSoundInternal             :     exinfo->fileoffset         = 25728
[LOG] SystemI::createSoundInternal             :     exinfo->inclusionlist      = 00000000A1E3A698
[LOG] SystemI::createSoundInternal             :     exinfo->numsubsounds       = 1
[LOG] SystemI::createSoundInternal             :     exinfo->inclusionlistnum   = 1
[LOG] SystemI::createSoundInternal             :     exinfo->inclusionlist      = 000000007996FB28
[LOG] SystemI::createSoundInternal             :     exinfo->suggestedsoundtype = 5
[LOG] SystemI::createSoundInternal             :     exinfo->inclusionlistnum   = 1
[LOG] SystemI::createSoundInternal             :     exinfo->initialseekpostype = 1
[LOG] SystemI::createSoundInternal             :     exinfo->suggestedsoundtype = 5
[LOG] SystemI::createSoundInternal             :     exinfo->useropen           = 00007FFCBA638650
[LOG] SystemI::createSoundInternal             :     Format has 1 subsounds.
[LOG] SystemI::createSoundInternal             :     exinfo->userclose          = 00007FFCBA6393C0
[LOG] SystemI::createSoundInternal             :     Create as FMOD_CREATESTREAM
[LOG] SystemI::createSoundInternal             :     exinfo->userread           = 00007FFCBA638730
ormat = 2
[LOG] SystemI::createSoundInternal             :     exinfo->userseek           = 00007FFCBA6387E0
[LOG] SystemI::createSample                    :     mode 0a010082 length 15872 samples, lengthbytes 112992
[LOG] SystemI::createSoundInternal             :     exinfo->fileuserdata       = 0000000096B55FC8
[LOG] SystemI::createSample                    :     channels = 1
[LOG] SystemI::createSoundInternal             :     exinfo->initialseekpostype = 1
[LOG] SystemI::createSoundInternal             :     Format has 1 subsounds.
[LOG] OutputSoftware::createSample             :     lengthpcm 15872, lengthbytes 112992, channels 1, format 2, freq 40000, mode 0a01008a
[LOG] SystemI::createSoundInternal             :     Create as FMOD_CREATESAMPLE
[LOG] System::createSoundInternal              :     1 subsounds detected.
[LOG] SystemI::createSoundInternal             :     Multi-sample sound (1 subsounds), create a sample container.
[LOG] System::createSoundInternal              :     Seek stream to start
[LOG] SystemI::createSoundInternal             :     creating subsound 0/1
[LOG] System::createSoundInternal              :     flush stream buffer
[LOG] SystemI::createSample                    :     mode 0a000202 length 88064 samples, lengthbytes 48160
[LOG] System::createSoundInternal              :     flush successful.
[LOG] SystemI::createSample                    :     channels = 1
[LOG] SystemI::createSample                    :     output = 00000000848CCC88
ll blocking single buffered to large nonblocking doublebuffered.
[LOG] OutputSoftware::createSample             :     lengthpcm 88064, lengthbytes 48160, channels 1, format 2, freq 40000, mode 0a00020a
[LOG] Thread::initThread                       :         Initializing FMOD file thread.  priority 1
[LOG] SystemI::createSoundInternal             :         done.  OpenState now = FMOD_OPENSTATE_READY.

[LOG] Thread::initThread                       :         - Stacksize 16384.  Stack pointer 0000000000000000 : usesemaphore = 0 : sleeptime = 10
[LOG] SystemI::createSoundInternal             :         filename =  : mode 0a000202
[LOG] Thread::callback                         :         * FMOD file thread started
[LOG] SystemI::createSoundInternal             :         exinfo->cbsize             = 232
READY.

[LOG] AsyncThread::threadFunc                  : Finished Asynchronous operation on sound 000000009533AD48
[LOG] SystemI::createSoundInternal             : exinfo->length             = 1166848
[LOG] SystemI::createSoundInternal             : exinfo->fileoffset         = 13568
[LOG] SystemI::createSoundInternal             : exinfo->numsubsounds       = 1
[LOG] SystemI::createSoundInternal             : exinfo->inclusionlist      = 000000007996FB28
[LOG] SystemI::createSoundInternal             : exinfo->inclusionlistnum   = 1
[LOG] SystemI::createSoundInternal             : exinfo->suggestedsoundtype = 5
[LOG] SystemI::createSoundInternal             : exinfo->useropen           = 00007FFCBA638650
[LOG] SystemI::createSoundInternal             : exinfo->userclose          = 00007FFCBA6393C0
[LOG] SystemI::createSoundInternal             : exinfo->userread           = 00007FFCBA638730
[LOG] SystemI::createSoundInternal             : exinfo->userseek           = 00007FFCBA6387E0
[LOG] SystemI::createSoundInternal             : exinfo->fileuserdata       = 0000000096B57948
[LOG] SystemI::createSoundInternal             : exinfo->initialseekpostype = 1
[LOG] SystemI::createSoundInternal             : Format has 1 subsounds.
[LOG] SystemI::createSoundInternal             : Create as FMOD_CREATESAMPLE
[LOG] SystemI::createSoundInternal             : Multi-sample sound (1 subsounds), create a sample container.
[LOG] SystemI::createSoundInternal             : creating subsound 0/1
[LOG] SystemI::createSample                    : mode 0a000202 length 85248 samples, lengthbytes 46624
[LOG] SystemI::createSample                    : channels = 1
[LOG] SystemI::createSample                    : output = 00000000848CCC88
[LOG] OutputSoftware::createSample             : lengthpcm 85248, lengthbytes 46624, channels 1, format 2, freq 40000, mode 0a00020a
[LOG] SystemI::createSoundInternal             : done.  OpenState now = FMOD_OPENSTATE_READY.

[LOG] SystemI::createSoundInternal             : filename =  : mode 0a000202
[LOG] SystemI::createSoundInternal             : exinfo->cbsize             = 232
[LOG] SystemI::createSoundInternal             : exinfo->length             = 106400
[LOG] SystemI::createSoundInternal             : exinfo->fileoffset         = 5696
[LOG] SystemI::createSoundInternal             : exinfo->numsubsounds       = 1
[LOG] SystemI::createSoundInternal             : exinfo->inclusionlist      = 000000007996FB28
[LOG] SystemI::createSoundInternal             : exinfo->inclusionlistnum   = 1
[LOG] SystemI::createSoundInternal             : exinfo->suggestedsoundtype = 5
[LOG] SystemI::createSoundInternal             : exinfo->useropen           = 00007FFCBA638650
[LOG] SystemI::createSoundInternal             : exinfo->userclose          = 00007FFCBA6393C0
[LOG] SystemI::createSoundInternal             : exinfo->userread           = 00007FFCBA638730
[LOG] SystemI::createSoundInternal             : exinfo->userseek           = 00007FFCBA6387E0
[LOG] SystemI::createSoundInternal             : exinfo->fileuserdata       = 0000000096B55FC8
[LOG] SystemI::createSoundInternal             : exinfo->initialseekpostype = 1
[LOG] SystemI::createSoundInternal             : Format has 1 subsounds.
[LOG] SoundI::getSubSound                      : sound 000000009533AD48.  Subsound index 0 / 1
[LOG] SystemI::createSoundInternal             : Create as FMOD_CREATESAMPLE
[LOG] SystemI::createSoundInternal             : Multi-sample sound (1 subsounds), create a sample container.
[LOG] SystemI::createSoundInternal             : creating subsound 0/1
[LOG] SystemI::createSample                    : mode 0a000202 length 9216 samples, lengthbytes 5056
[LOG] SystemI::createSample                    : channels = 1
[LOG] SystemI::createSample                    : output = 00000000848CCC88
[LOG] OutputSoftware::createSample             : lengthpcm 9216, lengthbytes 5056, channels 1, format 2, freq 40000, mode 0a00020a
[LOG] SystemI::createSoundInternal             : done.  OpenState now = FMOD_OPENSTATE_READY.

[LOG] SystemI::createSoundInternal             : filename =  : mode 0a000202
[LOG] SystemI::createSoundInternal             : exinfo->cbsize             = 232
[LOG] SystemI::createSoundInternal             : exinfo->length             = 106400
[LOG] SystemI::createSoundInternal             : exinfo->fileoffset         = 5696
[LOG] SystemI::createSoundInternal             : exinfo->numsubsounds       = 1
[LOG] SystemI::createSoundInternal             : exinfo->inclusionlist      = 000000007996FB28
[LOG] SystemI::createSoundInternal             : exinfo->inclusionlistnum   = 1
[LOG] SystemI::createSoundInternal             : exinfo->suggestedsoundtype = 5
[LOG] SystemI::createSoundInternal             : exinfo->useropen           = 00007FFCBA638650
[LOG] SystemI::createSoundInternal             : exinfo->userclose          = 00007FFCBA6393C0
[LOG] SystemI::createSoundInternal             : exinfo->userread           = 00007FFCBA638730
[LOG] SystemI::createSoundInternal             : exinfo->userseek           = 00007FFCBA6387E0
[LOG] SystemI::createSoundInternal             : exinfo->fileuserdata       = 0000000096B55FC8
[LOG] SystemI::createSoundInternal             : exinfo->initialseekpostype = 1
[LOG] SystemI::createSoundInternal             : Format has 1 subsounds.
[LOG] SystemI::createSoundInternal             : Create as FMOD_CREATESAMPLE
[LOG] SystemI::createSoundInternal             : Multi-sample sound (1 subsounds), create a sample container.
[LOG] SystemI::createSoundInternal             : creating subsound 0/1
[LOG] SystemI::createSample                    : mode 0a000202 length 9216 samples, lengthbytes 5056
[LOG] SystemI::createSample                    : channels = 1
[LOG] SystemI::createSample                    : output = 00000000848CCC88
[LOG] OutputSoftware::createSample             : lengthpcm 9216, lengthbytes 5056, channels 1, format 2, freq 40000, mode 0a00020a
[LOG] SystemI::createSoundInternal             : done.  OpenState now = FMOD_OPENSTATE_READY.

[LOG] SystemI::createSoundInternal             : filename =  : mode 0a000202
[LOG] SystemI::createSoundInternal             : exinfo->cbsize             = 232
[LOG] SystemI::createSoundInternal             : exinfo->length             = 887488
[LOG] SystemI::createSoundInternal             : exinfo->fileoffset         = 6560
[LOG] SystemI::createSoundInternal             : exinfo->numsubsounds       = 1
[LOG] SystemI::createSoundInternal             : exinfo->inclusionlist      = 000000007996FB28
[LOG] SystemI::createSoundInternal             : exinfo->inclusionlistnum   = 1
[LOG] SystemI::createSoundInternal             : exinfo->suggestedsoundtype = 5
[LOG] SystemI::createSoundInternal             : exinfo->useropen           = 00007FFCBA638650
[WRN] EventInstance::update                    : Event {770c4455-ffd6-4ba0-affb-7ec12356e98f} waited 54 milliseconds for sample data to load.  Preload sample data to avoid this delay.
[LOG] SystemI::createSoundInternal             : exinfo->userread           = 00007FFCBA638730
[LOG] SystemI::createSoundInternal             : exinfo->userseek           = 00007FFCBA6387E0
[LOG] SystemI::createSoundInternal             : exinfo->fileuserdata       = 0000000096B57948
[LOG] SystemI::createSoundInternal             : exinfo->initialseekpostype = 1
[LOG] SystemI::createSoundInternal             : Format has 1 subsounds.
[LOG] SystemI::createSoundInternal             : Create as FMOD_CREATESAMPLE
[LOG] SystemI::createSoundInternal             : Multi-sample sound (1 subsounds), create a sample container.
[LOG] SystemI::createSoundInternal             : creating subsound 0/1
[LOG] SystemI::createSample                    : mode 0a000202 length 299008 samples, lengthbytes 163520
[LOG] SystemI::createSample                    : channels = 1
[LOG] SystemI::createSample                    : output = 00000000848CCC88
[LOG] OutputSoftware::createSample             : lengthpcm 299008, lengthbytes 163520, channels 1, format 2, freq 40000, mode 0a00020a
[LOG] SystemI::createSoundInternal             : done.  OpenState now = FMOD_OPENSTATE_READY.

[LOG] SystemI::createSoundInternal             : filename =  : mode 0a000202
[LOG] SystemI::createSoundInternal             : exinfo->cbsize             = 232
[LOG] SystemI::createSoundInternal             : exinfo->length             = 1372864
[LOG] SystemI::createSoundInternal             : exinfo->fileoffset         = 16768
[LOG] SystemI::createSoundInternal             : exinfo->numsubsounds       = 1
[LOG] SystemI::createSoundInternal             : exinfo->inclusionlist      = 000000007996FB28
[LOG] SystemI::createSoundInternal             : exinfo->inclusionlistnum   = 1
[LOG] SystemI::createSoundInternal             : exinfo->suggestedsoundtype = 5
[LOG] SystemI::createSoundInternal             : exinfo->useropen           = 00007FFCBA638650
[LOG] SystemI::createSoundInternal             : exinfo->userclose          = 00007FFCBA6393C0
[LOG] SystemI::createSoundInternal             : exinfo->userread           = 00007FFCBA638730
[LOG] SystemI::createSoundInternal             : exinfo->userseek           = 00007FFCBA6387E0
[LOG] SystemI::createSoundInternal             : exinfo->fileuserdata       = 0000000096B56C88
[LOG] SystemI::createSoundInternal             : exinfo->initialseekpostype = 1
[LOG] SystemI::createSoundInternal             : Format has 1 subsounds.
[LOG] SystemI::createSoundInternal             : Create as FMOD_CREATESAMPLE
[LOG] SystemI::createSoundInternal             : Multi-sample sound (1 subsounds), create a sample container.
[LOG] SystemI::createSoundInternal             : creating subsound 0/1
[LOG] SystemI::createSample                    : mode 0a000202 length 100352 samples, lengthbytes 54880
[LOG] SystemI::createSample                    : channels = 1
[LOG] SystemI::createSample                    : output = 00000000848CCC88
[LOG] OutputSoftware::createSample             : lengthpcm 100352, lengthbytes 54880, channels 1, format 2, freq 40000, mode 0a00020a
[LOG] SystemI::createSoundInternal             : done.  OpenState now = FMOD_OPENSTATE_READY.

[WRN] EventInstance::update                    : Event {0d503561-8a02-4f96-b616-befa33a7a6b4} waited 74 milliseconds for sample data to load.  Preload sample data to avoid this delay.
[WRN] EventInstance::update                    : Event {806ce0f9-a5a3-4e1c-899f-2056b38f0b29} waited 74 milliseconds for sample data to load.  Preload sample data to avoid this delay.
[LOG] SystemI::createSoundInternal             : filename =  : mode 0a000202
[LOG] SystemI::createSoundInternal             : exinfo->cbsize             = 232
[LOG] SystemI::createSoundInternal             : exinfo->length             = 696480
[LOG] SystemI::createSoundInternal             : exinfo->fileoffset         = 21792
[LOG] SystemI::createSoundInternal             : exinfo->numsubsounds       = 1
[LOG] SystemI::createSoundInternal             : exinfo->inclusionlist      = 000000007996FB28
[LOG] SystemI::createSoundInternal             : exinfo->inclusionlistnum   = 1
[LOG] SystemI::createSoundInternal             : exinfo->suggestedsoundtype = 5
[LOG] SystemI::createSoundInternal             : exinfo->useropen           = 00007FFCBA638650
[LOG] SystemI::createSoundInternal             : exinfo->userclose          = 00007FFCBA6393C0
[LOG] SystemI::createSoundInternal             : exinfo->userread           = 00007FFCBA638730
[LOG] SystemI::createSoundInternal             : exinfo->userseek           = 00007FFCBA6387E0
[LOG] SystemI::createSoundInternal             : exinfo->fileuserdata       = 0000000096B55FC8
[LOG] SystemI::createSoundInternal             : exinfo->initialseekpostype = 1
[LOG] SystemI::createSoundInternal             : Format has 1 subsounds.
[LOG] SystemI::createSoundInternal             : Create as FMOD_CREATESAMPLE
[LOG] SystemI::createSoundInternal             : Multi-sample sound (1 subsounds), create a sample container.
[LOG] SystemI::createSoundInternal             : creating subsound 0/1
[LOG] SystemI::createSample                    : mode 0a000202 length 26624 samples, lengthbytes 14560
[LOG] SystemI::createSample                    : channels = 1
[LOG] SystemI::createSample                    : output = 00000000848CCC88
[LOG] OutputSoftware::createSample             : lengthpcm 26624, lengthbytes 14560, channels 1, format 2, freq 40000, mode 0a00020a
[LOG] SystemI::createSoundInternal             : done.  OpenState now = FMOD_OPENSTATE_READY.

[LOG] SystemI::createSoundInternal             : filename =  : mode 0a000202
[LOG] SystemI::createSoundInternal             : exinfo->cbsize             = 232
[LOG] SystemI::createSoundInternal             : exinfo->length             = 696480
[LOG] SystemI::createSoundInternal             : exinfo->fileoffset         = 21792
[LOG] SystemI::createSoundInternal             : exinfo->numsubsounds       = 1
[LOG] SystemI::createSoundInternal             : exinfo->inclusionlist      = 000000007996FB28
[LOG] SystemI::createSoundInternal             : exinfo->inclusionlistnum   = 1
[LOG] SystemI::createSoundInternal             : exinfo->suggestedsoundtype = 5
[LOG] SystemI::createSoundInternal             : exinfo->useropen           = 00007FFCBA638650
[LOG] SystemI::createSoundInternal             : exinfo->userclose          = 00007FFCBA6393C0
[LOG] SystemI::createSoundInternal             : exinfo->userread           = 00007FFCBA638730
[LOG] SystemI::createSoundInternal             : exinfo->userseek           = 00007FFCBA6387E0
[LOG] SystemI::createSoundInternal             : exinfo->fileuserdata       = 0000000096B55FC8
[LOG] SystemI::createSoundInternal             : exinfo->initialseekpostype = 1
[LOG] SystemI::createSoundInternal             : Format has 1 subsounds.
[LOG] SystemI::createSoundInternal             : Create as FMOD_CREATESAMPLE
[LOG] SystemI::createSoundInternal             : Multi-sample sound (1 subsounds), create a sample container.
[LOG] SystemI::createSoundInternal             : creating subsound 0/1
[LOG] SystemI::createSample                    : mode 0a000202 length 21504 samples, lengthbytes 11776
[LOG] SystemI::createSample                    : channels = 1
[LOG] SystemI::createSample                    : output = 00000000848CCC88
[LOG] OutputSoftware::createSample             : lengthpcm 21504, lengthbytes 11776, channels 1, format 2, freq 40000, mode 0a00020a
[LOG] SystemI::createSoundInternal             : done.  OpenState now = FMOD_OPENSTATE_READY.

[LOG] SystemI::createSoundInternal             : filename =  : mode 0a000202
[LOG] SystemI::createSoundInternal             : exinfo->cbsize             = 232
[LOG] SystemI::createSoundInternal             : exinfo->length             = 696480
[LOG] SystemI::createSoundInternal             : exinfo->fileoffset         = 21792
[LOG] SystemI::createSoundInternal             : exinfo->numsubsounds       = 1
[LOG] SystemI::createSoundInternal             : exinfo->inclusionlist      = 000000007996FB28
[LOG] SystemI::createSoundInternal             : exinfo->inclusionlistnum   = 1
[LOG] SystemI::createSoundInternal             : exinfo->suggestedsoundtype = 5
[LOG] SystemI::createSoundInternal             : exinfo->useropen           = 00007FFCBA638650
[LOG] SystemI::createSoundInternal             : exinfo->userclose          = 00007FFCBA6393C0
[LOG] SystemI::createSoundInternal             : exinfo->userread           = 00007FFCBA638730
[LOG] SystemI::createSoundInternal             : exinfo->userseek           = 00007FFCBA6387E0
[LOG] SystemI::createSoundInternal             : exinfo->fileuserdata       = 0000000096B55FC8
[LOG] SystemI::createSoundInternal             : exinfo->initialseekpostype = 1
[LOG] SystemI::createSoundInternal             : Format has 1 subsounds.
[LOG] SystemI::createSoundInternal             : Create as FMOD_CREATESAMPLE
[LOG] SystemI::createSoundInternal             : Multi-sample sound (1 subsounds), create a sample container.
[LOG] SystemI::createSoundInternal             : creating subsound 0/1
[LOG] SystemI::createSample                    : mode 0a000202 length 84992 samples, lengthbytes 46496
[LOG] SystemI::createSample                    : channels = 1
[LOG] SystemI::createSample                    : output = 00000000848CCC88
[LOG] OutputSoftware::createSample             : lengthpcm 84992, lengthbytes 46496, channels 1, format 2, freq 40000, mode 0a00020a
[LOG] SystemI::createSoundInternal             : done.  OpenState now = FMOD_OPENSTATE_READY.

[LOG] SystemI::createSoundInternal             : filename =  : mode 0a000202
[LOG] SystemI::createSoundInternal             : exinfo->cbsize             = 232
[LOG] SystemI::createSoundInternal             : exinfo->length             = 5401504
[LOG] SystemI::createSoundInternal             : exinfo->fileoffset         = 187904
[LOG] SystemI::createSoundInternal             : exinfo->numsubsounds       = 1
[LOG] SystemI::createSoundInternal             : exinfo->inclusionlist      = 000000007996FB28
[LOG] SystemI::createSoundInternal             : exinfo->inclusionlistnum   = 1
[LOG] SystemI::createSoundInternal             : exinfo->suggestedsoundtype = 5
[LOG] SystemI::createSoundInternal             : exinfo->useropen           = 00007FFCBA638650
[LOG] SystemI::createSoundInternal             : exinfo->userclose          = 00007FFCBA6393C0
[LOG] SystemI::createSoundInternal             : exinfo->userread           = 00007FFCBA638730
[LOG] SystemI::createSoundInternal             : exinfo->userseek           = 00007FFCBA6387E0
[LOG] SystemI::createSoundInternal             : exinfo->fileuserdata       = 0000000096B55FC8
[LOG] SystemI::createSoundInternal             : exinfo->initialseekpostype = 1
[LOG] SystemI::createSoundInternal             : Format has 1 subsounds.
[LOG] SystemI::createSoundInternal             : Create as FMOD_CREATESAMPLE
[LOG] SystemI::createSoundInternal             : Multi-sample sound (1 subsounds), create a sample container.
[LOG] SystemI::createSoundInternal             : creating subsound 0/1
[LOG] SystemI::createSample                    : mode 0a000202 length 175104 samples, lengthbytes 95776
[LOG] SystemI::createSample                    : channels = 1
[LOG] SystemI::createSample                    : output = 00000000848CCC88
[LOG] OutputSoftware::createSample             : lengthpcm 175104, lengthbytes 95776, channels 1, format 2, freq 40000, mode 0a00020a
[LOG] SystemI::createSoundInternal             : done.  OpenState now = FMOD_OPENSTATE_READY.

[LOG] SystemI::createSoundInternal             : filename =  : mode 0a000202
[LOG] SystemI::createSoundInternal             : exinfo->cbsize             = 232
[LOG] SystemI::createSoundInternal             : exinfo->length             = 5401504
[LOG] SystemI::createSoundInternal             : exinfo->fileoffset         = 187904
[LOG] SystemI::createSoundInternal             : exinfo->numsubsounds       = 1
[LOG] SystemI::createSoundInternal             : exinfo->inclusionlist      = 000000007996FB28
[LOG] SystemI::createSoundInternal             : exinfo->inclusionlistnum   = 1
[LOG] SystemI::createSoundInternal             : exinfo->suggestedsoundtype = 5
[LOG] SystemI::createSoundInternal             : exinfo->useropen           = 00007FFCBA638650
[LOG] SystemI::createSoundInternal             : exinfo->userclose          = 00007FFCBA6393C0
[LOG] SystemI::createSoundInternal             : exinfo->userread           = 00007FFCBA638730
[LOG] SystemI::createSoundInternal             : exinfo->userseek           = 00007FFCBA6387E0
[LOG] SystemI::createSoundInternal             : exinfo->fileuserdata       = 0000000096B55FC8
[LOG] SystemI::createSoundInternal             : exinfo->initialseekpostype = 1
[LOG] SystemI::createSoundInternal             : Format has 1 subsounds.
[LOG] SystemI::createSoundInternal             : Create as FMOD_CREATESAMPLE
[LOG] SystemI::createSoundInternal             : Multi-sample sound (1 subsounds), create a sample container.
[LOG] SystemI::createSoundInternal             : creating subsound 0/1
[LOG] SystemI::createSample                    : mode 0a000202 length 337408 samples, lengthbytes 184544
[LOG] SystemI::createSample                    : channels = 1
[LOG] SystemI::createSample                    : output = 00000000848CCC88
[LOG] OutputSoftware::createSample             : lengthpcm 337408, lengthbytes 184544, channels 1, format 2, freq 40000, mode 0a00020a
[LOG] SystemI::createSoundInternal             : done.  OpenState now = FMOD_OPENSTATE_READY.

[LOG] SystemI::createSoundInternal             : filename =  : mode 0a000202
[LOG] SystemI::createSoundInternal             : exinfo->cbsize             = 232
[LOG] SystemI::createSoundInternal             : exinfo->length             = 5401504
[LOG] SystemI::createSoundInternal             : exinfo->fileoffset         = 187904
[LOG] SystemI::createSoundInternal             : exinfo->numsubsounds       = 1
[LOG] SystemI::createSoundInternal             : exinfo->inclusionlist      = 000000007996FB28
[LOG] SystemI::createSoundInternal             : exinfo->inclusionlistnum   = 1
[LOG] SystemI::createSoundInternal             : exinfo->suggestedsoundtype = 5
[LOG] SystemI::createSoundInternal             : exinfo->useropen           = 00007FFCBA638650
[LOG] SystemI::createSoundInternal             : exinfo->userclose          = 00007FFCBA6393C0
[LOG] SystemI::createSoundInternal             : exinfo->userread           = 00007FFCBA638730
[LOG] SystemI::createSoundInternal             : exinfo->userseek           = 00007FFCBA6387E0
[LOG] SystemI::createSoundInternal             : exinfo->fileuserdata       = 0000000096B55FC8
[LOG] SystemI::createSoundInternal             : exinfo->initialseekpostype = 1
[LOG] SystemI::createSoundInternal             : Format has 1 subsounds.
[LOG] SystemI::createSoundInternal             : Create as FMOD_CREATESAMPLE
[LOG] SystemI::createSoundInternal             : Multi-sample sound (1 subsounds), create a sample container.
[LOG] SystemI::createSoundInternal             : creating subsound 0/1
[LOG] SystemI::createSample                    : mode 0a000202 length 120320 samples, lengthbytes 65824
[LOG] SystemI::createSample                    : channels = 1
[LOG] SystemI::createSample                    : output = 00000000848CCC88
[LOG] OutputSoftware::createSample             : lengthpcm 120320, lengthbytes 65824, channels 1, format 2, freq 40000, mode 0a00020a
[LOG] SystemI::createSoundInternal             : done.  OpenState now = FMOD_OPENSTATE_READY.

[LOG] SystemI::createSoundInternal             : filename =  : mode 0a000202
[LOG] SystemI::createSoundInternal             : exinfo->cbsize             = 232
[LOG] SystemI::createSoundInternal             : exinfo->length             = 5401504
[LOG] SystemI::createSoundInternal             : exinfo->fileoffset         = 187904
[LOG] SystemI::createSoundInternal             : exinfo->numsubsounds       = 1
[LOG] SystemI::createSoundInternal             : exinfo->inclusionlist      = 000000007996FB28
[LOG] SystemI::createSoundInternal             : exinfo->inclusionlistnum   = 1
[LOG] SystemI::createSoundInternal             : exinfo->suggestedsoundtype = 5
[LOG] SystemI::createSoundInternal             : exinfo->useropen           = 00007FFCBA638650
[LOG] SystemI::createSoundInternal             : exinfo->userclose          = 00007FFCBA6393C0
[LOG] SystemI::createSoundInternal             : exinfo->userread           = 00007FFCBA638730
[LOG] SystemI::createSoundInternal             : exinfo->userseek           = 00007FFCBA6387E0
[LOG] SystemI::createSoundInternal             : exinfo->fileuserdata       = 0000000096B55FC8
[LOG] SystemI::createSoundInternal             : exinfo->initialseekpostype = 1
[LOG] SystemI::createSoundInternal             : Format has 1 subsounds.
[LOG] SystemI::createSoundInternal             : Create as FMOD_CREATESAMPLE
[LOG] SystemI::createSoundInternal             : Multi-sample sound (1 subsounds), create a sample container.
[LOG] SystemI::createSoundInternal             : creating subsound 0/1
[LOG] SystemI::createSample                    : mode 0a000202 length 120320 samples, lengthbytes 65824
[LOG] SystemI::createSample                    : channels = 1
[LOG] SystemI::createSample                    : output = 00000000848CCC88
[LOG] OutputSoftware::createSample             : lengthpcm 120320, lengthbytes 65824, channels 1, format 2, freq 40000, mode 0a00020a
[LOG] SystemI::createSoundInternal             : done.  OpenState now = FMOD_OPENSTATE_READY.

[LOG] SystemI::createSoundInternal             : filename =  : mode 0a000202
[LOG] SystemI::createSoundInternal             : exinfo->cbsize             = 232
[LOG] SystemI::createSoundInternal             : exinfo->length             = 5401504
[LOG] SystemI::createSoundInternal             : exinfo->fileoffset         = 187904
[LOG] SystemI::createSoundInternal             : exinfo->numsubsounds       = 1
[LOG] SystemI::createSoundInternal             : exinfo->inclusionlist      = 000000007996FB28
[LOG] SystemI::createSoundInternal             : exinfo->inclusionlistnum   = 1
[LOG] SystemI::createSoundInternal             : exinfo->suggestedsoundtype = 5
[LOG] SystemI::createSoundInternal             : exinfo->useropen           = 00007FFCBA638650
[LOG] SystemI::createSoundInternal             : exinfo->userclose          = 00007FFCBA6393C0
[LOG] SystemI::createSoundInternal             : exinfo->userread           = 00007FFCBA638730
[LOG] SystemI::createSoundInternal             : exinfo->userseek           = 00007FFCBA6387E0
[LOG] SystemI::createSoundInternal             : exinfo->fileuserdata       = 0000000096B55FC8
[LOG] SystemI::createSoundInternal             : exinfo->initialseekpostype = 1
[LOG] SystemI::createSoundInternal             : Format has 1 subsounds.
[LOG] SystemI::createSoundInternal             : Create as FMOD_CREATESAMPLE
[LOG] SystemI::createSoundInternal             : Multi-sample sound (1 subsounds), create a sample container.
[LOG] SystemI::createSoundInternal             : creating subsound 0/1
[LOG] SystemI::createSample                    : mode 0a000202 length 120320 samples, lengthbytes 65824
[LOG] SystemI::createSample                    : channels = 1
[LOG] SystemI::createSample                    : output = 00000000848CCC88
[LOG] OutputSoftware::createSample             : lengthpcm 120320, lengthbytes 65824, channels 1, format 2, freq 40000, mode 0a00020a
[LOG] SystemI::createSoundInternal             : done.  OpenState now = FMOD_OPENSTATE_READY.

[LOG] SystemI::createSoundInternal             : filename =  : mode 0a000202
[LOG] SystemI::createSoundInternal             : exinfo->cbsize             = 232
[LOG] SystemI::createSoundInternal             : exinfo->length             = 5401504
[LOG] SystemI::createSoundInternal             : exinfo->fileoffset         = 187904
[LOG] SystemI::createSoundInternal             : exinfo->numsubsounds       = 1
[LOG] SystemI::createSoundInternal             : exinfo->inclusionlist      = 000000007996FB28
[LOG] SystemI::createSoundInternal             : exinfo->inclusionlistnum   = 1
[LOG] SystemI::createSoundInternal             : exinfo->suggestedsoundtype = 5
[LOG] SystemI::createSoundInternal             : exinfo->useropen           = 00007FFCBA638650
[LOG] SystemI::createSoundInternal             : exinfo->userclose          = 00007FFCBA6393C0
[LOG] SystemI::createSoundInternal             : exinfo->userread           = 00007FFCBA638730
[LOG] SystemI::createSoundInternal             : exinfo->userseek           = 00007FFCBA6387E0
[LOG] SystemI::createSoundInternal             : exinfo->fileuserdata       = 0000000096B55FC8
[LOG] SystemI::createSoundInternal             : exinfo->initialseekpostype = 1
[LOG] SystemI::createSoundInternal             : Format has 1 subsounds.
[LOG] SystemI::createSoundInternal             : Create as FMOD_CREATESAMPLE
[LOG] SystemI::createSoundInternal             : Multi-sample sound (1 subsounds), create a sample container.
[LOG] SystemI::createSoundInternal             : creating subsound 0/1
[LOG] SystemI::createSample                    : mode 0a000202 length 120320 samples, lengthbytes 65824
[LOG] SystemI::createSample                    : channels = 1
[LOG] SystemI::createSample                    : output = 00000000848CCC88
[LOG] OutputSoftware::createSample             : lengthpcm 120320, lengthbytes 65824, channels 1, format 2, freq 40000, mode 0a00020a
[LOG] SystemI::createSoundInternal             : done.  OpenState now = FMOD_OPENSTATE_READY.

[LOG] SystemI::createSoundInternal             : filename =  : mode 0a000202
[LOG] SystemI::createSoundInternal             : exinfo->cbsize             = 232
[LOG] SystemI::createSoundInternal             : exinfo->length             = 5401504
[LOG] SystemI::createSoundInternal             : exinfo->fileoffset         = 187904
[LOG] SystemI::createSoundInternal             : exinfo->numsubsounds       = 1
[LOG] SystemI::createSoundInternal             : exinfo->inclusionlist      = 000000007996FB28
[LOG] SystemI::createSoundInternal             : exinfo->inclusionlistnum   = 1
[LOG] SystemI::createSoundInternal             : exinfo->suggestedsoundtype = 5
[LOG] SystemI::createSoundInternal             : exinfo->useropen           = 00007FFCBA638650
[LOG] SystemI::createSoundInternal             : exinfo->userclose          = 00007FFCBA6393C0
[LOG] SystemI::createSoundInternal             : exinfo->userread           = 00007FFCBA638730
[LOG] SystemI::createSoundInternal             : exinfo->userseek           = 00007FFCBA6387E0
[LOG] SystemI::createSoundInternal             : exinfo->fileuserdata       = 0000000096B55FC8
[LOG] SystemI::createSoundInternal             : exinfo->initialseekpostype = 1
[LOG] SystemI::createSoundInternal             : Format has 1 subsounds.
[LOG] SystemI::createSoundInternal             : Create as FMOD_CREATESAMPLE
[LOG] SystemI::createSoundInternal             : Multi-sample sound (1 subsounds), create a sample container.
[LOG] SystemI::createSoundInternal             : creating subsound 0/1
[LOG] SystemI::createSample                    : mode 0a000202 length 120320 samples, lengthbytes 65824
[LOG] SystemI::createSample                    : channels = 1
[LOG] SystemI::createSample                    : output = 00000000848CCC88
[LOG] OutputSoftware::createSample             : lengthpcm 120320, lengthbytes 65824, channels 1, format 2, freq 40000, mode 0a00020a
[LOG] SystemI::createSoundInternal             : done.  OpenState now = FMOD_OPENSTATE_READY.

[LOG] SystemI::createSoundInternal             : filename =  : mode 0a000202
[LOG] SystemI::createSoundInternal             : exinfo->cbsize             = 232
[LOG] SystemI::createSoundInternal             : exinfo->length             = 5401504
[LOG] SystemI::createSoundInternal             : exinfo->fileoffset         = 187904
[LOG] SystemI::createSoundInternal             : exinfo->numsubsounds       = 1
[LOG] SystemI::createSoundInternal             : exinfo->inclusionlist      = 000000007996FB28
[LOG] SystemI::createSoundInternal             : exinfo->inclusionlistnum   = 1
[LOG] SystemI::createSoundInternal             : exinfo->suggestedsoundtype = 5
[LOG] SystemI::createSoundInternal             : exinfo->useropen           = 00007FFCBA638650
[LOG] SystemI::createSoundInternal             : exinfo->userclose          = 00007FFCBA6393C0
[LOG] SystemI::createSoundInternal             : exinfo->userread           = 00007FFCBA638730
[LOG] SystemI::createSoundInternal             : exinfo->userseek           = 00007FFCBA6387E0
[LOG] SystemI::createSoundInternal             : exinfo->fileuserdata       = 0000000096B55FC8
[LOG] SystemI::createSoundInternal             : exinfo->initialseekpostype = 1
[LOG] SystemI::createSoundInternal             : Format has 1 subsounds.
[LOG] SystemI::createSoundInternal             : Create as FMOD_CREATESAMPLE
[LOG] SystemI::createSoundInternal             : Multi-sample sound (1 subsounds), create a sample container.
[LOG] SystemI::createSoundInternal             : creating subsound 0/1
[LOG] SystemI::createSample                    : mode 0a000202 length 207360 samples, lengthbytes 113408
[LOG] SystemI::createSample                    : channels = 1
[LOG] SystemI::createSample                    : output = 00000000848CCC88
[LOG] OutputSoftware::createSample             : lengthpcm 207360, lengthbytes 113408, channels 1, format 2, freq 40000, mode 0a00020a
[LOG] SystemI::createSoundInternal             : done.  OpenState now = FMOD_OPENSTATE_READY.

[LOG] SystemI::createSoundInternal             : filename =  : mode 0a000202
[LOG] SystemI::createSoundInternal             : exinfo->cbsize             = 232
[LOG] SystemI::createSoundInternal             : exinfo->length             = 5401504
[LOG] SystemI::createSoundInternal             : exinfo->fileoffset         = 187904
[LOG] SystemI::createSoundInternal             : exinfo->numsubsounds       = 1
[LOG] SystemI::createSoundInternal             : exinfo->inclusionlist      = 000000007996FB28
[LOG] SystemI::createSoundInternal             : exinfo->inclusionlistnum   = 1
[LOG] SystemI::createSoundInternal             : exinfo->suggestedsoundtype = 5
[LOG] SystemI::createSoundInternal             : exinfo->useropen           = 00007FFCBA638650
[LOG] SystemI::createSoundInternal             : exinfo->userclose          = 00007FFCBA6393C0
[LOG] SystemI::createSoundInternal             : exinfo->userread           = 00007FFCBA638730
[LOG] SystemI::createSoundInternal             : exinfo->userseek           = 00007FFCBA6387E0
[LOG] SystemI::createSoundInternal             : exinfo->fileuserdata       = 0000000096B55FC8
[LOG] SystemI::createSoundInternal             : exinfo->initialseekpostype = 1
[LOG] SystemI::createSoundInternal             : Format has 1 subsounds.
[LOG] SystemI::createSoundInternal             : Create as FMOD_CREATESAMPLE
[LOG] SystemI::createSoundInternal             : Multi-sample sound (1 subsounds), create a sample container.
[LOG] SystemI::createSoundInternal             : creating subsound 0/1
[LOG] SystemI::createSample                    : mode 0a000202 length 120320 samples, lengthbytes 65824
[LOG] SystemI::createSample                    : channels = 1
[LOG] SystemI::createSample                    : output = 00000000848CCC88
[LOG] OutputSoftware::createSample             : lengthpcm 120320, lengthbytes 65824, channels 1, format 2, freq 40000, mode 0a00020a
[LOG] SystemI::createSoundInternal             : done.  OpenState now = FMOD_OPENSTATE_READY.

[LOG] SystemI::createSoundInternal             : filename =  : mode 0a000202
[LOG] SystemI::createSoundInternal             : exinfo->cbsize             = 232
[LOG] SystemI::createSoundInternal             : exinfo->length             = 5401504
[LOG] SystemI::createSoundInternal             : exinfo->fileoffset         = 187904
[LOG] SystemI::createSoundInternal             : exinfo->numsubsounds       = 1
[LOG] SystemI::createSoundInternal             : exinfo->inclusionlist      = 000000007996FB28
[LOG] SystemI::createSoundInternal             : exinfo->inclusionlistnum   = 1
[LOG] SystemI::createSoundInternal             : exinfo->suggestedsoundtype = 5
[LOG] SystemI::createSoundInternal             : exinfo->useropen           = 00007FFCBA638650
[LOG] SystemI::createSoundInternal             : exinfo->userclose          = 00007FFCBA6393C0
[LOG] SystemI::createSoundInternal             : exinfo->userread           = 00007FFCBA638730
[LOG] SystemI::createSoundInternal             : exinfo->userseek           = 00007FFCBA6387E0
[LOG] SystemI::createSoundInternal             : exinfo->fileuserdata       = 0000000096B55FC8
[LOG] SystemI::createSoundInternal             : exinfo->initialseekpostype = 1
[LOG] SystemI::createSoundInternal             : Format has 1 subsounds.
[LOG] SystemI::createSoundInternal             : Create as FMOD_CREATESAMPLE
[LOG] SystemI::createSoundInternal             : Multi-sample sound (1 subsounds), create a sample container.
[LOG] SystemI::createSoundInternal             : creating subsound 0/1
[LOG] SystemI::createSample                    : mode 0a000202 length 120320 samples, lengthbytes 65824
[LOG] SystemI::createSample                    : channels = 1
[LOG] SystemI::createSample                    : output = 00000000848CCC88
[LOG] OutputSoftware::createSample             : lengthpcm 120320, lengthbytes 65824, channels 1, format 2, freq 40000, mode 0a00020a
[LOG] SystemI::createSoundInternal             : done.  OpenState now = FMOD_OPENSTATE_READY.

[WRN] EventInstance::update                    : Event {2f612276-921f-4838-9801-30b3eb5c3baa} waited 149 milliseconds for sample data to load.  Preload sample data to avoid this delay.
[LOG] SystemI::createSoundInternal             : filename =  : mode 0a000202
[LOG] SystemI::createSoundInternal             : exinfo->cbsize             = 232
[LOG] SystemI::createSoundInternal             : exinfo->length             = 4556704
[LOG] SystemI::createSoundInternal             : exinfo->fileoffset         = 86400
[LOG] SystemI::createSoundInternal             : exinfo->numsubsounds       = 1
[LOG] SystemI::createSoundInternal             : exinfo->inclusionlist      = 000000007996FB28
[LOG] SystemI::createSoundInternal             : exinfo->inclusionlistnum   = 1
[LOG] SystemI::createSoundInternal             : exinfo->suggestedsoundtype = 5
[LOG] SystemI::createSoundInternal             : exinfo->useropen           = 00007FFCBA638650
[LOG] SystemI::createSoundInternal             : exinfo->userclose          = 00007FFCBA6393C0
[LOG] SystemI::createSoundInternal             : exinfo->userread           = 00007FFCBA638730
[LOG] SystemI::createSoundInternal             : exinfo->userseek           = 00007FFCBA6387E0
[LOG] SystemI::createSoundInternal             : exinfo->fileuserdata       = 0000000096B56EA8
[LOG] SystemI::createSoundInternal             : exinfo->initialseekpostype = 1
[LOG] SystemI::createSoundInternal             : Format has 1 subsounds.
[LOG] SystemI::createSoundInternal             : Create as FMOD_CREATESAMPLE
[LOG] SystemI::createSoundInternal             : Multi-sample sound (1 subsounds), create a sample container.
[LOG] SystemI::createSoundInternal             : creating subsound 0/1
[LOG] SystemI::createSample                    : mode 0a000202 length 18688 samples, lengthbytes 10240
[LOG] SystemI::createSample                    : channels = 1
[LOG] SystemI::createSample                    : output = 00000000848CCC88
[LOG] OutputSoftware::createSample             : lengthpcm 18688, lengthbytes 10240, channels 1, format 2, freq 40000, mode 0a00020a
[LOG] SystemI::createSoundInternal             : done.  OpenState now = FMOD_OPENSTATE_READY.

[LOG] SystemI::createSoundInternal             : filename =  : mode 0a000202
[LOG] SystemI::createSoundInternal             : exinfo->cbsize             = 232
[LOG] SystemI::createSoundInternal             : exinfo->length             = 4556704
[LOG] SystemI::createSoundInternal             : exinfo->fileoffset         = 86400
[LOG] SystemI::createSoundInternal             : exinfo->numsubsounds       = 1
[LOG] SystemI::createSoundInternal             : exinfo->inclusionlist      = 000000007996FB28
[LOG] SystemI::createSoundInternal             : exinfo->inclusionlistnum   = 1
[LOG] SystemI::createSoundInternal             : exinfo->suggestedsoundtype = 5
[LOG] SystemI::createSoundInternal             : exinfo->useropen           = 00007FFCBA638650
[LOG] SystemI::createSoundInternal             : exinfo->userclose          = 00007FFCBA6393C0
[LOG] SystemI::createSoundInternal             : exinfo->userread           = 00007FFCBA638730
[LOG] SystemI::createSoundInternal             : exinfo->userseek           = 00007FFCBA6387E0
[LOG] SystemI::createSoundInternal             : exinfo->fileuserdata       = 0000000096B56EA8
[LOG] SystemI::createSoundInternal             : exinfo->initialseekpostype = 1
[LOG] SystemI::createSoundInternal             : Format has 1 subsounds.
[LOG] SystemI::createSoundInternal             : Create as FMOD_CREATESAMPLE
[LOG] SystemI::createSoundInternal             : Multi-sample sound (1 subsounds), create a sample container.
[LOG] SystemI::createSoundInternal             : creating subsound 0/1
[LOG] SystemI::createSample                    : mode 0a000202 length 34048 samples, lengthbytes 18624
[LOG] SystemI::createSample                    : channels = 1
[LOG] SystemI::createSample                    : output = 00000000848CCC88
[LOG] OutputSoftware::createSample             : lengthpcm 34048, lengthbytes 18624, channels 1, format 2, freq 40000, mode 0a00020a
[LOG] SystemI::createSoundInternal             : done.  OpenState now = FMOD_OPENSTATE_READY.

[LOG] SystemI::createSoundInternal             : filename =  : mode 0a000202
[LOG] SystemI::createSoundInternal             : exinfo->cbsize             = 232
[LOG] SystemI::createSoundInternal             : exinfo->length             = 4556704
[LOG] SystemI::createSoundInternal             : exinfo->fileoffset         = 86400
[LOG] SystemI::createSoundInternal             : exinfo->numsubsounds       = 1
[LOG] SystemI::createSoundInternal             : exinfo->inclusionlist      = 000000007996FB28
[LOG] SystemI::createSoundInternal             : exinfo->inclusionlistnum   = 1
[LOG] SystemI::createSoundInternal             : exinfo->suggestedsoundtype = 5
[LOG] SystemI::createSoundInternal             : exinfo->useropen           = 00007FFCBA638650
[LOG] SystemI::createSoundInternal             : exinfo->userclose          = 00007FFCBA6393C0
[LOG] SystemI::createSoundInternal             : exinfo->userread           = 00007FFCBA638730
[LOG] SystemI::createSoundInternal             : exinfo->userseek           = 00007FFCBA6387E0
[LOG] SystemI::createSoundInternal             : exinfo->fileuserdata       = 0000000096B56EA8
[LOG] SystemI::createSoundInternal             : exinfo->initialseekpostype = 1
[LOG] SystemI::createSoundInternal             : Format has 1 subsounds.
[LOG] SystemI::createSoundInternal             : Create as FMOD_CREATESAMPLE
[LOG] SystemI::createSoundInternal             : Multi-sample sound (1 subsounds), create a sample container.
[LOG] SystemI::createSoundInternal             : creating subsound 0/1
[LOG] SystemI::createSample                    : mode 0a000202 length 95232 samples, lengthbytes 52096
[LOG] SystemI::createSample                    : channels = 1
[LOG] SystemI::createSample                    : output = 00000000848CCC88
[LOG] OutputSoftware::createSample             : lengthpcm 95232, lengthbytes 52096, channels 1, format 2, freq 40000, mode 0a00020a
[LOG] SystemI::createSoundInternal             : done.  OpenState now = FMOD_OPENSTATE_READY.

[LOG] SystemI::createSoundInternal             : filename =  : mode 0a000202
[LOG] SystemI::createSoundInternal             : exinfo->cbsize             = 232
[LOG] SystemI::createSoundInternal             : exinfo->length             = 5401504
[LOG] SystemI::createSoundInternal             : exinfo->fileoffset         = 187904
[LOG] SystemI::createSoundInternal             : exinfo->numsubsounds       = 1
[LOG] SystemI::createSoundInternal             : exinfo->inclusionlist      = 000000007996FB28
[LOG] SystemI::createSoundInternal             : exinfo->inclusionlistnum   = 1
[LOG] SystemI::createSoundInternal             : exinfo->suggestedsoundtype = 5
[LOG] SystemI::createSoundInternal             : exinfo->useropen           = 00007FFCBA638650
[LOG] SystemI::createSoundInternal             : exinfo->userclose          = 00007FFCBA6393C0
[LOG] SystemI::createSoundInternal             : exinfo->userread           = 00007FFCBA638730
[LOG] SystemI::createSoundInternal             : exinfo->userseek           = 00007FFCBA6387E0
[LOG] SystemI::createSoundInternal             : exinfo->fileuserdata       = 0000000096B58608
[LOG] SystemI::createSoundInternal             : exinfo->initialseekpostype = 1
[LOG] SystemI::createSoundInternal             : Format has 1 subsounds.
[LOG] SystemI::createSoundInternal             : Create as FMOD_CREATESAMPLE
[LOG] SystemI::createSoundInternal             : Multi-sample sound (1 subsounds), create a sample container.
[LOG] SystemI::createSoundInternal             : creating subsound 0/1
[LOG] SystemI::createSample                    : mode 0a000202 length 18688 samples, lengthbytes 10240
[LOG] SystemI::createSample                    : channels = 1
[LOG] SystemI::createSample                    : output = 00000000848CCC88
[LOG] OutputSoftware::createSample             : lengthpcm 18688, lengthbytes 10240, channels 1, format 2, freq 40000, mode 0a00020a
[LOG] SystemI::createSoundInternal             : done.  OpenState now = FMOD_OPENSTATE_READY.

[LOG] SystemI::createSoundInternal             : filename =  : mode 0a000202
[LOG] SystemI::createSoundInternal             : exinfo->cbsize             = 232
[LOG] SystemI::createSoundInternal             : exinfo->length             = 5401504
[LOG] SystemI::createSoundInternal             : exinfo->fileoffset         = 187904
[LOG] SystemI::createSoundInternal             : exinfo->numsubsounds       = 1
[LOG] SystemI::createSoundInternal             : exinfo->inclusionlist      = 000000007996FB28
[LOG] SystemI::createSoundInternal             : exinfo->inclusionlistnum   = 1
[LOG] SystemI::createSoundInternal             : exinfo->suggestedsoundtype = 5
[LOG] SystemI::createSoundInternal             : exinfo->useropen           = 00007FFCBA638650
[LOG] SystemI::createSoundInternal             : exinfo->userclose          = 00007FFCBA6393C0
[LOG] SystemI::createSoundInternal             : exinfo->userread           = 00007FFCBA638730
[LOG] SystemI::createSoundInternal             : exinfo->userseek           = 00007FFCBA6387E0
[LOG] SystemI::createSoundInternal             : exinfo->fileuserdata       = 0000000096B58608
[LOG] SystemI::createSoundInternal             : exinfo->initialseekpostype = 1
[LOG] SystemI::createSoundInternal             : Format has 1 subsounds.
[LOG] SystemI::createSoundInternal             : Create as FMOD_CREATESAMPLE
[LOG] SystemI::createSoundInternal             : Multi-sample sound (1 subsounds), create a sample container.
[LOG] SystemI::createSoundInternal             : creating subsound 0/1
[LOG] SystemI::createSample                    : mode 0a000202 length 14336 samples, lengthbytes 7840
[LOG] SystemI::createSample                    : channels = 1
[LOG] SystemI::createSample                    : output = 00000000848CCC88
[LOG] OutputSoftware::createSample             : lengthpcm 14336, lengthbytes 7840, channels 1, format 2, freq 40000, mode 0a00020a
[LOG] SystemI::createSoundInternal             : done.  OpenState now = FMOD_OPENSTATE_READY.

[LOG] SystemI::createSoundInternal             : filename =  : mode 0a000202
[LOG] SystemI::createSoundInternal             : exinfo->cbsize             = 232
[LOG] SystemI::createSoundInternal             : exinfo->length             = 673024
[LOG] SystemI::createSoundInternal             : exinfo->fileoffset         = 45024
[LOG] SystemI::createSoundInternal             : exinfo->numsubsounds       = 1
[LOG] SystemI::createSoundInternal             : exinfo->inclusionlist      = 000000007996FB28
[LOG] SystemI::createSoundInternal             : exinfo->inclusionlistnum   = 1
[LOG] SystemI::createSoundInternal             : exinfo->suggestedsoundtype = 5
[LOG] SystemI::createSoundInternal             : exinfo->useropen           = 00007FFCBA638650
[LOG] SystemI::createSoundInternal             : exinfo->userclose          = 00007FFCBA6393C0
[LOG] SystemI::createSoundInternal             : exinfo->userread           = 00007FFCBA638730
[LOG] SystemI::createSoundInternal             : exinfo->userseek           = 00007FFCBA6387E0
[LOG] SystemI::createSoundInternal             : exinfo->fileuserdata       = 00000000A1C627D8
[LOG] SystemI::createSoundInternal             : exinfo->initialseekpostype = 1
[LOG] SystemI::createSoundInternal             : Format has 1 subsounds.
[LOG] SystemI::createSoundInternal             : Create as FMOD_CREATESAMPLE
[LOG] SystemI::createSoundInternal             : Multi-sample sound (1 subsounds), create a sample container.
[LOG] SystemI::createSoundInternal             : creating subsound 0/1
[LOG] SystemI::createSample                    : mode 0a000202 length 11008 samples, lengthbytes 6048
[LOG] SystemI::createSample                    : channels = 1
[LOG] SystemI::createSample                    : output = 00000000848CCC88
[LOG] OutputSoftware::createSample             : lengthpcm 11008, lengthbytes 6048, channels 1, format 2, freq 40000, mode 0a00020a
[LOG] SystemI::createSoundInternal             : done.  OpenState now = FMOD_OPENSTATE_READY.

[LOG] SystemI::createSoundInternal             : filename =  : mode 0a000202
[LOG] SystemI::createSoundInternal             : exinfo->cbsize             = 232
[LOG] SystemI::createSoundInternal             : exinfo->length             = 673024
[LOG] SystemI::createSoundInternal             : exinfo->fileoffset         = 45024
[LOG] SystemI::createSoundInternal             : exinfo->numsubsounds       = 1
[LOG] SystemI::createSoundInternal             : exinfo->inclusionlist      = 000000007996FB28
[LOG] SystemI::createSoundInternal             : exinfo->inclusionlistnum   = 1
[LOG] SystemI::createSoundInternal             : exinfo->suggestedsoundtype = 5
[LOG] SystemI::createSoundInternal             : exinfo->useropen           = 00007FFCBA638650
[LOG] SystemI::createSoundInternal             : exinfo->userclose          = 00007FFCBA6393C0
[LOG] SystemI::createSoundInternal             : exinfo->userread           = 00007FFCBA638730
[LOG] SystemI::createSoundInternal             : exinfo->userseek           = 00007FFCBA6387E0
[LOG] SystemI::createSoundInternal             : exinfo->fileuserdata       = 00000000A1C627D8
[LOG] SystemI::createSoundInternal             : exinfo->initialseekpostype = 1
[LOG] SystemI::createSoundInternal             : Format has 1 subsounds.
[LOG] SystemI::createSoundInternal             : Create as FMOD_CREATESAMPLE
[LOG] SystemI::createSoundInternal             : Multi-sample sound (1 subsounds), create a sample container.
[LOG] SystemI::createSoundInternal             : creating subsound 0/1
[LOG] SystemI::createSample                    : mode 0a000202 length 46336 samples, lengthbytes 25344
[LOG] SystemI::createSample                    : channels = 1
[LOG] SystemI::createSample                    : output = 00000000848CCC88
[LOG] OutputSoftware::createSample             : lengthpcm 46336, lengthbytes 25344, channels 1, format 2, freq 40000, mode 0a00020a
[LOG] SystemI::createSoundInternal             : done.  OpenState now = FMOD_OPENSTATE_READY.

[LOG] SystemI::createSoundInternal             : filename =  : mode 0a000202
[LOG] SystemI::createSoundInternal             : exinfo->cbsize             = 232
[LOG] SystemI::createSoundInternal             : exinfo->length             = 673024
[LOG] SystemI::createSoundInternal             : exinfo->fileoffset         = 45024
[LOG] SystemI::createSoundInternal             : exinfo->numsubsounds       = 1
[LOG] SystemI::createSoundInternal             : exinfo->inclusionlist      = 000000007996FB28
[LOG] SystemI::createSoundInternal             : exinfo->inclusionlistnum   = 1
[LOG] SystemI::createSoundInternal             : exinfo->suggestedsoundtype = 5
[LOG] SystemI::createSoundInternal             : exinfo->useropen           = 00007FFCBA638650
[LOG] SystemI::createSoundInternal             : exinfo->userclose          = 00007FFCBA6393C0
[LOG] SystemI::createSoundInternal             : exinfo->userread           = 00007FFCBA638730
[LOG] SystemI::createSoundInternal             : exinfo->userseek           = 00007FFCBA6387E0
[LOG] SystemI::createSoundInternal             : exinfo->fileuserdata       = 00000000A1C627D8
[LOG] SystemI::createSoundInternal             : exinfo->initialseekpostype = 1
[LOG] SystemI::createSoundInternal             : Format has 1 subsounds.
[LOG] SystemI::createSoundInternal             : Create as FMOD_CREATESAMPLE
[LOG] SystemI::createSoundInternal             : Multi-sample sound (1 subsounds), create a sample container.
[LOG] SystemI::createSoundInternal             : creating subsound 0/1
[LOG] SystemI::createSample                    : mode 0a000202 length 15104 samples, lengthbytes 8288
[LOG] SystemI::createSample                    : channels = 1
[LOG] SystemI::createSample                    : output = 00000000848CCC88
[LOG] OutputSoftware::createSample             : lengthpcm 15104, lengthbytes 8288, channels 1, format 2, freq 40000, mode 0a00020a
[LOG] SystemI::createSoundInternal             : done.  OpenState now = FMOD_OPENSTATE_READY.

[LOG] SystemI::createSoundInternal             : filename =  : mode 0a000202
[LOG] SystemI::createSoundInternal             : exinfo->cbsize             = 232
[LOG] SystemI::createSoundInternal             : exinfo->length             = 673024
[LOG] SystemI::createSoundInternal             : exinfo->fileoffset         = 45024
[LOG] SystemI::createSoundInternal             : exinfo->numsubsounds       = 1
[LOG] SystemI::createSoundInternal             : exinfo->inclusionlist      = 000000007996FB28
[LOG] SystemI::createSoundInternal             : exinfo->inclusionlistnum   = 1
[LOG] SystemI::createSoundInternal             : exinfo->suggestedsoundtype = 5
[LOG] SystemI::createSoundInternal             : exinfo->useropen           = 00007FFCBA638650
[LOG] SystemI::createSoundInternal             : exinfo->userclose          = 00007FFCBA6393C0
[LOG] SystemI::createSoundInternal             : exinfo->userread           = 00007FFCBA638730
[LOG] SystemI::createSoundInternal             : exinfo->userseek           = 00007FFCBA6387E0
[LOG] SystemI::createSoundInternal             : exinfo->fileuserdata       = 00000000A1C627D8
[LOG] SystemI::createSoundInternal             : exinfo->initialseekpostype = 1
[LOG] SystemI::createSoundInternal             : Format has 1 subsounds.
[LOG] SystemI::createSoundInternal             : Create as FMOD_CREATESAMPLE
[LOG] SystemI::createSoundInternal             : Multi-sample sound (1 subsounds), create a sample container.
[LOG] SystemI::createSoundInternal             : creating subsound 0/1
[LOG] SystemI::createSample                    : mode 0a000202 length 11008 samples, lengthbytes 6048
[LOG] SystemI::createSample                    : channels = 1
[LOG] SystemI::createSample                    : output = 00000000848CCC88
[LOG] OutputSoftware::createSample             : lengthpcm 11008, lengthbytes 6048, channels 1, format 2, freq 40000, mode 0a00020a
[LOG] SystemI::createSoundInternal             : done.  OpenState now = FMOD_OPENSTATE_READY.

[LOG] SystemI::createSoundInternal             : filename =  : mode 0a000202
[LOG] SystemI::createSoundInternal             : exinfo->cbsize             = 232
[LOG] SystemI::createSoundInternal             : exinfo->length             = 673024
[LOG] SystemI::createSoundInternal             : exinfo->fileoffset         = 45024
[LOG] SystemI::createSoundInternal             : exinfo->numsubsounds       = 1
[LOG] SystemI::createSoundInternal             : exinfo->inclusionlist      = 000000007996FB28
[LOG] SystemI::createSoundInternal             : exinfo->inclusionlistnum   = 1
[LOG] SystemI::createSoundInternal             : exinfo->suggestedsoundtype = 5
[LOG] SystemI::createSoundInternal             : exinfo->useropen           = 00007FFCBA638650
[LOG] SystemI::createSoundInternal             : exinfo->userclose          = 00007FFCBA6393C0
[LOG] SystemI::createSoundInternal             : exinfo->userread           = 00007FFCBA638730
[LOG] SystemI::createSoundInternal             : exinfo->userseek           = 00007FFCBA6387E0
[LOG] SystemI::createSoundInternal             : exinfo->fileuserdata       = 00000000A1C627D8
[LOG] SystemI::createSoundInternal             : exinfo->initialseekpostype = 1
[LOG] SystemI::createSoundInternal             : Format has 1 subsounds.
[LOG] SystemI::createSoundInternal             : Create as FMOD_CREATESAMPLE
[LOG] SystemI::createSoundInternal             : Multi-sample sound (1 subsounds), create a sample container.
[LOG] SystemI::createSoundInternal             : creating subsound 0/1
[LOG] SystemI::createSample                    : mode 0a000202 length 9472 samples, lengthbytes 5184
[LOG] SystemI::createSample                    : channels = 1
[LOG] SystemI::createSample                    : output = 00000000848CCC88
[LOG] OutputSoftware::createSample             : lengthpcm 9472, lengthbytes 5184, channels 1, format 2, freq 40000, mode 0a00020a
[LOG] SystemI::createSoundInternal             : done.  OpenState now = FMOD_OPENSTATE_READY.

[LOG] SystemI::createSoundInternal             : filename =  : mode 0a000202
[LOG] SystemI::createSoundInternal             : exinfo->cbsize             = 232
[LOG] SystemI::createSoundInternal             : exinfo->length             = 673024
[LOG] SystemI::createSoundInternal             : exinfo->fileoffset         = 45024
[LOG] SystemI::createSoundInternal             : exinfo->numsubsounds       = 1
[LOG] SystemI::createSoundInternal             : exinfo->inclusionlist      = 000000007996FB28
[LOG] SystemI::createSoundInternal             : exinfo->inclusionlistnum   = 1
[LOG] SystemI::createSoundInternal             : exinfo->suggestedsoundtype = 5
[LOG] SystemI::createSoundInternal             : exinfo->useropen           = 00007FFCBA638650
[LOG] SystemI::createSoundInternal             : exinfo->userclose          = 00007FFCBA6393C0
[LOG] SystemI::createSoundInternal             : exinfo->userread           = 00007FFCBA638730
[LOG] SystemI::createSoundInternal             : exinfo->userseek           = 00007FFCBA6387E0
[LOG] SystemI::createSoundInternal             : exinfo->fileuserdata       = 00000000A1C627D8
[LOG] SystemI::createSoundInternal             : exinfo->initialseekpostype = 1
[LOG] SystemI::createSoundInternal             : Format has 1 subsounds.
[LOG] SystemI::createSoundInternal             : Create as FMOD_CREATESAMPLE
[LOG] SystemI::createSoundInternal             : Multi-sample sound (1 subsounds), create a sample container.
[LOG] SystemI::createSoundInternal             : creating subsound 0/1
[LOG] SystemI::createSample                    : mode 0a000202 length 28160 samples, lengthbytes 15424
[LOG] SystemI::createSample                    : channels = 1
[LOG] SystemI::createSample                    : output = 00000000848CCC88
[LOG] OutputSoftware::createSample             : lengthpcm 28160, lengthbytes 15424, channels 1, format 2, freq 40000, mode 0a00020a
[LOG] SystemI::createSoundInternal             : done.  OpenState now = FMOD_OPENSTATE_READY.

[LOG] SystemI::createSoundInternal             : filename =  : mode 0a000202
[LOG] SystemI::createSoundInternal             : exinfo->cbsize             = 232
[LOG] SystemI::createSoundInternal             : exinfo->length             = 673024
[LOG] SystemI::createSoundInternal             : exinfo->fileoffset         = 45024
[LOG] SystemI::createSoundInternal             : exinfo->numsubsounds       = 1
[LOG] SystemI::createSoundInternal             : exinfo->inclusionlist      = 000000007996FB28
[LOG] SystemI::createSoundInternal             : exinfo->inclusionlistnum   = 1
[LOG] SystemI::createSoundInternal             : exinfo->suggestedsoundtype = 5
[LOG] SystemI::createSoundInternal             : exinfo->useropen           = 00007FFCBA638650
[LOG] SystemI::createSoundInternal             : exinfo->userclose          = 00007FFCBA6393C0
[LOG] SystemI::createSoundInternal             : exinfo->userread           = 00007FFCBA638730
[LOG] SystemI::createSoundInternal             : exinfo->userseek           = 00007FFCBA6387E0
[LOG] SystemI::createSoundInternal             : exinfo->fileuserdata       = 00000000A1C627D8
[LOG] SystemI::createSoundInternal             : exinfo->initialseekpostype = 1
[LOG] SystemI::createSoundInternal             : Format has 1 subsounds.
[LOG] SystemI::createSoundInternal             : Create as FMOD_CREATESAMPLE
[LOG] SystemI::createSoundInternal             : Multi-sample sound (1 subsounds), create a sample container.
[LOG] SystemI::createSoundInternal             : creating subsound 0/1
[LOG] SystemI::createSample                    : mode 0a000202 length 238848 samples, lengthbytes 130624
[LOG] SystemI::createSample                    : channels = 1
[LOG] SystemI::createSample                    : output = 00000000848CCC88
[LOG] OutputSoftware::createSample             : lengthpcm 238848, lengthbytes 130624, channels 1, format 2, freq 40000, mode 0a00020a
[LOG] SystemI::createSoundInternal             : done.  OpenState now = FMOD_OPENSTATE_READY.

[LOG] SystemI::createSoundInternal             : filename =  : mode 0a000202
[LOG] SystemI::createSoundInternal             : exinfo->cbsize             = 232
[LOG] SystemI::createSoundInternal             : exinfo->length             = 673024
[LOG] SystemI::createSoundInternal             : exinfo->fileoffset         = 45024
[LOG] SystemI::createSoundInternal             : exinfo->numsubsounds       = 1
[LOG] SystemI::createSoundInternal             : exinfo->inclusionlist      = 000000007996FB28
[LOG] SystemI::createSoundInternal             : exinfo->inclusionlistnum   = 1
[LOG] SystemI::createSoundInternal             : exinfo->suggestedsoundtype = 5
[LOG] SystemI::createSoundInternal             : exinfo->useropen           = 00007FFCBA638650
[LOG] SystemI::createSoundInternal             : exinfo->userclose          = 00007FFCBA6393C0
[LOG] SystemI::createSoundInternal             : exinfo->userread           = 00007FFCBA638730
[LOG] SystemI::createSoundInternal             : exinfo->userseek           = 00007FFCBA6387E0
[LOG] SystemI::createSoundInternal             : exinfo->fileuserdata       = 00000000A1C627D8
[LOG] SystemI::createSoundInternal             : exinfo->initialseekpostype = 1
[LOG] SystemI::createSoundInternal             : Format has 1 subsounds.
[LOG] SystemI::createSoundInternal             : Create as FMOD_CREATESAMPLE
[LOG] SystemI::createSoundInternal             : Multi-sample sound (1 subsounds), create a sample container.
[LOG] SystemI::createSoundInternal             : creating subsound 0/1
[LOG] SystemI::createSample                    : mode 0a000202 length 44032 samples, lengthbytes 24096
[LOG] SystemI::createSample                    : channels = 1
[LOG] SystemI::createSample                    : output = 00000000848CCC88
[LOG] OutputSoftware::createSample             : lengthpcm 44032, lengthbytes 24096, channels 1, format 2, freq 40000, mode 0a00020a
[LOG] SystemI::createSoundInternal             : done.  OpenState now = FMOD_OPENSTATE_READY.

[LOG] SystemI::createSoundInternal             : filename =  : mode 0a000202
[LOG] SystemI::createSoundInternal             : exinfo->cbsize             = 232
[LOG] SystemI::createSoundInternal             : exinfo->length             = 673024
[LOG] SystemI::createSoundInternal             : exinfo->fileoffset         = 45024
[LOG] SystemI::createSoundInternal             : exinfo->numsubsounds       = 1
[LOG] SystemI::createSoundInternal             : exinfo->inclusionlist      = 000000007996FB28
[LOG] SystemI::createSoundInternal             : exinfo->inclusionlistnum   = 1
[LOG] SystemI::createSoundInternal             : exinfo->suggestedsoundtype = 5
[LOG] SystemI::createSoundInternal             : exinfo->useropen           = 00007FFCBA638650
[LOG] SystemI::createSoundInternal             : exinfo->userclose          = 00007FFCBA6393C0
[LOG] SystemI::createSoundInternal             : exinfo->userread           = 00007FFCBA638730
[LOG] SystemI::createSoundInternal             : exinfo->userseek           = 00007FFCBA6387E0
[LOG] SystemI::createSoundInternal             : exinfo->fileuserdata       = 00000000A1C627D8
[LOG] SystemI::createSoundInternal             : exinfo->initialseekpostype = 1
[LOG] SystemI::createSoundInternal             : Format has 1 subsounds.
[LOG] SystemI::createSoundInternal             : Create as FMOD_CREATESAMPLE
[LOG] SystemI::createSoundInternal             : Multi-sample sound (1 subsounds), create a sample container.
[LOG] SystemI::createSoundInternal             : creating subsound 0/1
[LOG] SystemI::createSample                    : mode 0a000202 length 40192 samples, lengthbytes 21984
[LOG] SystemI::createSample                    : channels = 1
[LOG] SystemI::createSample                    : output = 00000000848CCC88
[LOG] OutputSoftware::createSample             : lengthpcm 40192, lengthbytes 21984, channels 1, format 2, freq 40000, mode 0a00020a
[LOG] SystemI::createSoundInternal             : done.  OpenState now = FMOD_OPENSTATE_READY.

[LOG] SystemI::createSoundInternal             : filename =  : mode 0a000202
[LOG] SystemI::createSoundInternal             : exinfo->cbsize             = 232
[LOG] SystemI::createSoundInternal             : exinfo->length             = 673024
[LOG] SystemI::createSoundInternal             : exinfo->fileoffset         = 45024
[LOG] SystemI::createSoundInternal             : exinfo->numsubsounds       = 1
[LOG] SystemI::createSoundInternal             : exinfo->inclusionlist      = 000000007996FB28
[LOG] SystemI::createSoundInternal             : exinfo->inclusionlistnum   = 1
[LOG] SystemI::createSoundInternal             : exinfo->suggestedsoundtype = 5
[LOG] SystemI::createSoundInternal             : exinfo->useropen           = 00007FFCBA638650
[LOG] SystemI::createSoundInternal             : exinfo->userclose          = 00007FFCBA6393C0
[LOG] SystemI::createSoundInternal             : exinfo->userread           = 00007FFCBA638730
[LOG] SystemI::createSoundInternal             : exinfo->userseek           = 00007FFCBA6387E0
[LOG] SystemI::createSoundInternal             : exinfo->fileuserdata       = 00000000A1C627D8
[LOG] SystemI::createSoundInternal             : exinfo->initialseekpostype = 1
[LOG] SystemI::createSoundInternal             : Format has 1 subsounds.
[LOG] SystemI::createSoundInternal             : Create as FMOD_CREATESAMPLE
[LOG] SystemI::createSoundInternal             : Multi-sample sound (1 subsounds), create a sample container.
[LOG] SystemI::createSoundInternal             : creating subsound 0/1
[LOG] SystemI::createSample                    : mode 0a000202 length 11264 samples, lengthbytes 6176
[LOG] SystemI::createSample                    : channels = 1
[LOG] SystemI::createSample                    : output = 00000000848CCC88
[LOG] OutputSoftware::createSample             : lengthpcm 11264, lengthbytes 6176, channels 1, format 2, freq 40000, mode 0a00020a
[LOG] SystemI::createSoundInternal             : done.  OpenState now = FMOD_OPENSTATE_READY.

[LOG] SystemI::createSoundInternal             : filename =  : mode 0a000202
[LOG] SystemI::createSoundInternal             : exinfo->cbsize             = 232
[LOG] SystemI::createSoundInternal             : exinfo->length             = 673024
[LOG] SystemI::createSoundInternal             : exinfo->fileoffset         = 45024
[LOG] SystemI::createSoundInternal             : exinfo->numsubsounds       = 1
[LOG] SystemI::createSoundInternal             : exinfo->inclusionlist      = 000000007996FB28
[LOG] SystemI::createSoundInternal             : exinfo->inclusionlistnum   = 1
[LOG] SystemI::createSoundInternal             : exinfo->suggestedsoundtype = 5
[LOG] SystemI::createSoundInternal             : exinfo->useropen           = 00007FFCBA638650
[LOG] SystemI::createSoundInternal             : exinfo->userclose          = 00007FFCBA6393C0
[LOG] SystemI::createSoundInternal             : exinfo->userread           = 00007FFCBA638730
[LOG] SystemI::createSoundInternal             : exinfo->userseek           = 00007FFCBA6387E0
[LOG] SystemI::createSoundInternal             : exinfo->fileuserdata       = 00000000A1C627D8
[LOG] SystemI::createSoundInternal             : exinfo->initialseekpostype = 1
[LOG] SystemI::createSoundInternal             : Format has 1 subsounds.
[LOG] SystemI::createSoundInternal             : Create as FMOD_CREATESAMPLE
[LOG] SystemI::createSoundInternal             : Multi-sample sound (1 subsounds), create a sample container.
[LOG] SystemI::createSoundInternal             : creating subsound 0/1
[LOG] SystemI::createSample                    : mode 0a000202 length 11776 samples, lengthbytes 6464
[LOG] SystemI::createSample                    : channels = 1
[LOG] SystemI::createSample                    : output = 00000000848CCC88
[LOG] OutputSoftware::createSample             : lengthpcm 11776, lengthbytes 6464, channels 1, format 2, freq 40000, mode 0a00020a
[LOG] SystemI::createSoundInternal             : done.  OpenState now = FMOD_OPENSTATE_READY.

[LOG] SystemI::createSoundInternal             : filename =  : mode 0a000202
[LOG] SystemI::createSoundInternal             : exinfo->cbsize             = 232
[LOG] SystemI::createSoundInternal             : exinfo->length             = 673024
[LOG] SystemI::createSoundInternal             : exinfo->fileoffset         = 45024
[LOG] SystemI::createSoundInternal             : exinfo->numsubsounds       = 1
[LOG] SystemI::createSoundInternal             : exinfo->inclusionlist      = 000000007996FB28
[LOG] SystemI::createSoundInternal             : exinfo->inclusionlistnum   = 1
[LOG] SystemI::createSoundInternal             : exinfo->suggestedsoundtype = 5
[LOG] SystemI::createSoundInternal             : exinfo->useropen           = 00007FFCBA638650
[LOG] SystemI::createSoundInternal             : exinfo->userclose          = 00007FFCBA6393C0
[LOG] SystemI::createSoundInternal             : exinfo->userread           = 00007FFCBA638730
[LOG] SystemI::createSoundInternal             : exinfo->userseek           = 00007FFCBA6387E0
[LOG] SystemI::createSoundInternal             : exinfo->fileuserdata       = 00000000A1C627D8
[LOG] SystemI::createSoundInternal             : exinfo->initialseekpostype = 1
[LOG] SystemI::createSoundInternal             : Format has 1 subsounds.
[LOG] SystemI::createSoundInternal             : Create as FMOD_CREATESAMPLE
[LOG] SystemI::createSoundInternal             : Multi-sample sound (1 subsounds), create a sample container.
[LOG] SystemI::createSoundInternal             : creating subsound 0/1
[LOG] SystemI::createSample                    : mode 0a000202 length 72704 samples, lengthbytes 39776
[LOG] SystemI::createSample                    : channels = 1
[LOG] SystemI::createSample                    : output = 00000000848CCC88
[LOG] OutputSoftware::createSample             : lengthpcm 72704, lengthbytes 39776, channels 1, format 2, freq 40000, mode 0a00020a
[LOG] SystemI::createSoundInternal             : done.  OpenState now = FMOD_OPENSTATE_READY.

[LOG] SystemI::createSoundInternal             : filename =  : mode 0a000202
[LOG] SystemI::createSoundInternal             : exinfo->cbsize             = 232
[LOG] SystemI::createSoundInternal             : exinfo->length             = 673024
[LOG] SystemI::createSoundInternal             : exinfo->fileoffset         = 45024
[LOG] SystemI::createSoundInternal             : exinfo->numsubsounds       = 1
[LOG] SystemI::createSoundInternal             : exinfo->inclusionlist      = 000000007996FB28
[LOG] SystemI::createSoundInternal             : exinfo->inclusionlistnum   = 1
[LOG] SystemI::createSoundInternal             : exinfo->suggestedsoundtype = 5
[LOG] SystemI::createSoundInternal             : exinfo->useropen           = 00007FFCBA638650
[LOG] SystemI::createSoundInternal             : exinfo->userclose          = 00007FFCBA6393C0
[LOG] SystemI::createSoundInternal             : exinfo->userread           = 00007FFCBA638730
[LOG] SystemI::createSoundInternal             : exinfo->userseek           = 00007FFCBA6387E0
[LOG] SystemI::createSoundInternal             : exinfo->fileuserdata       = 00000000A1C627D8
[LOG] SystemI::createSoundInternal             : exinfo->initialseekpostype = 1
[LOG] SystemI::createSoundInternal             : Format has 1 subsounds.
[LOG] SystemI::createSoundInternal             : Create as FMOD_CREATESAMPLE
[LOG] SystemI::createSoundInternal             : Multi-sample sound (1 subsounds), create a sample container.
[LOG] SystemI::createSoundInternal             : creating subsound 0/1
[LOG] SystemI::createSample                    : mode 0a000202 length 104704 samples, lengthbytes 57280
[LOG] SystemI::createSample                    : channels = 1
[LOG] SystemI::createSample                    : output = 00000000848CCC88
[LOG] OutputSoftware::createSample             : lengthpcm 104704, lengthbytes 57280, channels 1, format 2, freq 40000, mode 0a00020a
[LOG] SystemI::createSoundInternal             : done.  OpenState now = FMOD_OPENSTATE_READY.

[LOG] SystemI::createSoundInternal             : filename =  : mode 0a000202
[LOG] SystemI::createSoundInternal             : exinfo->cbsize             = 232
[LOG] SystemI::createSoundInternal             : exinfo->length             = 673024
[LOG] SystemI::createSoundInternal             : exinfo->fileoffset         = 45024
[LOG] SystemI::createSoundInternal             : exinfo->numsubsounds       = 1
[LOG] SystemI::createSoundInternal             : exinfo->inclusionlist      = 000000007996FB28
[LOG] SystemI::createSoundInternal             : exinfo->inclusionlistnum   = 1
[LOG] SystemI::createSoundInternal             : exinfo->suggestedsoundtype = 5
[LOG] SystemI::createSoundInternal             : exinfo->useropen           = 00007FFCBA638650
[LOG] SystemI::createSoundInternal             : exinfo->userclose          = 00007FFCBA6393C0
[LOG] SystemI::createSoundInternal             : exinfo->userread           = 00007FFCBA638730
[LOG] SystemI::createSoundInternal             : exinfo->userseek           = 00007FFCBA6387E0
[LOG] SystemI::createSoundInternal             : exinfo->fileuserdata       = 00000000A1C627D8
[LOG] SystemI::createSoundInternal             : exinfo->initialseekpostype = 1
[LOG] SystemI::createSoundInternal             : Format has 1 subsounds.
[LOG] SystemI::createSoundInternal             : Create as FMOD_CREATESAMPLE
[LOG] SystemI::createSoundInternal             : Multi-sample sound (1 subsounds), create a sample container.
[LOG] SystemI::createSoundInternal             : creating subsound 0/1
[LOG] SystemI::createSample                    : mode 0a000202 length 21760 samples, lengthbytes 11904
[LOG] SystemI::createSample                    : channels = 1
[LOG] SystemI::createSample                    : output = 00000000848CCC88
[LOG] OutputSoftware::createSample             : lengthpcm 21760, lengthbytes 11904, channels 1, format 2, freq 40000, mode 0a00020a
[LOG] SystemI::createSoundInternal             : done.  OpenState now = FMOD_OPENSTATE_READY.

[LOG] SystemI::createSoundInternal             : filename =  : mode 0a000202
[LOG] SystemI::createSoundInternal             : exinfo->cbsize             = 232
[LOG] SystemI::createSoundInternal             : exinfo->length             = 673024
[LOG] SystemI::createSoundInternal             : exinfo->fileoffset         = 45024
[LOG] SystemI::createSoundInternal             : exinfo->numsubsounds       = 1
[LOG] SystemI::createSoundInternal             : exinfo->inclusionlist      = 000000007996FB28
[LOG] SystemI::createSoundInternal             : exinfo->inclusionlistnum   = 1
[LOG] SystemI::createSoundInternal             : exinfo->suggestedsoundtype = 5
[LOG] SystemI::createSoundInternal             : exinfo->useropen           = 00007FFCBA638650
[LOG] SystemI::createSoundInternal             : exinfo->userclose          = 00007FFCBA6393C0
[LOG] SystemI::createSoundInternal             : exinfo->userread           = 00007FFCBA638730
[LOG] SystemI::createSoundInternal             : exinfo->userseek           = 00007FFCBA6387E0
[LOG] SystemI::createSoundInternal             : exinfo->fileuserdata       = 00000000A1C627D8
[LOG] SystemI::createSoundInternal             : exinfo->initialseekpostype = 1
[LOG] SystemI::createSoundInternal             : Format has 1 subsounds.
[LOG] SystemI::createSoundInternal             : Create as FMOD_CREATESAMPLE
[LOG] SystemI::createSoundInternal             : Multi-sample sound (1 subsounds), create a sample container.
[LOG] SystemI::createSoundInternal             : creating subsound 0/1
[LOG] SystemI::createSample                    : mode 0a000202 length 22528 samples, lengthbytes 12320
[LOG] SystemI::createSample                    : channels = 1
[LOG] SystemI::createSample                    : output = 00000000848CCC88
[LOG] OutputSoftware::createSample             : lengthpcm 22528, lengthbytes 12320, channels 1, format 2, freq 40000, mode 0a00020a
[LOG] SystemI::createSoundInternal             : done.  OpenState now = FMOD_OPENSTATE_READY.

[LOG] SystemI::createSoundInternal             : filename =  : mode 0a000202
[LOG] SystemI::createSoundInternal             : exinfo->cbsize             = 232
[LOG] SystemI::createSoundInternal             : exinfo->length             = 673024
[LOG] SystemI::createSoundInternal             : exinfo->fileoffset         = 45024
[LOG] SystemI::createSoundInternal             : exinfo->numsubsounds       = 1
[LOG] SystemI::createSoundInternal             : exinfo->inclusionlist      = 000000007996FB28
[LOG] SystemI::createSoundInternal             : exinfo->inclusionlistnum   = 1
[LOG] SystemI::createSoundInternal             : exinfo->suggestedsoundtype = 5
[LOG] SystemI::createSoundInternal             : exinfo->useropen           = 00007FFCBA638650
[LOG] SystemI::createSoundInternal             : exinfo->userclose          = 00007FFCBA6393C0
[LOG] SystemI::createSoundInternal             : exinfo->userread           = 00007FFCBA638730
[LOG] SystemI::createSoundInternal             : exinfo->userseek           = 00007FFCBA6387E0
[LOG] SystemI::createSoundInternal             : exinfo->fileuserdata       = 00000000A1C627D8
[LOG] SystemI::createSoundInternal             : exinfo->initialseekpostype = 1
[LOG] SystemI::createSoundInternal             : Format has 1 subsounds.
[LOG] SystemI::createSoundInternal             : Create as FMOD_CREATESAMPLE
[LOG] SystemI::createSoundInternal             : Multi-sample sound (1 subsounds), create a sample container.
[LOG] SystemI::createSoundInternal             : creating subsound 0/1
[LOG] SystemI::createSample                    : mode 0a000202 length 10496 samples, lengthbytes 5760
[LOG] SystemI::createSample                    : channels = 1
[LOG] SystemI::createSample                    : output = 00000000848CCC88
[LOG] OutputSoftware::createSample             : lengthpcm 10496, lengthbytes 5760, channels 1, format 2, freq 40000, mode 0a00020a
[LOG] SystemI::createSoundInternal             : done.  OpenState now = FMOD_OPENSTATE_READY.

[LOG] SystemI::createSoundInternal             : filename =  : mode 0a000202
[LOG] SystemI::createSoundInternal             : exinfo->cbsize             = 232
[LOG] SystemI::createSoundInternal             : exinfo->length             = 673024
[LOG] SystemI::createSoundInternal             : exinfo->fileoffset         = 45024
[LOG] SystemI::createSoundInternal             : exinfo->numsubsounds       = 1
[LOG] SystemI::createSoundInternal             : exinfo->inclusionlist      = 000000007996FB28
[LOG] SystemI::createSoundInternal             : exinfo->inclusionlistnum   = 1
[LOG] SystemI::createSoundInternal             : exinfo->suggestedsoundtype = 5
[LOG] SystemI::createSoundInternal             : exinfo->useropen           = 00007FFCBA638650
[LOG] SystemI::createSoundInternal             : exinfo->userclose          = 00007FFCBA6393C0
[LOG] SystemI::createSoundInternal             : exinfo->userread           = 00007FFCBA638730
[LOG] SystemI::createSoundInternal             : exinfo->userseek           = 00007FFCBA6387E0
[LOG] SystemI::createSoundInternal             : exinfo->fileuserdata       = 00000000A1C627D8
[LOG] SystemI::createSoundInternal             : exinfo->initialseekpostype = 1
[LOG] SystemI::createSoundInternal             : Format has 1 subsounds.
[LOG] SystemI::createSoundInternal             : Create as FMOD_CREATESAMPLE
[LOG] SystemI::createSoundInternal             : Multi-sample sound (1 subsounds), create a sample container.
[LOG] SystemI::createSoundInternal             : creating subsound 0/1
[LOG] SystemI::createSample                    : mode 0a000202 length 9472 samples, lengthbytes 5184
[LOG] SystemI::createSample                    : channels = 1
[LOG] SystemI::createSample                    : output = 00000000848CCC88
[LOG] OutputSoftware::createSample             : lengthpcm 9472, lengthbytes 5184, channels 1, format 2, freq 40000, mode 0a00020a
[LOG] SystemI::createSoundInternal             : done.  OpenState now = FMOD_OPENSTATE_READY.

[LOG] SystemI::createSoundInternal             : filename =  : mode 0a000202
[LOG] SystemI::createSoundInternal             : exinfo->cbsize             = 232
[LOG] SystemI::createSoundInternal             : exinfo->length             = 673024
[LOG] SystemI::createSoundInternal             : exinfo->fileoffset         = 45024
[LOG] SystemI::createSoundInternal             : exinfo->numsubsounds       = 1
[LOG] SystemI::createSoundInternal             : exinfo->inclusionlist      = 000000007996FB28
[LOG] SystemI::createSoundInternal             : exinfo->inclusionlistnum   = 1
[LOG] SystemI::createSoundInternal             : exinfo->suggestedsoundtype = 5
[LOG] SystemI::createSoundInternal             : exinfo->useropen           = 00007FFCBA638650
[LOG] SystemI::createSoundInternal             : exinfo->userclose          = 00007FFCBA6393C0
[LOG] SystemI::createSoundInternal             : exinfo->userread           = 00007FFCBA638730
[LOG] SystemI::createSoundInternal             : exinfo->userseek           = 00007FFCBA6387E0
[LOG] SystemI::createSoundInternal             : exinfo->fileuserdata       = 00000000A1C627D8
[LOG] SystemI::createSoundInternal             : exinfo->initialseekpostype = 1
[LOG] SystemI::createSoundInternal             : Format has 1 subsounds.
[LOG] SystemI::createSoundInternal             : Create as FMOD_CREATESAMPLE
[LOG] SystemI::createSoundInternal             : Multi-sample sound (1 subsounds), create a sample container.
[LOG] SystemI::createSoundInternal             : creating subsound 0/1
[LOG] SystemI::createSample                    : mode 0a000202 length 11520 samples, lengthbytes 6304
[LOG] SystemI::createSample                    : channels = 1
[LOG] SystemI::createSample                    : output = 00000000848CCC88
[LOG] OutputSoftware::createSample             : lengthpcm 11520, lengthbytes 6304, channels 1, format 2, freq 40000, mode 0a00020a
[LOG] SystemI::createSoundInternal             : done.  OpenState now = FMOD_OPENSTATE_READY.

[LOG] SystemI::createSoundInternal             : filename =  : mode 0a000202
[LOG] SystemI::createSoundInternal             : exinfo->cbsize             = 232
[LOG] SystemI::createSoundInternal             : exinfo->length             = 673024
[LOG] SystemI::createSoundInternal             : exinfo->fileoffset         = 45024
[LOG] SystemI::createSoundInternal             : exinfo->numsubsounds       = 1
[LOG] SystemI::createSoundInternal             : exinfo->inclusionlist      = 000000007996FB28
[LOG] SystemI::createSoundInternal             : exinfo->inclusionlistnum   = 1
[LOG] SystemI::createSoundInternal             : exinfo->suggestedsoundtype = 5
[LOG] SystemI::createSoundInternal             : exinfo->useropen           = 00007FFCBA638650
[LOG] SystemI::createSoundInternal             : exinfo->userclose          = 00007FFCBA6393C0
[LOG] SystemI::createSoundInternal             : exinfo->userread           = 00007FFCBA638730
[LOG] SystemI::createSoundInternal             : exinfo->userseek           = 00007FFCBA6387E0
[LOG] SystemI::createSoundInternal             : exinfo->fileuserdata       = 00000000A1C627D8
[LOG] SystemI::createSoundInternal             : exinfo->initialseekpostype = 1
[LOG] SystemI::createSoundInternal             : Format has 1 subsounds.
[LOG] SystemI::createSoundInternal             : Create as FMOD_CREATESAMPLE
[LOG] SystemI::createSoundInternal             : Multi-sample sound (1 subsounds), create a sample container.
[LOG] SystemI::createSoundInternal             : creating subsound 0/1
[LOG] SystemI::createSample                    : mode 0a000202 length 28416 samples, lengthbytes 15552
[LOG] SystemI::createSample                    : channels = 1
[LOG] SystemI::createSample                    : output = 00000000848CCC88
[LOG] OutputSoftware::createSample             : lengthpcm 28416, lengthbytes 15552, channels 1, format 2, freq 40000, mode 0a00020a
[LOG] SystemI::createSoundInternal             : done.  OpenState now = FMOD_OPENSTATE_READY.

[LOG] SystemI::createSoundInternal             : filename =  : mode 0a000202
[LOG] SystemI::createSoundInternal             : exinfo->cbsize             = 232
[LOG] SystemI::createSoundInternal             : exinfo->length             = 673024
[LOG] SystemI::createSoundInternal             : exinfo->fileoffset         = 45024
[LOG] SystemI::createSoundInternal             : exinfo->numsubsounds       = 1
[LOG] SystemI::createSoundInternal             : exinfo->inclusionlist      = 000000007996FB28
[LOG] SystemI::createSoundInternal             : exinfo->inclusionlistnum   = 1
[LOG] SystemI::createSoundInternal             : exinfo->suggestedsoundtype = 5
[LOG] SystemI::createSoundInternal             : exinfo->useropen           = 00007FFCBA638650
[LOG] SystemI::createSoundInternal             : exinfo->userclose          = 00007FFCBA6393C0
[LOG] SystemI::createSoundInternal             : exinfo->userread           = 00007FFCBA638730
[LOG] SystemI::createSoundInternal             : exinfo->userseek           = 00007FFCBA6387E0
[LOG] SystemI::createSoundInternal             : exinfo->fileuserdata       = 00000000A1C627D8
[LOG] SystemI::createSoundInternal             : exinfo->initialseekpostype = 1
[LOG] SystemI::createSoundInternal             : Format has 1 subsounds.
[LOG] SystemI::createSoundInternal             : Create as FMOD_CREATESAMPLE
[LOG] SystemI::createSoundInternal             : Multi-sample sound (1 subsounds), create a sample container.
[LOG] SystemI::createSoundInternal             : creating subsound 0/1
[LOG] SystemI::createSample                    : mode 0a000202 length 44288 samples, lengthbytes 24224
[LOG] SystemI::createSample                    : channels = 1
[LOG] SystemI::createSample                    : output = 00000000848CCC88
[LOG] OutputSoftware::createSample             : lengthpcm 44288, lengthbytes 24224, channels 1, format 2, freq 40000, mode 0a00020a
[LOG] SystemI::createSoundInternal             : done.  OpenState now = FMOD_OPENSTATE_READY.

[LOG] SystemI::createSoundInternal             : filename =  : mode 0a000202
[LOG] SystemI::createSoundInternal             : exinfo->cbsize             = 232
[LOG] SystemI::createSoundInternal             : exinfo->length             = 673024
[LOG] SystemI::createSoundInternal             : exinfo->fileoffset         = 45024
[LOG] SystemI::createSoundInternal             : exinfo->numsubsounds       = 1
[LOG] SystemI::createSoundInternal             : exinfo->inclusionlist      = 000000007996FB28
[LOG] SystemI::createSoundInternal             : exinfo->inclusionlistnum   = 1
[LOG] SystemI::createSoundInternal             : exinfo->suggestedsoundtype = 5
[LOG] SystemI::createSoundInternal             : exinfo->useropen           = 00007FFCBA638650
[LOG] SystemI::createSoundInternal             : exinfo->userclose          = 00007FFCBA6393C0
[LOG] SystemI::createSoundInternal             : exinfo->userread           = 00007FFCBA638730
[LOG] SystemI::createSoundInternal             : exinfo->userseek           = 00007FFCBA6387E0
[LOG] SystemI::createSoundInternal             : exinfo->fileuserdata       = 00000000A1C627D8
[LOG] SystemI::createSoundInternal             : exinfo->initialseekpostype = 1
[LOG] SystemI::createSoundInternal             : Format has 1 subsounds.
[LOG] SystemI::createSoundInternal             : Create as FMOD_CREATESAMPLE
[LOG] SystemI::createSoundInternal             : Multi-sample sound (1 subsounds), create a sample container.
[LOG] SystemI::createSoundInternal             : creating subsound 0/1
[LOG] SystemI::createSample                    : mode 0a000202 length 29184 samples, lengthbytes 15968
[LOG] SystemI::createSample                    : channels = 1
[LOG] SystemI::createSample                    : output = 00000000848CCC88
[LOG] OutputSoftware::createSample             : lengthpcm 29184, lengthbytes 15968, channels 1, format 2, freq 40000, mode 0a00020a
[LOG] SystemI::createSoundInternal             : done.  OpenState now = FMOD_OPENSTATE_READY.

[LOG] SystemI::createSoundInternal             : filename =  : mode 0a000202
[LOG] SystemI::createSoundInternal             : exinfo->cbsize             = 232
[LOG] SystemI::createSoundInternal             : exinfo->length             = 673024
[LOG] SystemI::createSoundInternal             : exinfo->fileoffset         = 45024
[LOG] SystemI::createSoundInternal             : exinfo->numsubsounds       = 1
[LOG] SystemI::createSoundInternal             : exinfo->inclusionlist      = 000000007996FB28
[LOG] SystemI::createSoundInternal             : exinfo->inclusionlistnum   = 1
[LOG] SystemI::createSoundInternal             : exinfo->suggestedsoundtype = 5
[LOG] SystemI::createSoundInternal             : exinfo->useropen           = 00007FFCBA638650
[LOG] SystemI::createSoundInternal             : exinfo->userclose          = 00007FFCBA6393C0
[LOG] SystemI::createSoundInternal             : exinfo->userread           = 00007FFCBA638730
[LOG] SystemI::createSoundInternal             : exinfo->userseek           = 00007FFCBA6387E0
[LOG] SystemI::createSoundInternal             : exinfo->fileuserdata       = 00000000A1C627D8
[LOG] SystemI::createSoundInternal             : exinfo->initialseekpostype = 1
[LOG] SystemI::createSoundInternal             : Format has 1 subsounds.
[LOG] SystemI::createSoundInternal             : Create as FMOD_CREATESAMPLE
[LOG] SystemI::createSoundInternal             : Multi-sample sound (1 subsounds), create a sample container.
[LOG] SystemI::createSoundInternal             : creating subsound 0/1
[LOG] SystemI::createSample                    : mode 0a000202 length 12288 samples, lengthbytes 6720
[LOG] SystemI::createSample                    : channels = 1
[LOG] SystemI::createSample                    : output = 00000000848CCC88
[LOG] OutputSoftware::createSample             : lengthpcm 12288, lengthbytes 6720, channels 1, format 2, freq 40000, mode 0a00020a
[LOG] SystemI::createSoundInternal             : done.  OpenState now = FMOD_OPENSTATE_READY.

[LOG] SystemI::createSoundInternal             : filename =  : mode 0a000202
[LOG] SystemI::createSoundInternal             : exinfo->cbsize             = 232
[LOG] SystemI::createSoundInternal             : exinfo->length             = 673024
[LOG] SystemI::createSoundInternal             : exinfo->fileoffset         = 45024
[LOG] SystemI::createSoundInternal             : exinfo->numsubsounds       = 1
[LOG] SystemI::createSoundInternal             : exinfo->inclusionlist      = 000000007996FB28
[LOG] SystemI::createSoundInternal             : exinfo->inclusionlistnum   = 1
[LOG] SystemI::createSoundInternal             : exinfo->suggestedsoundtype = 5
[LOG] SystemI::createSoundInternal             : exinfo->useropen           = 00007FFCBA638650
[LOG] SystemI::createSoundInternal             : exinfo->userclose          = 00007FFCBA6393C0
[LOG] SystemI::createSoundInternal             : exinfo->userread           = 00007FFCBA638730
[LOG] SystemI::createSoundInternal             : exinfo->userseek           = 00007FFCBA6387E0
[LOG] SystemI::createSoundInternal             : exinfo->fileuserdata       = 00000000A1C627D8
[LOG] SystemI::createSoundInternal             : exinfo->initialseekpostype = 1
[LOG] SystemI::createSoundInternal             : Format has 1 subsounds.
[LOG] SystemI::createSoundInternal             : Create as FMOD_CREATESAMPLE
[LOG] SystemI::createSoundInternal             : Multi-sample sound (1 subsounds), create a sample container.
[LOG] SystemI::createSoundInternal             : creating subsound 0/1
[LOG] SystemI::createSample                    : mode 0a000202 length 20992 samples, lengthbytes 11488
[LOG] SystemI::createSample                    : channels = 1
[LOG] SystemI::createSample                    : output = 00000000848CCC88
[LOG] OutputSoftware::createSample             : lengthpcm 20992, lengthbytes 11488, channels 1, format 2, freq 40000, mode 0a00020a
[LOG] SystemI::createSoundInternal             : done.  OpenState now = FMOD_OPENSTATE_READY.

[LOG] SystemI::createSoundInternal             : filename =  : mode 0a000202
[LOG] SystemI::createSoundInternal             : exinfo->cbsize             = 232
[LOG] SystemI::createSoundInternal             : exinfo->length             = 673024
[LOG] SystemI::createSoundInternal             : exinfo->fileoffset         = 45024
[LOG] SystemI::createSoundInternal             : exinfo->numsubsounds       = 1
[LOG] SystemI::createSoundInternal             : exinfo->inclusionlist      = 000000007996FB28
[LOG] SystemI::createSoundInternal             : exinfo->inclusionlistnum   = 1
[LOG] SystemI::createSoundInternal             : exinfo->suggestedsoundtype = 5
[LOG] SystemI::createSoundInternal             : exinfo->useropen           = 00007FFCBA638650
[LOG] SystemI::createSoundInternal             : exinfo->userclose          = 00007FFCBA6393C0
[LOG] SystemI::createSoundInternal             : exinfo->userread           = 00007FFCBA638730
[LOG] SystemI::createSoundInternal             : exinfo->userseek           = 00007FFCBA6387E0
[LOG] SystemI::createSoundInternal             : exinfo->fileuserdata       = 00000000A1C627D8
[LOG] SystemI::createSoundInternal             : exinfo->initialseekpostype = 1
[LOG] SystemI::createSoundInternal             : Format has 1 subsounds.
[LOG] SystemI::createSoundInternal             : Create as FMOD_CREATESAMPLE
[LOG] SystemI::createSoundInternal             : Multi-sample sound (1 subsounds), create a sample container.
[LOG] SystemI::createSoundInternal             : creating subsound 0/1
[LOG] SystemI::createSample                    : mode 0a000202 length 48384 samples, lengthbytes 26464
[LOG] SystemI::createSample                    : channels = 1
[LOG] SystemI::createSample                    : output = 00000000848CCC88
[LOG] OutputSoftware::createSample             : lengthpcm 48384, lengthbytes 26464, channels 1, format 2, freq 40000, mode 0a00020a
[LOG] SystemI::createSoundInternal             : done.  OpenState now = FMOD_OPENSTATE_READY.

[LOG] SystemI::createSoundInternal             : filename =  : mode 0a000202
[LOG] SystemI::createSoundInternal             : exinfo->cbsize             = 232
[LOG] SystemI::createSoundInternal             : exinfo->length             = 673024
[LOG] SystemI::createSoundInternal             : exinfo->fileoffset         = 45024
[LOG] SystemI::createSoundInternal             : exinfo->numsubsounds       = 1
[LOG] SystemI::createSoundInternal             : exinfo->inclusionlist      = 000000007996FB28
[LOG] SystemI::createSoundInternal             : exinfo->inclusionlistnum   = 1
[LOG] SystemI::createSoundInternal             : exinfo->suggestedsoundtype = 5
[LOG] SystemI::createSoundInternal             : exinfo->useropen           = 00007FFCBA638650
[LOG] SystemI::createSoundInternal             : exinfo->userclose          = 00007FFCBA6393C0
[LOG] SystemI::createSoundInternal             : exinfo->userread           = 00007FFCBA638730
[LOG] SystemI::createSoundInternal             : exinfo->userseek           = 00007FFCBA6387E0
[LOG] SystemI::createSoundInternal             : exinfo->fileuserdata       = 00000000A1C627D8
[LOG] SystemI::createSoundInternal             : exinfo->initialseekpostype = 1
[LOG] SystemI::createSoundInternal             : Format has 1 subsounds.
[LOG] SystemI::createSoundInternal             : Create as FMOD_CREATESAMPLE
[LOG] SystemI::createSoundInternal             : Multi-sample sound (1 subsounds), create a sample container.
[LOG] SystemI::createSoundInternal             : creating subsound 0/1
[LOG] SystemI::createSample                    : mode 0a000202 length 103168 samples, lengthbytes 56448
[LOG] SystemI::createSample                    : channels = 1
[LOG] SystemI::createSample                    : output = 00000000848CCC88
[LOG] OutputSoftware::createSample             : lengthpcm 103168, lengthbytes 56448, channels 1, format 2, freq 40000, mode 0a00020a
[LOG] SystemI::createSoundInternal             : done.  OpenState now = FMOD_OPENSTATE_READY.

[LOG] SystemI::createSoundInternal             : filename =  : mode 0a000202
[LOG] SystemI::createSoundInternal             : exinfo->cbsize             = 232
[LOG] SystemI::createSoundInternal             : exinfo->length             = 673024
[LOG] SystemI::createSoundInternal             : exinfo->fileoffset         = 45024
[LOG] SystemI::createSoundInternal             : exinfo->numsubsounds       = 1
[LOG] SystemI::createSoundInternal             : exinfo->inclusionlist      = 000000007996FB28
[LOG] SystemI::createSoundInternal             : exinfo->inclusionlistnum   = 1
[LOG] SystemI::createSoundInternal             : exinfo->suggestedsoundtype = 5
[LOG] SystemI::createSoundInternal             : exinfo->useropen           = 00007FFCBA638650
[LOG] SystemI::createSoundInternal             : exinfo->userclose          = 00007FFCBA6393C0
[LOG] SystemI::createSoundInternal             : exinfo->userread           = 00007FFCBA638730
[LOG] SystemI::createSoundInternal             : exinfo->userseek           = 00007FFCBA6387E0
[LOG] SystemI::createSoundInternal             : exinfo->fileuserdata       = 00000000A1C627D8
[LOG] SystemI::createSoundInternal             : exinfo->initialseekpostype = 1
[LOG] SystemI::createSoundInternal             : Format has 1 subsounds.
[LOG] SystemI::createSoundInternal             : Create as FMOD_CREATESAMPLE
[LOG] SystemI::createSoundInternal             : Multi-sample sound (1 subsounds), create a sample container.
[LOG] SystemI::createSoundInternal             : creating subsound 0/1
[LOG] SystemI::createSample                    : mode 0a000202 length 14080 samples, lengthbytes 7712
[LOG] SystemI::createSample                    : channels = 1
[LOG] SystemI::createSample                    : output = 00000000848CCC88
[LOG] OutputSoftware::createSample             : lengthpcm 14080, lengthbytes 7712, channels 1, format 2, freq 40000, mode 0a00020a
[LOG] SystemI::createSoundInternal             : done.  OpenState now = FMOD_OPENSTATE_READY.

[LOG] SystemI::createSoundInternal             : filename =  : mode 0a000202
[LOG] SystemI::createSoundInternal             : exinfo->cbsize             = 232
[LOG] SystemI::createSoundInternal             : exinfo->length             = 673024
[LOG] SystemI::createSoundInternal             : exinfo->fileoffset         = 45024
[LOG] SystemI::createSoundInternal             : exinfo->numsubsounds       = 1
[LOG] SystemI::createSoundInternal             : exinfo->inclusionlist      = 000000007996FB28
[LOG] SystemI::createSoundInternal             : exinfo->inclusionlistnum   = 1
[LOG] SystemI::createSoundInternal             : exinfo->suggestedsoundtype = 5
[LOG] SystemI::createSoundInternal             : exinfo->useropen           = 00007FFCBA638650
[LOG] SystemI::createSoundInternal             : exinfo->userclose          = 00007FFCBA6393C0
[LOG] SystemI::createSoundInternal             : exinfo->userread           = 00007FFCBA638730
[LOG] SystemI::createSoundInternal             : exinfo->userseek           = 00007FFCBA6387E0
[LOG] SystemI::createSoundInternal             : exinfo->fileuserdata       = 00000000A1C627D8
[LOG] SystemI::createSoundInternal             : exinfo->initialseekpostype = 1
[LOG] SystemI::createSoundInternal             : Format has 1 subsounds.
[LOG] SystemI::createSoundInternal             : Create as FMOD_CREATESAMPLE
[LOG] SystemI::createSoundInternal             : Multi-sample sound (1 subsounds), create a sample container.
[LOG] SystemI::createSoundInternal             : creating subsound 0/1
[LOG] SystemI::createSample                    : mode 0a000202 length 204032 samples, lengthbytes 111584
[LOG] SystemI::createSample                    : channels = 1
[LOG] SystemI::createSample                    : output = 00000000848CCC88
[LOG] OutputSoftware::createSample             : lengthpcm 204032, lengthbytes 111584, channels 1, format 2, freq 40000, mode 0a00020a
[LOG] SystemI::createSoundInternal             : done.  OpenState now = FMOD_OPENSTATE_READY.

[WRN] EventInstance::update                    : Event {e7b4eb5f-4632-4594-9109-9d81ea964fc8} waited 269 milliseconds for sample data to load.  Preload sample data to avoid this delay.
[WRN] EventInstance::update                    : Event {e7b4eb5f-4632-4594-9109-9d81ea964fc8} waited 270 milliseconds for sample data to load.  Preload sample data to avoid this delay.
[WRN] EventInstance::update                    : Event {e7b4eb5f-4632-4594-9109-9d81ea964fc8} waited 271 milliseconds for sample data to load.  Preload sample data to avoid this delay.
[WRN] EventInstance::update                    : Event {e7b4eb5f-4632-4594-9109-9d81ea964fc8} waited 271 milliseconds for sample data to load.  Preload sample data to avoid this delay.
[WRN] EventInstance::update                    : Event {e7b4eb5f-4632-4594-9109-9d81ea964fc8} waited 273 milliseconds for sample data to load.  Preload sample data to avoid this delay.
[WRN] EventInstance::update                    : Event {e7b4eb5f-4632-4594-9109-9d81ea964fc8} waited 273 milliseconds for sample data to load.  Preload sample data to avoid this delay.
[WRN] EventInstance::update                    : Event {e7b4eb5f-4632-4594-9109-9d81ea964fc8} waited 273 milliseconds for sample data to load.  Preload sample data to avoid this delay.
[WRN] EventInstance::update                    : Event {e7b4eb5f-4632-4594-9109-9d81ea964fc8} waited 274 milliseconds for sample data to load.  Preload sample data to avoid this delay.
[WRN] EventInstance::update                    : Event {e7b4eb5f-4632-4594-9109-9d81ea964fc8} waited 275 milliseconds for sample data to load.  Preload sample data to avoid this delay.
[WRN] EventInstance::update                    : Event {e7b4eb5f-4632-4594-9109-9d81ea964fc8} waited 275 milliseconds for sample data to load.  Preload sample data to avoid this delay.
[WRN] EventInstance::update                    : Event {e7b4eb5f-4632-4594-9109-9d81ea964fc8} waited 276 milliseconds for sample data to load.  Preload sample data to avoid this delay.
[WRN] EventInstance::update                    : Event {e7b4eb5f-4632-4594-9109-9d81ea964fc8} waited 276 milliseconds for sample data to load.  Preload sample data to avoid this delay.
[WRN] EventInstance::update                    : Event {e7b4eb5f-4632-4594-9109-9d81ea964fc8} waited 276 milliseconds for sample data to load.  Preload sample data to avoid this delay.
[WRN] EventInstance::update                    : Event {e7b4eb5f-4632-4594-9109-9d81ea964fc8} waited 276 milliseconds for sample data to load.  Preload sample data to avoid this delay.
[WRN] EventInstance::update                    : Event {e7b4eb5f-4632-4594-9109-9d81ea964fc8} waited 278 milliseconds for sample data to load.  Preload sample data to avoid this delay.
[WRN] EventInstance::update                    : Event {e7b4eb5f-4632-4594-9109-9d81ea964fc8} waited 278 milliseconds for sample data to load.  Preload sample data to avoid this delay.
[WRN] EventInstance::update                    : Event {e7b4eb5f-4632-4594-9109-9d81ea964fc8} waited 279 milliseconds for sample data to load.  Preload sample data to avoid this delay.
[WRN] EventInstance::update                    : Event {e7b4eb5f-4632-4594-9109-9d81ea964fc8} waited 279 milliseconds for sample data to load.  Preload sample data to avoid this delay.
[WRN] EventInstance::update                    : Event {e7b4eb5f-4632-4594-9109-9d81ea964fc8} waited 280 milliseconds for sample data to load.  Preload sample data to avoid this delay.
[WRN] EventInstance::update                    : Event {e7b4eb5f-4632-4594-9109-9d81ea964fc8} waited 281 milliseconds for sample data to load.  Preload sample data to avoid this delay.
[WRN] EventInstance::update                    : Event {e7b4eb5f-4632-4594-9109-9d81ea964fc8} waited 280 milliseconds for sample data to load.  Preload sample data to avoid this delay.
[WRN] EventInstance::update                    : Event {e7b4eb5f-4632-4594-9109-9d81ea964fc8} waited 282 milliseconds for sample data to load.  Preload sample data to avoid this delay.
[WRN] EventInstance::update                    : Event {e7b4eb5f-4632-4594-9109-9d81ea964fc8} waited 282 milliseconds for sample data to load.  Preload sample data to avoid this delay.
[WRN] EventInstance::update                    : Event {e7b4eb5f-4632-4594-9109-9d81ea964fc8} waited 283 milliseconds for sample data to load.  Preload sample data to avoid this delay.
[WRN] EventInstance::update                    : Event {e7b4eb5f-4632-4594-9109-9d81ea964fc8} waited 283 milliseconds for sample data to load.  Preload sample data to avoid this delay.
[WRN] EventInstance::update                    : Event {e7b4eb5f-4632-4594-9109-9d81ea964fc8} waited 284 milliseconds for sample data to load.  Preload sample data to avoid this delay.
[WRN] EventInstance::update                    : Event {e7b4eb5f-4632-4594-9109-9d81ea964fc8} waited 248 milliseconds for sample data to load.  Preload sample data to avoid this delay.
[WRN] EventInstance::update                    : Event {e7b4eb5f-4632-4594-9109-9d81ea964fc8} waited 249 milliseconds for sample data to load.  Preload sample data to avoid this delay.
[WRN] EventInstance::update                    : Event {e7b4eb5f-4632-4594-9109-9d81ea964fc8} waited 250 milliseconds for sample data to load.  Preload sample data to avoid this delay.
[WRN] EventInstance::update                    : Event {e7b4eb5f-4632-4594-9109-9d81ea964fc8} waited 250 milliseconds for sample data to load.  Preload sample data to avoid this delay.
[WRN] EventInstance::update                    : Event {e7b4eb5f-4632-4594-9109-9d81ea964fc8} waited 250 milliseconds for sample data to load.  Preload sample data to avoid this delay.
[WRN] EventInstance::update                    : Event {e7b4eb5f-4632-4594-9109-9d81ea964fc8} waited 252 milliseconds for sample data to load.  Preload sample data to avoid this delay.
[WRN] EventInstance::update                    : Event {e7b4eb5f-4632-4594-9109-9d81ea964fc8} waited 253 milliseconds for sample data to load.  Preload sample data to avoid this delay.
[LOG] SystemI::createSoundInternal             : filename =  : mode 0a000202
[LOG] SystemI::createSoundInternal             : exinfo->cbsize             = 232
[LOG] SystemI::createSoundInternal             : exinfo->length             = 2318880
[LOG] SystemI::createSoundInternal             : exinfo->fileoffset         = 42848
[LOG] SystemI::createSoundInternal             : exinfo->numsubsounds       = 1
[LOG] SystemI::createSoundInternal             : exinfo->inclusionlist      = 000000007996FB28
[LOG] SystemI::createSoundInternal             : exinfo->inclusionlistnum   = 1
[LOG] SystemI::createSoundInternal             : exinfo->suggestedsoundtype = 5
[LOG] SystemI::createSoundInternal             : exinfo->useropen           = 00007FFCBA638650
[LOG] SystemI::createSoundInternal             : exinfo->userclose          = 00007FFCBA6393C0
[LOG] SystemI::createSoundInternal             : exinfo->userread           = 00007FFCBA638730
[LOG] SystemI::createSoundInternal             : exinfo->userseek           = 00007FFCBA6387E0
[LOG] SystemI::createSoundInternal             : exinfo->fileuserdata       = 00000000965B3278
[LOG] SystemI::createSoundInternal             : exinfo->initialseekpostype = 1
[LOG] SystemI::createSoundInternal             : Format has 1 subsounds.
[LOG] SystemI::createSoundInternal             : Create as FMOD_CREATESAMPLE
[LOG] SystemI::createSoundInternal             : Multi-sample sound (1 subsounds), create a sample container.
[LOG] SystemI::createSoundInternal             : creating subsound 0/1
[LOG] SystemI::createSample                    : mode 0a000202 length 45312 samples, lengthbytes 24800
[LOG] SystemI::createSample                    : channels = 1
[LOG] SystemI::createSample                    : output = 00000000848CCC88
[LOG] OutputSoftware::createSample             : lengthpcm 45312, lengthbytes 24800, channels 1, format 2, freq 40000, mode 0a00020a
[LOG] SystemI::createSoundInternal             : done.  OpenState now = FMOD_OPENSTATE_READY.

[LOG] SystemI::createSoundInternal             : filename =  : mode 0a000202
[LOG] SystemI::createSoundInternal             : exinfo->cbsize             = 232
[LOG] SystemI::createSoundInternal             : exinfo->length             = 2318880
[LOG] SystemI::createSoundInternal             : exinfo->fileoffset         = 42848
[LOG] SystemI::createSoundInternal             : exinfo->numsubsounds       = 1
[LOG] SystemI::createSoundInternal             : exinfo->inclusionlist      = 000000007996FB28
[LOG] SystemI::createSoundInternal             : exinfo->inclusionlistnum   = 1
[LOG] SystemI::createSoundInternal             : exinfo->suggestedsoundtype = 5
[LOG] SystemI::createSoundInternal             : exinfo->useropen           = 00007FFCBA638650
[LOG] SystemI::createSoundInternal             : exinfo->userclose          = 00007FFCBA6393C0
[LOG] SystemI::createSoundInternal             : exinfo->userread           = 00007FFCBA638730
[LOG] SystemI::createSoundInternal             : exinfo->userseek           = 00007FFCBA6387E0
[LOG] SystemI::createSoundInternal             : exinfo->fileuserdata       = 00000000965B3278
[LOG] SystemI::createSoundInternal             : exinfo->initialseekpostype = 1
[LOG] SystemI::createSoundInternal             : Format has 1 subsounds.
[LOG] SystemI::createSoundInternal             : Create as FMOD_CREATESAMPLE
[LOG] SystemI::createSoundInternal             : Multi-sample sound (1 subsounds), create a sample container.
[LOG] SystemI::createSoundInternal             : creating subsound 0/1
[LOG] SystemI::createSample                    : mode 0a000202 length 6656 samples, lengthbytes 3648
[LOG] SystemI::createSample                    : channels = 1
[LOG] SystemI::createSample                    : output = 00000000848CCC88
[LOG] OutputSoftware::createSample             : lengthpcm 6656, lengthbytes 3648, channels 1, format 2, freq 40000, mode 0a00020a
[LOG] SystemI::createSoundInternal             : done.  OpenState now = FMOD_OPENSTATE_READY.

[LOG] SystemI::createSoundInternal             : filename =  : mode 0a000202
[LOG] SystemI::createSoundInternal             : exinfo->cbsize             = 232
[LOG] SystemI::createSoundInternal             : exinfo->length             = 2318880
[LOG] SystemI::createSoundInternal             : exinfo->fileoffset         = 42848
[LOG] SystemI::createSoundInternal             : exinfo->numsubsounds       = 1
[LOG] SystemI::createSoundInternal             : exinfo->inclusionlist      = 000000007996FB28
[LOG] SystemI::createSoundInternal             : exinfo->inclusionlistnum   = 1
[LOG] SystemI::createSoundInternal             : exinfo->suggestedsoundtype = 5
[LOG] SystemI::createSoundInternal             : exinfo->useropen           = 00007FFCBA638650
[LOG] SystemI::createSoundInternal             : exinfo->userclose          = 00007FFCBA6393C0
[LOG] SystemI::createSoundInternal             : exinfo->userread           = 00007FFCBA638730
[LOG] SystemI::createSoundInternal             : exinfo->userseek           = 00007FFCBA6387E0
[LOG] SystemI::createSoundInternal             : exinfo->fileuserdata       = 00000000965B3278
[LOG] SystemI::createSoundInternal             : exinfo->initialseekpostype = 1
[LOG] SystemI::createSoundInternal             : Format has 1 subsounds.
[LOG] SystemI::createSoundInternal             : Create as FMOD_CREATESAMPLE
[LOG] SystemI::createSoundInternal             : Multi-sample sound (1 subsounds), create a sample container.
[LOG] SystemI::createSoundInternal             : creating subsound 0/1
[LOG] SystemI::createSample                    : mode 0a000202 length 12544 samples, lengthbytes 6880
[LOG] SystemI::createSample                    : channels = 1
[LOG] SystemI::createSample                    : output = 00000000848CCC88
[LOG] OutputSoftware::createSample             : lengthpcm 12544, lengthbytes 6880, channels 1, format 2, freq 40000, mode 0a00020a
[LOG] SystemI::createSoundInternal             : done.  OpenState now = FMOD_OPENSTATE_READY.

[WRN] ChannelI::forceVirtual                   : Ignoring force virtual since channel just went real
[WRN] ChannelI::forceVirtual                   : Ignoring force virtual since channel just went real
[WRN] ChannelI::forceVirtual                   : Ignoring force virtual since channel just went real
[WRN] ChannelI::forceVirtual                   : Ignoring force virtual since channel just went real
[WRN] ChannelI::forceVirtual                   : Ignoring force virtual since channel just went real
[WRN] ChannelI::forceVirtual                   : Ignoring force virtual since channel just went real
[WRN] ChannelI::forceVirtual                   : Ignoring force virtual since channel just went real
[WRN] ChannelI::forceVirtual                   : Ignoring force virtual since channel just went real
[WRN] ChannelI::forceVirtual                   : Ignoring force virtual since channel just went real
[WRN] ChannelI::forceVirtual                   : Ignoring force virtual since channel just went real
[WRN] ChannelI::forceVirtual                   : Ignoring force virtual since channel just went real
[WRN] ChannelI::forceVirtual                   : Ignoring force virtual since channel just went real
[WRN] ChannelI::forceVirtual                   : Ignoring force virtual since channel just went real
[WRN] ChannelI::forceVirtual                   : Ignoring force virtual since channel just went real
[WRN] ChannelI::forceVirtual                   : Ignoring force virtual since channel just went real
[WRN] ChannelI::forceVirtual                   : Ignoring force virtual since channel just went real
[WRN] ChannelI::forceVirtual                   : Ignoring force virtual since channel just went real
[WRN] ChannelI::forceVirtual                   : Ignoring force virtual since channel just went real
[WRN] ChannelI::forceVirtual                   : Ignoring force virtual since channel just went real
[WRN] ChannelI::forceVirtual                   : Ignoring force virtual since channel just went real
[WRN] ChannelI::forceVirtual                   : Ignoring force virtual since channel just went real
[WRN] ChannelI::forceVirtual                   : Ignoring force virtual since channel just went real
[WRN] ChannelI::forceVirtual                   : Ignoring force virtual since channel just went real
[WRN] ChannelI::forceVirtual                   : Ignoring force virtual since channel just went real
[WRN] ChannelI::forceVirtual                   : Ignoring force virtual since channel just went real
[WRN] ChannelI::forceVirtual                   : Ignoring force virtual since channel just went real
[WRN] ChannelI::forceVirtual                   : Ignoring force virtual since channel just went real
[WRN] ChannelI::forceVirtual                   : Ignoring force virtual since channel just went real
[WRN] ChannelI::forceVirtual                   : Ignoring force virtual since channel just went real
[WRN] ChannelI::forceVirtual                   : Ignoring force virtual since channel just went real
[WRN] ChannelI::forceVirtual                   : Ignoring force virtual since channel just went real
[WRN] ChannelI::forceVirtual                   : Ignoring force virtual since channel just went real
[WRN] ChannelI::forceVirtual                   : Ignoring force virtual since channel just went real
[WRN] ChannelI::forceVirtual                   : Ignoring force virtual since channel just went real
[WRN] ChannelI::forceVirtual                   : Ignoring force virtual since channel just went real
[WRN] ChannelI::forceVirtual                   : Ignoring force virtual since channel just went real
[WRN] ChannelI::forceVirtual                   : Ignoring force virtual since channel just went real
[WRN] ChannelI::forceVirtual                   : Ignoring force virtual since channel just went real
[WRN] ChannelI::forceVirtual                   : Ignoring force virtual since channel just went real
[WRN] ChannelI::forceVirtual                   : Ignoring force virtual since channel just went real
[WRN] ChannelI::forceVirtual                   : Ignoring force virtual since channel just went real
[WRN] ChannelI::forceVirtual                   : Ignoring force virtual since channel just went real
[WRN] ChannelI::forceVirtual                   : Ignoring force virtual since channel just went real
[WRN] ChannelI::forceVirtual                   : Ignoring force virtual since channel just went real
[WRN] ChannelI::forceVirtual                   : Ignoring force virtual since channel just went real
[WRN] ChannelI::forceVirtual                   : Ignoring force virtual since channel just went real
[WRN] ChannelI::forceVirtual                   : Ignoring force virtual since channel just went real
[WRN] ChannelI::forceVirtual                   : Ignoring force virtual since channel just went real
[WRN] ChannelI::forceVirtual                   : Ignoring force virtual since channel just went real
[WRN] ChannelI::forceVirtual                   : Ignoring force virtual since channel just went real
[WRN] ChannelI::forceVirtual                   : Ignoring force virtual since channel just went real
[WRN] ChannelI::forceVirtual                   : Ignoring force virtual since channel just went real
[WRN] ChannelI::forceVirtual                   : Ignoring force virtual since channel just went real
[WRN] ChannelI::forceVirtual                   : Ignoring force virtual since channel just went real
[WRN] ChannelI::forceVirtual                   : Ignoring force virtual since channel just went real
[WRN] ChannelI::forceVirtual                   : Ignoring force virtual since channel just went real
[WRN] ChannelI::forceVirtual                   : Ignoring force virtual since channel just went real
[WRN] ChannelI::forceVirtual                   : Ignoring force virtual since channel just went real
[WRN] ChannelI::forceVirtual                   : Ignoring force virtual since channel just went real
[WRN] ChannelI::forceVirtual                   : Ignoring force virtual since channel just went real
[WRN] ChannelI::forceVirtual                   : Ignoring force virtual since channel just went real
[WRN] ChannelI::forceVirtual                   : Ignoring force virtual since channel just went real
[WRN] ChannelI::forceVirtual                   : Ignoring force virtual since channel just went real
[WRN] ChannelI::forceVirtual                   : Ignoring force virtual since channel just went real
[WRN] ChannelI::forceVirtual                   : Ignoring force virtual since channel just went real
[WRN] ChannelI::forceVirtual                   : Ignoring force virtual since channel just went real
[WRN] ChannelI::forceVirtual                   : Ignoring force virtual since channel just went real
[WRN] ChannelI::forceVirtual                   : Ignoring force virtual since channel just went real
[WRN] ChannelI::forceVirtual                   : Ignoring force virtual since channel just went real
[WRN] ChannelI::forceVirtual                   : Ignoring force virtual since channel just went real
[WRN] ChannelI::forceVirtual                   : Ignoring force virtual since channel just went real
[WRN] ChannelI::forceVirtual                   : Ignoring force virtual since channel just went real
[WRN] ChannelI::forceVirtual                   : Ignoring force virtual since channel just went real
[WRN] ChannelI::forceVirtual                   : Ignoring force virtual since channel just went real
[WRN] ChannelI::forceVirtual                   : Ignoring force virtual since channel just went real
[WRN] ChannelI::forceVirtual                   : Ignoring force virtual since channel just went real
[WRN] ChannelI::forceVirtual                   : Ignoring force virtual since channel just went real
[WRN] ChannelI::forceVirtual                   : Ignoring force virtual since channel just went real
[WRN] ChannelI::forceVirtual                   : Ignoring force virtual since channel just went real
[WRN] ChannelI::forceVirtual                   : Ignoring force virtual since channel just went real
[WRN] ChannelI::forceVirtual                   : Ignoring force virtual since channel just went real
[WRN] ChannelI::forceVirtual                   : Ignoring force virtual since channel just went real
[WRN] ChannelI::forceVirtual                   : Ignoring force virtual since channel just went real
[WRN] ChannelI::forceVirtual                   : Ignoring force virtual since channel just went real
[WRN] ChannelI::forceVirtual                   : Ignoring force virtual since channel just went real
[WRN] ChannelI::forceVirtual                   : Ignoring force virtual since channel just went real
[WRN] ChannelI::forceVirtual                   : Ignoring force virtual since channel just went real
[WRN] ChannelI::forceVirtual                   : Ignoring force virtual since channel just went real
[WRN] ChannelI::forceVirtual                   : Ignoring force virtual since channel just went real
[WRN] ChannelI::forceVirtual                   : Ignoring force virtual since channel just went real
[WRN] ChannelI::forceVirtual                   : Ignoring force virtual since channel just went real
[WRN] ChannelI::forceVirtual                   : Ignoring force virtual since channel just went real
[WRN] ChannelI::forceVirtual                   : Ignoring force virtual since channel just went real
[WRN] ChannelI::forceVirtual                   : Ignoring force virtual since channel just went real
[LOG] SystemI::createSoundInternal             : filename =  : mode 0a000202
[LOG] SystemI::createSoundInternal             : exinfo->cbsize             = 232
[LOG] SystemI::createSoundInternal             : exinfo->length             = 2263264
[LOG] SystemI::createSoundInternal             : exinfo->fileoffset         = 25728
[LOG] SystemI::createSoundInternal             : exinfo->numsubsounds       = 1
[LOG] SystemI::createSoundInternal             : exinfo->inclusionlist      = 000000007996FB28
[LOG] SystemI::createSoundInternal             : exinfo->inclusionlistnum   = 1
[LOG] SystemI::createSoundInternal             : exinfo->suggestedsoundtype = 5
[LOG] SystemI::createSoundInternal             : exinfo->useropen           = 00007FFCBA638650
[LOG] SystemI::createSoundInternal             : exinfo->userclose          = 00007FFCBA6393C0
[LOG] SystemI::createSoundInternal             : exinfo->userread           = 00007FFCBA638730
[LOG] SystemI::createSoundInternal             : exinfo->userseek           = 00007FFCBA6387E0
[LOG] SystemI::createSoundInternal             : exinfo->fileuserdata       = 00000000965B5CF8
[LOG] SystemI::createSoundInternal             : exinfo->initialseekpostype = 1
[LOG] SystemI::createSoundInternal             : Format has 1 subsounds.
[LOG] SystemI::createSoundInternal             : Create as FMOD_CREATESAMPLE
[LOG] SystemI::createSoundInternal             : Multi-sample sound (1 subsounds), create a sample container.
[LOG] SystemI::createSoundInternal             : creating subsound 0/1
[LOG] SystemI::createSample                    : mode 0a000202 length 69376 samples, lengthbytes 37952
[LOG] SystemI::createSample                    : channels = 1
[LOG] SystemI::createSample                    : output = 00000000848CCC88
[LOG] OutputSoftware::createSample             : lengthpcm 69376, lengthbytes 37952, channels 1, format 2, freq 40000, mode 0a00020a
[LOG] SystemI::createSoundInternal             : done.  OpenState now = FMOD_OPENSTATE_READY.

[WRN] ChannelI::forceVirtual                   : Ignoring force virtual since channel just went real
[WRN] ChannelI::forceVirtual                   : Ignoring force virtual since channel just went real
[WRN] ChannelI::forceVirtual                   : Ignoring force virtual since channel just went real
[WRN] ChannelI::forceVirtual                   : Ignoring force virtual since channel just went real
[WRN] ChannelI::forceVirtual                   : Ignoring force virtual since channel just went real
[WRN] ChannelI::forceVirtual                   : Ignoring force virtual since channel just went real
[WRN] ChannelI::forceVirtual                   : Ignoring force virtual since channel just went real
[WRN] ChannelI::forceVirtual                   : Ignoring force virtual since channel just went real
[WRN] ChannelI::forceVirtual                   : Ignoring force virtual since channel just went real
[WRN] ChannelI::forceVirtual                   : Ignoring force virtual since channel just went real
[WRN] ChannelI::forceVirtual                   : Ignoring force virtual since channel just went real
[WRN] ChannelI::forceVirtual                   : Ignoring force virtual since channel just went real
[WRN] ChannelI::forceVirtual                   : Ignoring force virtual since channel just went real
[WRN] ChannelI::forceVirtual                   : Ignoring force virtual since channel just went real
[WRN] ChannelI::forceVirtual                   : Ignoring force virtual since channel just went real
[WRN] ChannelI::forceVirtual                   : Ignoring force virtual since channel just went real
[WRN] ChannelI::forceVirtual                   : Ignoring force virtual since channel just went real
[WRN] ChannelI::forceVirtual                   : Ignoring force virtual since channel just went real
[WRN] ChannelI::forceVirtual                   : Ignoring force virtual since channel just went real
[WRN] ChannelI::forceVirtual                   : Ignoring force virtual since channel just went real
[WRN] ChannelI::forceVirtual                   : Ignoring force virtual since channel just went real
[WRN] ChannelI::forceVirtual                   : Ignoring force virtual since channel just went real
[WRN] ChannelI::forceVirtual                   : Ignoring force virtual since channel just went real
[WRN] ChannelI::forceVirtual                   : Ignoring force virtual since channel just went real
[WRN] ChannelI::forceVirtual                   : Ignoring force virtual since channel just went real
[WRN] ChannelI::forceVirtual                   : Ignoring force virtual since channel just went real
[WRN] ChannelI::forceVirtual                   : Ignoring force virtual since channel just went real
[WRN] ChannelI::forceVirtual                   : Ignoring force virtual since channel just went real
[WRN] ChannelI::forceVirtual                   : Ignoring force virtual since channel just went real
[WRN] ChannelI::forceVirtual                   : Ignoring force virtual since channel just went real
[WRN] ChannelI::forceVirtual                   : Ignoring force virtual since channel just went real
[WRN] ChannelI::forceVirtual                   : Ignoring force virtual since channel just went real
[WRN] ChannelI::forceVirtual                   : Ignoring force virtual since channel just went real
[WRN] ChannelI::forceVirtual                   : Ignoring force virtual since channel just went real
[WRN] ChannelI::forceVirtual                   : Ignoring force virtual since channel just went real
[WRN] ChannelI::forceVirtual                   : Ignoring force virtual since channel just went real
[WRN] ChannelI::forceVirtual                   : Ignoring force virtual since channel just went real
[WRN] ChannelI::forceVirtual                   : Ignoring force virtual since channel just went real
[WRN] ChannelI::forceVirtual                   : Ignoring force virtual since channel just went real
[WRN] ChannelI::forceVirtual                   : Ignoring force virtual since channel just went real
[WRN] ChannelI::forceVirtual                   : Ignoring force virtual since channel just went real
[WRN] ChannelI::forceVirtual                   : Ignoring force virtual since channel just went real
[WRN] ChannelI::forceVirtual                   : Ignoring force virtual since channel just went real
[WRN] ChannelI::forceVirtual                   : Ignoring force virtual since channel just went real
[WRN] ChannelI::forceVirtual                   : Ignoring force virtual since channel just went real
[WRN] ChannelI::forceVirtual                   : Ignoring force virtual since channel just went real
[WRN] ChannelI::forceVirtual                   : Ignoring force virtual since channel just went real
[WRN] ChannelI::forceVirtual                   : Ignoring force virtual since channel just went real
[WRN] ChannelI::forceVirtual                   : Ignoring force virtual since channel just went real
[WRN] ChannelI::forceVirtual                   : Ignoring force virtual since channel just went real
[WRN] ChannelI::forceVirtual                   : Ignoring force virtual since channel just went real
[WRN] ChannelI::forceVirtual                   : Ignoring force virtual since channel just went real
[WRN] ChannelI::forceVirtual                   : Ignoring force virtual since channel just went real
[WRN] ChannelI::forceVirtual                   : Ignoring force virtual since channel just went real
[WRN] ChannelI::forceVirtual                   : Ignoring force virtual since channel just went real
[WRN] ChannelI::forceVirtual                   : Ignoring force virtual since channel just went real
[WRN] ChannelI::forceVirtual                   : Ignoring force virtual since channel just went real
[WRN] ChannelI::forceVirtual                   : Ignoring force virtual since channel just went real
[WRN] ChannelI::forceVirtual                   : Ignoring force virtual since channel just went real
[WRN] ChannelI::forceVirtual                   : Ignoring force virtual since channel just went real
[WRN] ChannelI::forceVirtual                   : Ignoring force virtual since channel just went real
[WRN] ChannelI::forceVirtual                   : Ignoring force virtual since channel just went real
[WRN] ChannelI::forceVirtual                   : Ignoring force virtual since channel just went real
[WRN] ChannelI::forceVirtual                   : Ignoring force virtual since channel just went real
[WRN] ChannelI::forceVirtual                   : Ignoring force virtual since channel just went real
[WRN] ChannelI::forceVirtual                   : Ignoring force virtual since channel just went real
[WRN] ChannelI::forceVirtual                   : Ignoring force virtual since channel just went real
[WRN] ChannelI::forceVirtual                   : Ignoring force virtual since channel just went real
[WRN] ChannelI::forceVirtual                   : Ignoring force virtual since channel just went real
[WRN] ChannelI::forceVirtual                   : Ignoring force virtual since channel just went real
[WRN] ChannelI::forceVirtual                   : Ignoring force virtual since channel just went real
[WRN] ChannelI::forceVirtual                   : Ignoring force virtual since channel just went real
[WRN] ChannelI::forceVirtual                   : Ignoring force virtual since channel just went real
[WRN] ChannelI::forceVirtual                   : Ignoring force virtual since channel just went real
[WRN] ChannelI::forceVirtual                   : Ignoring force virtual since channel just went real
[WRN] ChannelI::forceVirtual                   : Ignoring force virtual since channel just went real
[WRN] ChannelI::forceVirtual                   : Ignoring force virtual since channel just went real
[WRN] ChannelI::forceVirtual                   : Ignoring force virtual since channel just went real
[WRN] ChannelI::forceVirtual                   : Ignoring force virtual since channel just went real
[WRN] ChannelI::forceVirtual                   : Ignoring force virtual since channel just went real
[WRN] ChannelI::forceVirtual                   : Ignoring force virtual since channel just went real
[WRN] ChannelI::forceVirtual                   : Ignoring force virtual since channel just went real
[WRN] ChannelI::forceVirtual                   : Ignoring force virtual since channel just went real
[WRN] ChannelI::forceVirtual                   : Ignoring force virtual since channel just went real
[WRN] ChannelI::forceVirtual                   : Ignoring force virtual since channel just went real
[WRN] ChannelI::forceVirtual                   : Ignoring force virtual since channel just went real
[WRN] ChannelI::forceVirtual                   : Ignoring force virtual since channel just went real
[WRN] ChannelI::forceVirtual                   : Ignoring force virtual since channel just went real
[WRN] ChannelI::forceVirtual                   : Ignoring force virtual since channel just went real
[WRN] ChannelI::forceVirtual                   : Ignoring force virtual since channel just went real
[WRN] ChannelI::forceVirtual                   : Ignoring force virtual since channel just went real
[WRN] ChannelI::forceVirtual                   : Ignoring force virtual since channel just went real
[WRN] ChannelI::forceVirtual                   : Ignoring force virtual since channel just went real
[WRN] ChannelI::forceVirtual                   : Ignoring force virtual since channel just went real
[WRN] ChannelI::forceVirtual                   : Ignoring force virtual since channel just went real
[WRN] ChannelI::forceVirtual                   : Ignoring force virtual since channel just went real
[WRN] ChannelI::forceVirtual                   : Ignoring force virtual since channel just went real
[WRN] ChannelI::forceVirtual                   : Ignoring force virtual since channel just went real
[WRN] ChannelI::forceVirtual                   : Ignoring force virtual since channel just went real
[WRN] ChannelI::forceVirtual                   : Ignoring force virtual since channel just went real
[WRN] ChannelI::forceVirtual                   : Ignoring force virtual since channel just went real
[WRN] ChannelI::forceVirtual                   : Ignoring force virtual since channel just went real
[WRN] ChannelI::forceVirtual                   : Ignoring force virtual since channel just went real
[WRN] ChannelI::forceVirtual                   : Ignoring force virtual since channel just went real
[WRN] ChannelI::forceVirtual                   : Ignoring force virtual since channel just went real
[WRN] ChannelI::forceVirtual                   : Ignoring force virtual since channel just went real
[WRN] ChannelI::forceVirtual                   : Ignoring force virtual since channel just went real
[WRN] ChannelI::forceVirtual                   : Ignoring force virtual since channel just went real
[WRN] ChannelI::forceVirtual                   : Ignoring force virtual since channel just went real
[WRN] ChannelI::forceVirtual                   : Ignoring force virtual since channel just went real
[WRN] ChannelI::forceVirtual                   : Ignoring force virtual since channel just went real
[WRN] ChannelI::forceVirtual                   : Ignoring force virtual since channel just went real
[WRN] ChannelI::forceVirtual                   : Ignoring force virtual since channel just went real
[WRN] ChannelI::forceVirtual                   : Ignoring force virtual since channel just went real
[WRN] ChannelI::forceVirtual                   : Ignoring force virtual since channel just went real
[WRN] ChannelI::forceVirtual                   : Ignoring force virtual since channel just went real
[WRN] ChannelI::forceVirtual                   : Ignoring force virtual since channel just went real
[WRN] ChannelI::forceVirtual                   : Ignoring force virtual since channel just went real
[WRN] ChannelI::forceVirtual                   : Ignoring force virtual since channel just went real
[WRN] ChannelI::forceVirtual                   : Ignoring force virtual since channel just went real
[WRN] ChannelI::forceVirtual                   : Ignoring force virtual since channel just went real
[WRN] ChannelI::forceVirtual                   : Ignoring force virtual since channel just went real
[WRN] ChannelI::forceVirtual                   : Ignoring force virtual since channel just went real
[WRN] ChannelI::forceVirtual                   : Ignoring force virtual since channel just went real
[WRN] ChannelI::forceVirtual                   : Ignoring force virtual since channel just went real
[WRN] ChannelI::forceVirtual                   : Ignoring force virtual since channel just went real
[WRN] ChannelI::forceVirtual                   : Ignoring force virtual since channel just went real
[WRN] ChannelI::forceVirtual                   : Ignoring force virtual since channel just went real
[WRN] ChannelI::forceVirtual                   : Ignoring force virtual since channel just went real
[WRN] ChannelI::forceVirtual                   : Ignoring force virtual since channel just went real
[WRN] ChannelI::forceVirtual                   : Ignoring force virtual since channel just went real
[WRN] ChannelI::forceVirtual                   : Ignoring force virtual since channel just went real
[WRN] ChannelI::forceVirtual                   : Ignoring force virtual since channel just went real
[WRN] ChannelI::forceVirtual                   : Ignoring force virtual since channel just went real
[WRN] ChannelI::forceVirtual                   : Ignoring force virtual since channel just went real
[WRN] ChannelI::forceVirtual                   : Ignoring force virtual since channel just went real
[WRN] ChannelI::forceVirtual                   : Ignoring force virtual since channel just went real
[WRN] ChannelI::forceVirtual                   : Ignoring force virtual since channel just went real
[WRN] ChannelI::forceVirtual                   : Ignoring force virtual since channel just went real
[WRN] ChannelI::forceVirtual                   : Ignoring force virtual since channel just went real
[WRN] ChannelI::forceVirtual                   : Ignoring force virtual since channel just went real
[WRN] ChannelI::forceVirtual                   : Ignoring force virtual since channel just went real
[WRN] ChannelI::forceVirtual                   : Ignoring force virtual since channel just went real
[WRN] ChannelI::forceVirtual                   : Ignoring force virtual since channel just went real
[WRN] ChannelI::forceVirtual                   : Ignoring force virtual since channel just went real
[WRN] ChannelI::forceVirtual                   : Ignoring force virtual since channel just went real
[WRN] ChannelI::forceVirtual                   : Ignoring force virtual since channel just went real
[WRN] ChannelI::forceVirtual                   : Ignoring force virtual since channel just went real
[WRN] ChannelI::forceVirtual                   : Ignoring force virtual since channel just went real
[WRN] ChannelI::forceVirtual                   : Ignoring force virtual since channel just went real
[WRN] ChannelI::forceVirtual                   : Ignoring force virtual since channel just went real
[WRN] ChannelI::forceVirtual                   : Ignoring force virtual since channel just went real
[WRN] ChannelI::forceVirtual                   : Ignoring force virtual since channel just went real
[WRN] ChannelI::forceVirtual                   : Ignoring force virtual since channel just went real
[WRN] ChannelI::forceVirtual                   : Ignoring force virtual since channel just went real
[WRN] ChannelI::forceVirtual                   : Ignoring force virtual since channel just went real
[WRN] ChannelI::forceVirtual                   : Ignoring force virtual since channel just went real
[WRN] ChannelI::forceVirtual                   : Ignoring force virtual since channel just went real
[WRN] ChannelI::forceVirtual                   : Ignoring force virtual since channel just went real
[WRN] ChannelI::forceVirtual                   : Ignoring force virtual since channel just went real
[WRN] ChannelI::forceVirtual                   : Ignoring force virtual since channel just went real
[WRN] ChannelI::forceVirtual                   : Ignoring force virtual since channel just went real
[WRN] ChannelI::forceVirtual                   : Ignoring force virtual since channel just went real
[WRN] ChannelI::forceVirtual                   : Ignoring force virtual since channel just went real
[WRN] ChannelI::forceVirtual                   : Ignoring force virtual since channel just went real
[WRN] ChannelI::forceVirtual                   : Ignoring force virtual since channel just went real
[WRN] ChannelI::forceVirtual                   : Ignoring force virtual since channel just went real
[WRN] ChannelI::forceVirtual                   : Ignoring force virtual since channel just went real
[WRN] ChannelI::forceVirtual                   : Ignoring force virtual since channel just went real
[WRN] ChannelI::forceVirtual                   : Ignoring force virtual since channel just went real
[LOG] SystemI::createSoundInternal             : filename =  : mode 0a000202
[LOG] SystemI::createSoundInternal             : exinfo->cbsize             = 232
[LOG] SystemI::createSoundInternal             : exinfo->length             = 4556704
[LOG] SystemI::createSoundInternal             : exinfo->fileoffset         = 86400
[LOG] SystemI::createSoundInternal             : exinfo->numsubsounds       = 1
[LOG] SystemI::createSoundInternal             : exinfo->inclusionlist      = 000000007996FB28
[LOG] SystemI::createSoundInternal             : exinfo->inclusionlistnum   = 1
[LOG] SystemI::createSoundInternal             : exinfo->suggestedsoundtype = 5
[LOG] SystemI::createSoundInternal             : exinfo->useropen           = 00007FFCBA638650
[LOG] SystemI::createSoundInternal             : exinfo->userclose          = 00007FFCBA6393C0
[LOG] SystemI::createSoundInternal             : exinfo->userread           = 00007FFCBA638730
[LOG] SystemI::createSoundInternal             : exinfo->userseek           = 00007FFCBA6387E0
[LOG] SystemI::createSoundInternal             : exinfo->fileuserdata       = 00000000965B2178
[LOG] SystemI::createSoundInternal             : exinfo->initialseekpostype = 1
[LOG] SystemI::createSoundInternal             : Format has 1 subsounds.
[LOG] SystemI::createSoundInternal             : Create as FMOD_CREATESAMPLE
[LOG] SystemI::createSoundInternal             : Multi-sample sound (1 subsounds), create a sample container.
[LOG] SystemI::createSoundInternal             : creating subsound 0/1
[LOG] SystemI::createSample                    : mode 0a000202 length 15360 samples, lengthbytes 8416
[LOG] SystemI::createSample                    : channels = 1
[LOG] SystemI::createSample                    : output = 00000000848CCC88
[LOG] OutputSoftware::createSample             : lengthpcm 15360, lengthbytes 8416, channels 1, format 2, freq 40000, mode 0a00020a
[LOG] SystemI::createSoundInternal             : done.  OpenState now = FMOD_OPENSTATE_READY.

[LOG] SystemI::createSoundInternal             : filename =  : mode 0a000202
[LOG] SystemI::createSoundInternal             : exinfo->cbsize             = 232
[LOG] SystemI::createSoundInternal             : exinfo->length             = 4556704
[LOG] SystemI::createSoundInternal             : exinfo->fileoffset         = 86400
[LOG] SystemI::createSoundInternal             : exinfo->numsubsounds       = 1
[LOG] SystemI::createSoundInternal             : exinfo->inclusionlist      = 000000007996FB28
[LOG] SystemI::createSoundInternal             : exinfo->inclusionlistnum   = 1
[LOG] SystemI::createSoundInternal             : exinfo->suggestedsoundtype = 5
[LOG] SystemI::createSoundInternal             : exinfo->useropen           = 00007FFCBA638650
[LOG] SystemI::createSoundInternal             : exinfo->userclose          = 00007FFCBA6393C0
[LOG] SystemI::createSoundInternal             : exinfo->userread           = 00007FFCBA638730
[LOG] SystemI::createSoundInternal             : exinfo->userseek           = 00007FFCBA6387E0
[LOG] SystemI::createSoundInternal             : exinfo->fileuserdata       = 00000000965B2178
[LOG] SystemI::createSoundInternal             : exinfo->initialseekpostype = 1
[LOG] SystemI::createSoundInternal             : Format has 1 subsounds.
[LOG] SystemI::createSoundInternal             : Create as FMOD_CREATESAMPLE
[LOG] SystemI::createSoundInternal             : Multi-sample sound (1 subsounds), create a sample container.
[LOG] SystemI::createSoundInternal             : creating subsound 0/1
[LOG] SystemI::createSample                    : mode 0a000202 length 12288 samples, lengthbytes 6720
[LOG] SystemI::createSample                    : channels = 1
[LOG] SystemI::createSample                    : output = 00000000848CCC88
[LOG] OutputSoftware::createSample             : lengthpcm 12288, lengthbytes 6720, channels 1, format 2, freq 40000, mode 0a00020a
[LOG] SystemI::createSoundInternal             : done.  OpenState now = FMOD_OPENSTATE_READY.

[LOG] SystemI::createSoundInternal             : filename =  : mode 0a000202
[LOG] SystemI::createSoundInternal             : exinfo->cbsize             = 232
[LOG] SystemI::createSoundInternal             : exinfo->length             = 4556704
[LOG] SystemI::createSoundInternal             : exinfo->fileoffset         = 86400
[LOG] SystemI::createSoundInternal             : exinfo->numsubsounds       = 1
[LOG] SystemI::createSoundInternal             : exinfo->inclusionlist      = 000000007996FB28
[LOG] SystemI::createSoundInternal             : exinfo->inclusionlistnum   = 1
[LOG] SystemI::createSoundInternal             : exinfo->suggestedsoundtype = 5
[LOG] SystemI::createSoundInternal             : exinfo->useropen           = 00007FFCBA638650
[LOG] SystemI::createSoundInternal             : exinfo->userclose          = 00007FFCBA6393C0
[LOG] SystemI::createSoundInternal             : exinfo->userread           = 00007FFCBA638730
[LOG] SystemI::createSoundInternal             : exinfo->userseek           = 00007FFCBA6387E0
[LOG] SystemI::createSoundInternal             : exinfo->fileuserdata       = 00000000965B2178
[LOG] SystemI::createSoundInternal             : exinfo->initialseekpostype = 1
[LOG] SystemI::createSoundInternal             : Format has 1 subsounds.
[LOG] SystemI::createSoundInternal             : Create as FMOD_CREATESAMPLE
[LOG] SystemI::createSoundInternal             : Multi-sample sound (1 subsounds), create a sample container.
[LOG] SystemI::createSoundInternal             : creating subsound 0/1
[LOG] SystemI::createSample                    : mode 0a000202 length 15104 samples, lengthbytes 8288
[LOG] SystemI::createSample                    : channels = 1
[LOG] SystemI::createSample                    : output = 00000000848CCC88
[LOG] OutputSoftware::createSample             : lengthpcm 15104, lengthbytes 8288, channels 1, format 2, freq 40000, mode 0a00020a
[LOG] SystemI::createSoundInternal             : done.  OpenState now = FMOD_OPENSTATE_READY.

[LOG] SystemI::createSoundInternal             : filename =  : mode 0a000202
[LOG] SystemI::createSoundInternal             : exinfo->cbsize             = 232
[LOG] SystemI::createSoundInternal             : exinfo->length             = 4556704
[LOG] SystemI::createSoundInternal             : exinfo->fileoffset         = 86400
[LOG] SystemI::createSoundInternal             : exinfo->numsubsounds       = 1
[LOG] SystemI::createSoundInternal             : exinfo->inclusionlist      = 000000007996FB28
[LOG] SystemI::createSoundInternal             : exinfo->inclusionlistnum   = 1
[LOG] SystemI::createSoundInternal             : exinfo->suggestedsoundtype = 5
[LOG] SystemI::createSoundInternal             : exinfo->useropen           = 00007FFCBA638650
[LOG] SystemI::createSoundInternal             : exinfo->userclose          = 00007FFCBA6393C0
[LOG] SystemI::createSoundInternal             : exinfo->userread           = 00007FFCBA638730
[LOG] SystemI::createSoundInternal             : exinfo->userseek           = 00007FFCBA6387E0
[LOG] SystemI::createSoundInternal             : exinfo->fileuserdata       = 00000000965B2178
[LOG] SystemI::createSoundInternal             : exinfo->initialseekpostype = 1
[LOG] SystemI::createSoundInternal             : Format has 1 subsounds.
[LOG] SystemI::createSoundInternal             : Create as FMOD_CREATESAMPLE
[LOG] SystemI::createSoundInternal             : Multi-sample sound (1 subsounds), create a sample container.
[LOG] SystemI::createSoundInternal             : creating subsound 0/1
[LOG] SystemI::createSample                    : mode 0a000202 length 19712 samples, lengthbytes 10784
[LOG] SystemI::createSample                    : channels = 1
[LOG] SystemI::createSample                    : output = 00000000848CCC88
[LOG] OutputSoftware::createSample             : lengthpcm 19712, lengthbytes 10784, channels 1, format 2, freq 40000, mode 0a00020a
[LOG] SystemI::createSoundInternal             : done.  OpenState now = FMOD_OPENSTATE_READY.

[LOG] SystemI::createSoundInternal             : filename =  : mode 0a000202
[LOG] SystemI::createSoundInternal             : exinfo->cbsize             = 232
[LOG] SystemI::createSoundInternal             : exinfo->length             = 4556704
[LOG] SystemI::createSoundInternal             : exinfo->fileoffset         = 86400
[LOG] SystemI::createSoundInternal             : exinfo->numsubsounds       = 1
[LOG] SystemI::createSoundInternal             : exinfo->inclusionlist      = 000000007996FB28
[LOG] SystemI::createSoundInternal             : exinfo->inclusionlistnum   = 1
[LOG] SystemI::createSoundInternal             : exinfo->suggestedsoundtype = 5
[LOG] SystemI::createSoundInternal             : exinfo->useropen           = 00007FFCBA638650
[LOG] SystemI::createSoundInternal             : exinfo->userclose          = 00007FFCBA6393C0
[LOG] SystemI::createSoundInternal             : exinfo->userread           = 00007FFCBA638730
[LOG] SystemI::createSoundInternal             : exinfo->userseek           = 00007FFCBA6387E0
[LOG] SystemI::createSoundInternal             : exinfo->fileuserdata       = 00000000965B2178
[LOG] SystemI::createSoundInternal             : exinfo->initialseekpostype = 1
[LOG] SystemI::createSoundInternal             : Format has 1 subsounds.
[LOG] SystemI::createSoundInternal             : Create as FMOD_CREATESAMPLE
[LOG] SystemI::createSoundInternal             : Multi-sample sound (1 subsounds), create a sample container.
[LOG] SystemI::createSoundInternal             : creating subsound 0/1
[LOG] SystemI::createSample                    : mode 0a000202 length 71168 samples, lengthbytes 38944
[LOG] SystemI::createSample                    : channels = 1
[LOG] SystemI::createSample                    : output = 00000000848CCC88
[LOG] OutputSoftware::createSample             : lengthpcm 71168, lengthbytes 38944, channels 1, format 2, freq 40000, mode 0a00020a
[LOG] SystemI::createSoundInternal             : done.  OpenState now = FMOD_OPENSTATE_READY.

[LOG] SystemI::createSoundInternal             : filename =  : mode 0a000202
[LOG] SystemI::createSoundInternal             : exinfo->cbsize             = 232
[LOG] SystemI::createSoundInternal             : exinfo->length             = 4556704
[LOG] SystemI::createSoundInternal             : exinfo->fileoffset         = 86400
[LOG] SystemI::createSoundInternal             : exinfo->numsubsounds       = 1
[LOG] SystemI::createSoundInternal             : exinfo->inclusionlist      = 000000007996FB28
[LOG] SystemI::createSoundInternal             : exinfo->inclusionlistnum   = 1
[LOG] SystemI::createSoundInternal             : exinfo->suggestedsoundtype = 5
[LOG] SystemI::createSoundInternal             : exinfo->useropen           = 00007FFCBA638650
[LOG] SystemI::createSoundInternal             : exinfo->userclose          = 00007FFCBA6393C0
[LOG] SystemI::createSoundInternal             : exinfo->userread           = 00007FFCBA638730
[LOG] SystemI::createSoundInternal             : exinfo->userseek           = 00007FFCBA6387E0
[LOG] SystemI::createSoundInternal             : exinfo->fileuserdata       = 00000000965B2178
[LOG] SystemI::createSoundInternal             : exinfo->initialseekpostype = 1
[LOG] SystemI::createSoundInternal             : Format has 1 subsounds.
[LOG] SystemI::createSoundInternal             : Create as FMOD_CREATESAMPLE
[LOG] SystemI::createSoundInternal             : Multi-sample sound (1 subsounds), create a sample container.
[LOG] SystemI::createSoundInternal             : creating subsound 0/1
[LOG] SystemI::createSample                    : mode 0a000202 length 38656 samples, lengthbytes 21152
[LOG] SystemI::createSample                    : channels = 1
[LOG] SystemI::createSample                    : output = 00000000848CCC88
[LOG] OutputSoftware::createSample             : lengthpcm 38656, lengthbytes 21152, channels 1, format 2, freq 40000, mode 0a00020a
[LOG] SystemI::createSoundInternal             : done.  OpenState now = FMOD_OPENSTATE_READY.

[LOG] SystemI::createSoundInternal             : filename =  : mode 0a000202
[LOG] SystemI::createSoundInternal             : exinfo->cbsize             = 232
[LOG] SystemI::createSoundInternal             : exinfo->length             = 4556704
[LOG] SystemI::createSoundInternal             : exinfo->fileoffset         = 86400
[LOG] SystemI::createSoundInternal             : exinfo->numsubsounds       = 1
[LOG] SystemI::createSoundInternal             : exinfo->inclusionlist      = 000000007996FB28
[LOG] SystemI::createSoundInternal             : exinfo->inclusionlistnum   = 1
[LOG] SystemI::createSoundInternal             : exinfo->suggestedsoundtype = 5
[LOG] SystemI::createSoundInternal             : exinfo->useropen           = 00007FFCBA638650
[LOG] SystemI::createSoundInternal             : exinfo->userclose          = 00007FFCBA6393C0
[LOG] SystemI::createSoundInternal             : exinfo->userread           = 00007FFCBA638730
[LOG] SystemI::createSoundInternal             : exinfo->userseek           = 00007FFCBA6387E0
[LOG] SystemI::createSoundInternal             : exinfo->fileuserdata       = 00000000965B2178
[LOG] SystemI::createSoundInternal             : exinfo->initialseekpostype = 1
[LOG] SystemI::createSoundInternal             : Format has 1 subsounds.
[LOG] SystemI::createSoundInternal             : Create as FMOD_CREATESAMPLE
[LOG] SystemI::createSoundInternal             : Multi-sample sound (1 subsounds), create a sample container.
[LOG] SystemI::createSoundInternal             : creating subsound 0/1
[LOG] SystemI::createSample                    : mode 0a000202 length 20224 samples, lengthbytes 11072
[LOG] SystemI::createSample                    : channels = 1
[LOG] SystemI::createSample                    : output = 00000000848CCC88
[LOG] OutputSoftware::createSample             : lengthpcm 20224, lengthbytes 11072, channels 1, format 2, freq 40000, mode 0a00020a
[LOG] SystemI::createSoundInternal             : done.  OpenState now = FMOD_OPENSTATE_READY.

[LOG] SystemI::createSoundInternal             : filename =  : mode 0a000202
[LOG] SystemI::createSoundInternal             : exinfo->cbsize             = 232
[LOG] SystemI::createSoundInternal             : exinfo->length             = 4556704
[LOG] SystemI::createSoundInternal             : exinfo->fileoffset         = 86400
[LOG] SystemI::createSoundInternal             : exinfo->numsubsounds       = 1
[LOG] SystemI::createSoundInternal             : exinfo->inclusionlist      = 000000007996FB28
[LOG] SystemI::createSoundInternal             : exinfo->inclusionlistnum   = 1
[LOG] SystemI::createSoundInternal             : exinfo->suggestedsoundtype = 5
[LOG] SystemI::createSoundInternal             : exinfo->useropen           = 00007FFCBA638650
[LOG] SystemI::createSoundInternal             : exinfo->userclose          = 00007FFCBA6393C0
[LOG] SystemI::createSoundInternal             : exinfo->userread           = 00007FFCBA638730
[LOG] SystemI::createSoundInternal             : exinfo->userseek           = 00007FFCBA6387E0
[LOG] SystemI::createSoundInternal             : exinfo->fileuserdata       = 00000000965B2178
[LOG] SystemI::createSoundInternal             : exinfo->initialseekpostype = 1
[LOG] SystemI::createSoundInternal             : Format has 1 subsounds.
[LOG] SystemI::createSoundInternal             : Create as FMOD_CREATESAMPLE
[LOG] SystemI::createSoundInternal             : Multi-sample sound (1 subsounds), create a sample container.
[LOG] SystemI::createSoundInternal             : creating subsound 0/1
[LOG] SystemI::createSample                    : mode 0a000202 length 18944 samples, lengthbytes 10368
[LOG] SystemI::createSample                    : channels = 1
[LOG] SystemI::createSample                    : output = 00000000848CCC88
[LOG] OutputSoftware::createSample             : lengthpcm 18944, lengthbytes 10368, channels 1, format 2, freq 40000, mode 0a00020a
[LOG] SystemI::createSoundInternal             : done.  OpenState now = FMOD_OPENSTATE_READY.

[LOG] SystemI::createSoundInternal             : filename =  : mode 0a000202
[LOG] SystemI::createSoundInternal             : exinfo->cbsize             = 232
[LOG] SystemI::createSoundInternal             : exinfo->length             = 4556704
[LOG] SystemI::createSoundInternal             : exinfo->fileoffset         = 86400
[LOG] SystemI::createSoundInternal             : exinfo->numsubsounds       = 1
[LOG] SystemI::createSoundInternal             : exinfo->inclusionlist      = 000000007996FB28
[LOG] SystemI::createSoundInternal             : exinfo->inclusionlistnum   = 1
[LOG] SystemI::createSoundInternal             : exinfo->suggestedsoundtype = 5
[LOG] SystemI::createSoundInternal             : exinfo->useropen           = 00007FFCBA638650
[LOG] SystemI::createSoundInternal             : exinfo->userclose          = 00007FFCBA6393C0
[LOG] SystemI::createSoundInternal             : exinfo->userread           = 00007FFCBA638730
[LOG] SystemI::createSoundInternal             : exinfo->userseek           = 00007FFCBA6387E0
[LOG] SystemI::createSoundInternal             : exinfo->fileuserdata       = 00000000965B2178
[LOG] SystemI::createSoundInternal             : exinfo->initialseekpostype = 1
[LOG] SystemI::createSoundInternal             : Format has 1 subsounds.
[LOG] SystemI::createSoundInternal             : Create as FMOD_CREATESAMPLE
[LOG] SystemI::createSoundInternal             : Multi-sample sound (1 subsounds), create a sample container.
[LOG] SystemI::createSoundInternal             : creating subsound 0/1
[LOG] SystemI::createSample                    : mode 0a000202 length 26880 samples, lengthbytes 14720
[LOG] SystemI::createSample                    : channels = 1
[LOG] SystemI::createSample                    : output = 00000000848CCC88
[LOG] OutputSoftware::createSample             : lengthpcm 26880, lengthbytes 14720, channels 1, format 2, freq 40000, mode 0a00020a
[LOG] SystemI::createSoundInternal             : done.  OpenState now = FMOD_OPENSTATE_READY.

[LOG] SystemI::createSoundInternal             : filename =  : mode 0a000202
[LOG] SystemI::createSoundInternal             : exinfo->cbsize             = 232
[LOG] SystemI::createSoundInternal             : exinfo->length             = 4556704
[LOG] SystemI::createSoundInternal             : exinfo->fileoffset         = 86400
[LOG] SystemI::createSoundInternal             : exinfo->numsubsounds       = 1
[LOG] SystemI::createSoundInternal             : exinfo->inclusionlist      = 000000007996FB28
[LOG] SystemI::createSoundInternal             : exinfo->inclusionlistnum   = 1
[LOG] SystemI::createSoundInternal             : exinfo->suggestedsoundtype = 5
[LOG] SystemI::createSoundInternal             : exinfo->useropen           = 00007FFCBA638650
[LOG] SystemI::createSoundInternal             : exinfo->userclose          = 00007FFCBA6393C0
[LOG] SystemI::createSoundInternal             : exinfo->userread           = 00007FFCBA638730
[LOG] SystemI::createSoundInternal             : exinfo->userseek           = 00007FFCBA6387E0
[LOG] SystemI::createSoundInternal             : exinfo->fileuserdata       = 00000000965B2178
[LOG] SystemI::createSoundInternal             : exinfo->initialseekpostype = 1
[LOG] SystemI::createSoundInternal             : Format has 1 subsounds.
[LOG] SystemI::createSoundInternal             : Create as FMOD_CREATESAMPLE
[LOG] SystemI::createSoundInternal             : Multi-sample sound (1 subsounds), create a sample container.
[LOG] SystemI::createSoundInternal             : creating subsound 0/1
[LOG] SystemI::createSample                    : mode 0a000202 length 16640 samples, lengthbytes 9120
[LOG] SystemI::createSample                    : channels = 1
[LOG] SystemI::createSample                    : output = 00000000848CCC88
[LOG] OutputSoftware::createSample             : lengthpcm 16640, lengthbytes 9120, channels 1, format 2, freq 40000, mode 0a00020a
[LOG] SystemI::createSoundInternal             : done.  OpenState now = FMOD_OPENSTATE_READY.

[LOG] SystemI::createSoundInternal             : filename =  : mode 0a000202
[LOG] SystemI::createSoundInternal             : exinfo->cbsize             = 232
[LOG] SystemI::createSoundInternal             : exinfo->length             = 4556704
[LOG] SystemI::createSoundInternal             : exinfo->fileoffset         = 86400
[LOG] SystemI::createSoundInternal             : exinfo->numsubsounds       = 1
[LOG] SystemI::createSoundInternal             : exinfo->inclusionlist      = 000000007996FB28
[LOG] SystemI::createSoundInternal             : exinfo->inclusionlistnum   = 1
[LOG] SystemI::createSoundInternal             : exinfo->suggestedsoundtype = 5
[LOG] SystemI::createSoundInternal             : exinfo->useropen           = 00007FFCBA638650
[LOG] SystemI::createSoundInternal             : exinfo->userclose          = 00007FFCBA6393C0
[LOG] SystemI::createSoundInternal             : exinfo->userread           = 00007FFCBA638730
[LOG] SystemI::createSoundInternal             : exinfo->userseek           = 00007FFCBA6387E0
[LOG] SystemI::createSoundInternal             : exinfo->fileuserdata       = 00000000965B2178
[LOG] SystemI::createSoundInternal             : exinfo->initialseekpostype = 1
[LOG] SystemI::createSoundInternal             : Format has 1 subsounds.
[LOG] SystemI::createSoundInternal             : Create as FMOD_CREATESAMPLE
[LOG] SystemI::createSoundInternal             : Multi-sample sound (1 subsounds), create a sample container.
[LOG] SystemI::createSoundInternal             : creating subsound 0/1
[LOG] SystemI::createSample                    : mode 0a000202 length 21248 samples, lengthbytes 11648
[LOG] SystemI::createSample                    : channels = 1
[LOG] SystemI::createSample                    : output = 00000000848CCC88
[LOG] OutputSoftware::createSample             : lengthpcm 21248, lengthbytes 11648, channels 1, format 2, freq 40000, mode 0a00020a
[LOG] SystemI::createSoundInternal             : done.  OpenState now = FMOD_OPENSTATE_READY.

[LOG] SystemI::createSoundInternal             : filename =  : mode 0a000202
[LOG] SystemI::createSoundInternal             : exinfo->cbsize             = 232
[LOG] SystemI::createSoundInternal             : exinfo->length             = 4556704
[LOG] SystemI::createSoundInternal             : exinfo->fileoffset         = 86400
[LOG] SystemI::createSoundInternal             : exinfo->numsubsounds       = 1
[LOG] SystemI::createSoundInternal             : exinfo->inclusionlist      = 000000007996FB28
[LOG] SystemI::createSoundInternal             : exinfo->inclusionlistnum   = 1
[LOG] SystemI::createSoundInternal             : exinfo->suggestedsoundtype = 5
[LOG] SystemI::createSoundInternal             : exinfo->useropen           = 00007FFCBA638650
[LOG] SystemI::createSoundInternal             : exinfo->userclose          = 00007FFCBA6393C0
[LOG] SystemI::createSoundInternal             : exinfo->userread           = 00007FFCBA638730
[LOG] SystemI::createSoundInternal             : exinfo->userseek           = 00007FFCBA6387E0
[LOG] SystemI::createSoundInternal             : exinfo->fileuserdata       = 00000000965B2178
[LOG] SystemI::createSoundInternal             : exinfo->initialseekpostype = 1
[LOG] SystemI::createSoundInternal             : Format has 1 subsounds.
[LOG] SystemI::createSoundInternal             : Create as FMOD_CREATESAMPLE
[LOG] SystemI::createSoundInternal             : Multi-sample sound (1 subsounds), create a sample container.
[LOG] SystemI::createSoundInternal             : creating subsound 0/1
[LOG] SystemI::createSample                    : mode 0a000202 length 30720 samples, lengthbytes 16800
[LOG] SystemI::createSample                    : channels = 1
[LOG] SystemI::createSample                    : output = 00000000848CCC88
[LOG] OutputSoftware::createSample             : lengthpcm 30720, lengthbytes 16800, channels 1, format 2, freq 40000, mode 0a00020a
[LOG] SystemI::createSoundInternal             : done.  OpenState now = FMOD_OPENSTATE_READY.

[WRN] EventInstance::update                    : Event {41024946-4d1a-4367-be6c-bebe45f31d65} waited 130 milliseconds for sample data to load.  Preload sample data to avoid this delay.
[WRN] ChannelI::forceVirtual                   : Ignoring force virtual since channel just went real
[WRN] ChannelI::forceVirtual                   : Ignoring force virtual since channel just went real
[WRN] ChannelI::forceVirtual                   : Ignoring force virtual since channel just went real
[WRN] ChannelI::forceVirtual                   : Ignoring force virtual since channel just went real
[WRN] ChannelI::forceVirtual                   : Ignoring force virtual since channel just went real
[WRN] ChannelI::forceVirtual                   : Ignoring force virtual since channel just went real
[WRN] ChannelI::forceVirtual                   : Ignoring force virtual since channel just went real
[WRN] ChannelI::forceVirtual                   : Ignoring force virtual since channel just went real
[WRN] ChannelI::forceVirtual                   : Ignoring force virtual since channel just went real
[WRN] ChannelI::forceVirtual                   : Ignoring force virtual since channel just went real
[WRN] ChannelI::forceVirtual                   : Ignoring force virtual since channel just went real
[WRN] ChannelI::forceVirtual                   : Ignoring force virtual since channel just went real
[WRN] ChannelI::forceVirtual                   : Ignoring force virtual since channel just went real
[WRN] ChannelI::forceVirtual                   : Ignoring force virtual since channel just went real
[WRN] ChannelI::forceVirtual                   : Ignoring force virtual since channel just went real
[WRN] ChannelI::forceVirtual                   : Ignoring force virtual since channel just went real
[WRN] ChannelI::forceVirtual                   : Ignoring force virtual since channel just went real
[WRN] ChannelI::forceVirtual                   : Ignoring force virtual since channel just went real
[WRN] ChannelI::forceVirtual                   : Ignoring force virtual since channel just went real
[WRN] ChannelI::forceVirtual                   : Ignoring force virtual since channel just went real
[WRN] ChannelI::forceVirtual                   : Ignoring force virtual since channel just went real
[WRN] ChannelI::forceVirtual                   : Ignoring force virtual since channel just went real
[WRN] ChannelI::forceVirtual                   : Ignoring force virtual since channel just went real
[WRN] ChannelI::forceVirtual                   : Ignoring force virtual since channel just went real
[WRN] ChannelI::forceVirtual                   : Ignoring force virtual since channel just went real
[WRN] ChannelI::forceVirtual                   : Ignoring force virtual since channel just went real
[WRN] ChannelI::forceVirtual                   : Ignoring force virtual since channel just went real
[WRN] ChannelI::forceVirtual                   : Ignoring force virtual since channel just went real
[WRN] ChannelI::forceVirtual                   : Ignoring force virtual since channel just went real
[WRN] ChannelI::forceVirtual                   : Ignoring force virtual since channel just went real
[WRN] ChannelI::forceVirtual                   : Ignoring force virtual since channel just went real
[WRN] ChannelI::forceVirtual                   : Ignoring force virtual since channel just went real
[WRN] ChannelI::forceVirtual                   : Ignoring force virtual since channel just went real
[WRN] ChannelI::forceVirtual                   : Ignoring force virtual since channel just went real
[WRN] ChannelI::forceVirtual                   : Ignoring force virtual since channel just went real
[WRN] ChannelI::forceVirtual                   : Ignoring force virtual since channel just went real
[LOG] SystemI::createSoundInternal             : filename =  : mode 0a000202
[LOG] SystemI::createSoundInternal             : exinfo->cbsize             = 232
[LOG] SystemI::createSoundInternal             : exinfo->length             = 696480
[LOG] SystemI::createSoundInternal             : exinfo->fileoffset         = 21792
[LOG] SystemI::createSoundInternal             : exinfo->numsubsounds       = 1
[LOG] SystemI::createSoundInternal             : exinfo->inclusionlist      = 000000007996FB28
[LOG] SystemI::createSoundInternal             : exinfo->inclusionlistnum   = 1
[LOG] SystemI::createSoundInternal             : exinfo->suggestedsoundtype = 5
[LOG] SystemI::createSoundInternal             : exinfo->useropen           = 00007FFCBA638650
[LOG] SystemI::createSoundInternal             : exinfo->userclose          = 00007FFCBA6393C0
[LOG] SystemI::createSoundInternal             : exinfo->userread           = 00007FFCBA638730
[LOG] SystemI::createSoundInternal             : exinfo->userseek           = 00007FFCBA6387E0
[LOG] SystemI::createSoundInternal             : exinfo->fileuserdata       = 0000000084856268
[LOG] SystemI::createSoundInternal             : exinfo->initialseekpostype = 1
[LOG] SystemI::createSoundInternal             : Format has 1 subsounds.
[LOG] SystemI::createSoundInternal             : Create as FMOD_CREATESAMPLE
[LOG] SystemI::createSoundInternal             : Multi-sample sound (1 subsounds), create a sample container.
[LOG] SystemI::createSoundInternal             : creating subsound 0/1
[LOG] SystemI::createSample                    : mode 0a000202 length 10496 samples, lengthbytes 5760
[LOG] SystemI::createSample                    : channels = 1
[LOG] SystemI::createSample                    : output = 00000000848CCC88
[LOG] OutputSoftware::createSample             : lengthpcm 10496, lengthbytes 5760, channels 1, format 2, freq 40000, mode 0a00020a
[LOG] SystemI::createSoundInternal             : done.  OpenState now = FMOD_OPENSTATE_READY.

[LOG] SystemI::createSoundInternal             : filename =  : mode 0a000202
[LOG] SystemI::createSoundInternal             : exinfo->cbsize             = 232
[LOG] SystemI::createSoundInternal             : exinfo->length             = 696480
[LOG] SystemI::createSoundInternal             : exinfo->fileoffset         = 21792
[LOG] SystemI::createSoundInternal             : exinfo->numsubsounds       = 1
[LOG] SystemI::createSoundInternal             : exinfo->inclusionlist      = 000000007996FB28
[LOG] SystemI::createSoundInternal             : exinfo->inclusionlistnum   = 1
[LOG] SystemI::createSoundInternal             : exinfo->suggestedsoundtype = 5
[LOG] SystemI::createSoundInternal             : exinfo->useropen           = 00007FFCBA638650
[LOG] SystemI::createSoundInternal             : exinfo->userclose          = 00007FFCBA6393C0
[LOG] SystemI::createSoundInternal             : exinfo->userread           = 00007FFCBA638730
[LOG] SystemI::createSoundInternal             : exinfo->userseek           = 00007FFCBA6387E0
[LOG] SystemI::createSoundInternal             : exinfo->fileuserdata       = 0000000084856268
[LOG] SystemI::createSoundInternal             : exinfo->initialseekpostype = 1
[LOG] SystemI::createSoundInternal             : Format has 1 subsounds.
[LOG] SystemI::createSoundInternal             : Create as FMOD_CREATESAMPLE
[LOG] SystemI::createSoundInternal             : Multi-sample sound (1 subsounds), create a sample container.
[LOG] SystemI::createSoundInternal             : creating subsound 0/1
[LOG] SystemI::createSample                    : mode 0a000202 length 11776 samples, lengthbytes 6464
[LOG] SystemI::createSample                    : channels = 1
[LOG] SystemI::createSample                    : output = 00000000848CCC88
[LOG] OutputSoftware::createSample             : lengthpcm 11776, lengthbytes 6464, channels 1, format 2, freq 40000, mode 0a00020a
[LOG] SystemI::createSoundInternal             : done.  OpenState now = FMOD_OPENSTATE_READY.

[LOG] SystemI::createSoundInternal             : filename =  : mode 0a000202
[WRN] ChannelI::forceVirtual                   : Ignoring force virtual since channel just went real
[LOG] SystemI::createSoundInternal             : exinfo->cbsize             = 232
[WRN] ChannelI::forceVirtual                   : Ignoring force virtual since channel just went real
[LOG] SystemI::createSoundInternal             : exinfo->length             = 696480
[WRN] ChannelI::forceVirtual                   : Ignoring force virtual since channel just went real
[LOG] SystemI::createSoundInternal             : exinfo->fileoffset         = 21792
[WRN] ChannelI::forceVirtual                   : Ignoring force virtual since channel just went real
[LOG] SystemI::createSoundInternal             : exinfo->numsubsounds       = 1
[WRN] ChannelI::forceVirtual                   : Ignoring force virtual since channel just went real
[LOG] SystemI::createSoundInternal             : exinfo->inclusionlist      = 000000007996FB28
[WRN] ChannelI::forceVirtual                   : Ignoring force virtual since channel just went real
[LOG] SystemI::createSoundInternal             : exinfo->inclusionlistnum   = 1
[LOG] SystemI::createSoundInternal             : exinfo->suggestedsoundtype = 5
[LOG] SystemI::createSoundInternal             : exinfo->useropen           = 00007FFCBA638650
[LOG] SystemI::createSoundInternal             : exinfo->userclose          = 00007FFCBA6393C0
[LOG] SystemI::createSoundInternal             : exinfo->userread           = 00007FFCBA638730
[LOG] SystemI::createSoundInternal             : exinfo->userseek           = 00007FFCBA6387E0
[LOG] SystemI::createSoundInternal             : exinfo->fileuserdata       = 0000000084856268
[LOG] SystemI::createSoundInternal             : exinfo->initialseekpostype = 1
[LOG] SystemI::createSoundInternal             : Format has 1 subsounds.
[LOG] SystemI::createSoundInternal             : Create as FMOD_CREATESAMPLE
[LOG] SystemI::createSoundInternal             : Multi-sample sound (1 subsounds), create a sample container.
[LOG] SystemI::createSoundInternal             : creating subsound 0/1
[LOG] SystemI::createSample                    : mode 0a000202 length 13312 samples, lengthbytes 7296
[LOG] SystemI::createSample                    : channels = 1
[LOG] SystemI::createSample                    : output = 00000000848CCC88
[LOG] OutputSoftware::createSample             : lengthpcm 13312, lengthbytes 7296, channels 1, format 2, freq 40000, mode 0a00020a
[LOG] SystemI::createSoundInternal             : done.  OpenState now = FMOD_OPENSTATE_READY.

[LOG] SystemI::createSoundInternal             : filename =  : mode 0a000202
[LOG] SystemI::createSoundInternal             : exinfo->cbsize             = 232
[LOG] SystemI::createSoundInternal             : exinfo->length             = 696480
[LOG] SystemI::createSoundInternal             : exinfo->fileoffset         = 21792
[LOG] SystemI::createSoundInternal             : exinfo->numsubsounds       = 1
[LOG] SystemI::createSoundInternal             : exinfo->inclusionlist      = 000000007996FB28
[LOG] SystemI::createSoundInternal             : exinfo->inclusionlistnum   = 1
[LOG] SystemI::createSoundInternal             : exinfo->suggestedsoundtype = 5
[LOG] SystemI::createSoundInternal             : exinfo->useropen           = 00007FFCBA638650
[LOG] SystemI::createSoundInternal             : exinfo->userclose          = 00007FFCBA6393C0
[LOG] SystemI::createSoundInternal             : exinfo->userread           = 00007FFCBA638730
[LOG] SystemI::createSoundInternal             : exinfo->userseek           = 00007FFCBA6387E0
[LOG] SystemI::createSoundInternal             : exinfo->fileuserdata       = 0000000084856268
[LOG] SystemI::createSoundInternal             : exinfo->initialseekpostype = 1
[LOG] SystemI::createSoundInternal             : Format has 1 subsounds.
[LOG] SystemI::createSoundInternal             : Create as FMOD_CREATESAMPLE
[LOG] SystemI::createSoundInternal             : Multi-sample sound (1 subsounds), create a sample container.
[LOG] SystemI::createSoundInternal             : creating subsound 0/1
[LOG] SystemI::createSample                    : mode 0a000202 length 15360 samples, lengthbytes 8416
[LOG] SystemI::createSample                    : channels = 1
[LOG] SystemI::createSample                    : output = 00000000848CCC88
[LOG] OutputSoftware::createSample             : lengthpcm 15360, lengthbytes 8416, channels 1, format 2, freq 40000, mode 0a00020a
[LOG] SystemI::createSoundInternal             : done.  OpenState now = FMOD_OPENSTATE_READY.

[LOG] SystemI::createSoundInternal             : filename =  : mode 0a000202
[LOG] SystemI::createSoundInternal             : exinfo->cbsize             = 232
[LOG] SystemI::createSoundInternal             : exinfo->length             = 5401504
[LOG] SystemI::createSoundInternal             : exinfo->fileoffset         = 187904
[LOG] SystemI::createSoundInternal             : exinfo->numsubsounds       = 1
[LOG] SystemI::createSoundInternal             : exinfo->inclusionlist      = 000000007996FB28
[LOG] SystemI::createSoundInternal             : exinfo->inclusionlistnum   = 1
[LOG] SystemI::createSoundInternal             : exinfo->suggestedsoundtype = 5
[LOG] SystemI::createSoundInternal             : exinfo->useropen           = 00007FFCBA638650
[LOG] SystemI::createSoundInternal             : exinfo->userclose          = 00007FFCBA6393C0
[LOG] SystemI::createSoundInternal             : exinfo->userread           = 00007FFCBA638730
[LOG] SystemI::createSoundInternal             : exinfo->userseek           = 00007FFCBA6387E0
[LOG] SystemI::createSoundInternal             : exinfo->fileuserdata       = 0000000084854068
[LOG] SystemI::createSoundInternal             : exinfo->initialseekpostype = 1
[LOG] SystemI::createSoundInternal             : Format has 1 subsounds.
[LOG] SystemI::createSoundInternal             : Create as FMOD_CREATESAMPLE
[LOG] SystemI::createSoundInternal             : Multi-sample sound (1 subsounds), create a sample container.
[LOG] SystemI::createSoundInternal             : creating subsound 0/1
[LOG] SystemI::createSample                    : mode 0a000202 length 19712 samples, lengthbytes 10784
[LOG] SystemI::createSample                    : channels = 1
[LOG] SystemI::createSample                    : output = 00000000848CCC88
[LOG] OutputSoftware::createSample             : lengthpcm 19712, lengthbytes 10784, channels 1, format 2, freq 40000, mode 0a00020a
[LOG] SystemI::createSoundInternal             : done.  OpenState now = FMOD_OPENSTATE_READY.

[LOG] SystemI::createSoundInternal             : filename =  : mode 0a000202
[LOG] SystemI::createSoundInternal             : exinfo->cbsize             = 232
[LOG] SystemI::createSoundInternal             : exinfo->length             = 5401504
[LOG] SystemI::createSoundInternal             : exinfo->fileoffset         = 187904
[LOG] SystemI::createSoundInternal             : exinfo->numsubsounds       = 1
[LOG] SystemI::createSoundInternal             : exinfo->inclusionlist      = 000000007996FB28
[LOG] SystemI::createSoundInternal             : exinfo->inclusionlistnum   = 1
[LOG] SystemI::createSoundInternal             : exinfo->suggestedsoundtype = 5
[LOG] SystemI::createSoundInternal             : exinfo->useropen           = 00007FFCBA638650
[LOG] SystemI::createSoundInternal             : exinfo->userclose          = 00007FFCBA6393C0
[LOG] SystemI::createSoundInternal             : exinfo->userread           = 00007FFCBA638730
[LOG] SystemI::createSoundInternal             : exinfo->userseek           = 00007FFCBA6387E0
[LOG] SystemI::createSoundInternal             : exinfo->fileuserdata       = 0000000084854068
[LOG] SystemI::createSoundInternal             : exinfo->initialseekpostype = 1
[LOG] SystemI::createSoundInternal             : Format has 1 subsounds.
[LOG] SystemI::createSoundInternal             : Create as FMOD_CREATESAMPLE
[LOG] SystemI::createSoundInternal             : Multi-sample sound (1 subsounds), create a sample container.
[LOG] SystemI::createSoundInternal             : creating subsound 0/1
[LOG] SystemI::createSample                    : mode 0a000202 length 40192 samples, lengthbytes 21984
[LOG] SystemI::createSample                    : channels = 1
[LOG] SystemI::createSample                    : output = 00000000848CCC88
[LOG] OutputSoftware::createSample             : lengthpcm 40192, lengthbytes 21984, channels 1, format 2, freq 40000, mode 0a00020a
[LOG] SystemI::createSoundInternal             : done.  OpenState now = FMOD_OPENSTATE_READY.

[LOG] SystemI::createSoundInternal             : filename =  : mode 0a000202
[LOG] SystemI::createSoundInternal             : exinfo->cbsize             = 232
[LOG] SystemI::createSoundInternal             : exinfo->length             = 5401504
[WRN] EventInstance::update                    : Event {faf1bae3-2841-491d-b2f0-35b5a6f07a1d} waited 60 milliseconds for sample data to load.  Preload sample data to avoid this delay.
[LOG] SystemI::createSoundInternal             : exinfo->fileoffset         = 187904
[WRN] EventInstance::update                    : Event {657a5400-1755-4cad-b4d6-03c3fa4764e3} waited 60 milliseconds for sample data to load.  Preload sample data to avoid this delay.
[LOG] SystemI::createSoundInternal             : exinfo->numsubsounds       = 1
[LOG] SystemI::createSoundInternal             : exinfo->inclusionlist      = 000000007996FB28
[LOG] SystemI::createSoundInternal             : exinfo->inclusionlistnum   = 1
[LOG] SystemI::createSoundInternal             : exinfo->suggestedsoundtype = 5
[LOG] SystemI::createSoundInternal             : exinfo->useropen           = 00007FFCBA638650
[LOG] SystemI::createSoundInternal             : exinfo->userclose          = 00007FFCBA6393C0
[LOG] SystemI::createSoundInternal             : exinfo->userread           = 00007FFCBA638730
[LOG] SystemI::createSoundInternal             : exinfo->userseek           = 00007FFCBA6387E0
[LOG] SystemI::createSoundInternal             : exinfo->fileuserdata       = 0000000084854068
[LOG] SystemI::createSoundInternal             : exinfo->initialseekpostype = 1
[LOG] SystemI::createSoundInternal             : Format has 1 subsounds.
[LOG] SystemI::createSoundInternal             : Create as FMOD_CREATESAMPLE
[LOG] SystemI::createSoundInternal             : Multi-sample sound (1 subsounds), create a sample container.
[LOG] SystemI::createSoundInternal             : creating subsound 0/1
[LOG] SystemI::createSample                    : mode 0a000202 length 5120 samples, lengthbytes 2816
[LOG] SystemI::createSample                    : channels = 1
[LOG] SystemI::createSample                    : output = 00000000848CCC88
[LOG] OutputSoftware::createSample             : lengthpcm 5120, lengthbytes 2816, channels 1, format 2, freq 40000, mode 0a00020a
[LOG] SystemI::createSoundInternal             : done.  OpenState now = FMOD_OPENSTATE_READY.

[WRN] EventInstance::update                    : Event {e3c27a3d-e70a-4dc7-bc24-05fa0b1342d9} waited 89 milliseconds for sample data to load.  Preload sample data to avoid this delay.
[WRN] ChannelI::forceVirtual                   : Ignoring force virtual since channel just went real
[WRN] ChannelI::forceVirtual                   : Ignoring force virtual since channel just went real
[WRN] ChannelI::forceVirtual                   : Ignoring force virtual since channel just went real
[WRN] ChannelI::forceVirtual                   : Ignoring force virtual since channel just went real
[WRN] ChannelI::forceVirtual                   : Ignoring force virtual since channel just went real
[WRN] ChannelI::forceVirtual                   : Ignoring force virtual since channel just went real
[WRN] ChannelI::forceVirtual                   : Ignoring force virtual since channel just went real
[WRN] ChannelI::forceVirtual                   : Ignoring force virtual since channel just went real
[WRN] ChannelI::forceVirtual                   : Ignoring force virtual since channel just went real
[WRN] ChannelI::forceVirtual                   : Ignoring force virtual since channel just went real
[WRN] ChannelI::forceVirtual                   : Ignoring force virtual since channel just went real
[WRN] ChannelI::forceVirtual                   : Ignoring force virtual since channel just went real
[WRN] ChannelI::forceVirtual                   : Ignoring force virtual since channel just went real
[WRN] ChannelI::forceVirtual                   : Ignoring force virtual since channel just went real
[WRN] ChannelI::forceVirtual                   : Ignoring force virtual since channel just went real
[WRN] ChannelI::forceVirtual                   : Ignoring force virtual since channel just went real
[WRN] ChannelI::forceVirtual                   : Ignoring force virtual since channel just went real
[WRN] ChannelI::forceVirtual                   : Ignoring force virtual since channel just went real
[WRN] ChannelI::forceVirtual                   : Ignoring force virtual since channel just went real
[WRN] ChannelI::forceVirtual                   : Ignoring force virtual since channel just went real
[WRN] ChannelI::forceVirtual                   : Ignoring force virtual since channel just went real
[WRN] ChannelI::forceVirtual                   : Ignoring force virtual since channel just went real
[WRN] ChannelI::forceVirtual                   : Ignoring force virtual since channel just went real
[WRN] ChannelI::forceVirtual                   : Ignoring force virtual since channel just went real
[WRN] ChannelI::forceVirtual                   : Ignoring force virtual since channel just went real
[WRN] ChannelI::forceVirtual                   : Ignoring force virtual since channel just went real
[WRN] ChannelI::forceVirtual                   : Ignoring force virtual since channel just went real
[WRN] ChannelI::forceVirtual                   : Ignoring force virtual since channel just went real
[LOG] SystemI::createSoundInternal             : filename =  : mode 0a000202
[LOG] SystemI::createSoundInternal             : exinfo->cbsize             = 232
[LOG] SystemI::createSoundInternal             : exinfo->length             = 989184
[LOG] SystemI::createSoundInternal             : exinfo->fileoffset         = 33920
[LOG] SystemI::createSoundInternal             : exinfo->numsubsounds       = 1
[LOG] SystemI::createSoundInternal             : exinfo->inclusionlist      = 000000007996FB28
[LOG] SystemI::createSoundInternal             : exinfo->inclusionlistnum   = 1
[LOG] SystemI::createSoundInternal             : exinfo->suggestedsoundtype = 5
[LOG] SystemI::createSoundInternal             : exinfo->useropen           = 00007FFCBA638650
[LOG] SystemI::createSoundInternal             : exinfo->userclose          = 00007FFCBA6393C0
[LOG] SystemI::createSoundInternal             : exinfo->userread           = 00007FFCBA638730
[LOG] SystemI::createSoundInternal             : exinfo->userseek           = 00007FFCBA6387E0
[LOG] SystemI::createSoundInternal             : exinfo->fileuserdata       = 0000000084855E28
[LOG] SystemI::createSoundInternal             : exinfo->initialseekpostype = 1
[LOG] SystemI::createSoundInternal             : Format has 1 subsounds.
[LOG] SystemI::createSoundInternal             : Create as FMOD_CREATESAMPLE
[LOG] SystemI::createSoundInternal             : Multi-sample sound (1 subsounds), create a sample container.
[LOG] SystemI::createSoundInternal             : creating subsound 0/1
[LOG] SystemI::createSample                    : mode 0a000202 length 67840 samples, lengthbytes 37120
[LOG] SystemI::createSample                    : channels = 1
[LOG] SystemI::createSample                    : output = 00000000848CCC88
[LOG] OutputSoftware::createSample             : lengthpcm 67840, lengthbytes 37120, channels 1, format 2, freq 40000, mode 0a00020a
[LOG] SystemI::createSoundInternal             : done.  OpenState now = FMOD_OPENSTATE_READY.

[LOG] SystemI::createSoundInternal             : filename =  : mode 0a000202
[LOG] SystemI::createSoundInternal             : exinfo->cbsize             = 232
[LOG] SystemI::createSoundInternal             : exinfo->length             = 989184
[LOG] SystemI::createSoundInternal             : exinfo->fileoffset         = 33920
[LOG] SystemI::createSoundInternal             : exinfo->numsubsounds       = 1
[LOG] SystemI::createSoundInternal             : exinfo->inclusionlist      = 000000007996FB28
[LOG] SystemI::createSoundInternal             : exinfo->inclusionlistnum   = 1
[LOG] SystemI::createSoundInternal             : exinfo->suggestedsoundtype = 5
[LOG] SystemI::createSoundInternal             : exinfo->useropen           = 00007FFCBA638650
[LOG] SystemI::createSoundInternal             : exinfo->userclose          = 00007FFCBA6393C0
[LOG] SystemI::createSoundInternal             : exinfo->userread           = 00007FFCBA638730
[LOG] SystemI::createSoundInternal             : exinfo->userseek           = 00007FFCBA6387E0
[LOG] SystemI::createSoundInternal             : exinfo->fileuserdata       = 0000000084855E28
[LOG] SystemI::createSoundInternal             : exinfo->initialseekpostype = 1
[LOG] SystemI::createSoundInternal             : Format has 1 subsounds.
[LOG] SystemI::createSoundInternal             : Create as FMOD_CREATESAMPLE
[LOG] SystemI::createSoundInternal             : Multi-sample sound (1 subsounds), create a sample container.
[LOG] SystemI::createSoundInternal             : creating subsound 0/1
[LOG] SystemI::createSample                    : mode 0a000202 length 35072 samples, lengthbytes 19200
[LOG] SystemI::createSample                    : channels = 1
[LOG] SystemI::createSample                    : output = 00000000848CCC88
[LOG] OutputSoftware::createSample             : lengthpcm 35072, lengthbytes 19200, channels 1, format 2, freq 40000, mode 0a00020a
[LOG] SystemI::createSoundInternal             : done.  OpenState now = FMOD_OPENSTATE_READY.

[LOG] SystemI::createSoundInternal             : filename =  : mode 0a000202
[LOG] SystemI::createSoundInternal             : exinfo->cbsize             = 232
[LOG] SystemI::createSoundInternal             : exinfo->length             = 989184
[LOG] SystemI::createSoundInternal             : exinfo->fileoffset         = 33920
[LOG] SystemI::createSoundInternal             : exinfo->numsubsounds       = 1
[LOG] SystemI::createSoundInternal             : exinfo->inclusionlist      = 000000007996FB28
[LOG] SystemI::createSoundInternal             : exinfo->inclusionlistnum   = 1
[LOG] SystemI::createSoundInternal             : exinfo->suggestedsoundtype = 5
[LOG] SystemI::createSoundInternal             : exinfo->useropen           = 00007FFCBA638650
[LOG] SystemI::createSoundInternal             : exinfo->userclose          = 00007FFCBA6393C0
[LOG] SystemI::createSoundInternal             : exinfo->userread           = 00007FFCBA638730
[LOG] SystemI::createSoundInternal             : exinfo->userseek           = 00007FFCBA6387E0
[LOG] SystemI::createSoundInternal             : exinfo->fileuserdata       = 0000000084855E28
[LOG] SystemI::createSoundInternal             : exinfo->initialseekpostype = 1
[LOG] SystemI::createSoundInternal             : Format has 1 subsounds.
[LOG] SystemI::createSoundInternal             : Create as FMOD_CREATESAMPLE
[LOG] SystemI::createSoundInternal             : Multi-sample sound (1 subsounds), create a sample container.
[LOG] SystemI::createSoundInternal             : creating subsound 0/1
[LOG] SystemI::createSample                    : mode 0a000202 length 78592 samples, lengthbytes 43008
[LOG] SystemI::createSample                    : channels = 1
[LOG] SystemI::createSample                    : output = 00000000848CCC88
[LOG] OutputSoftware::createSample             : lengthpcm 78592, lengthbytes 43008, channels 1, format 2, freq 40000, mode 0a00020a
[LOG] SystemI::createSoundInternal             : done.  OpenState now = FMOD_OPENSTATE_READY.

[LOG] SystemI::createSoundInternal             : filename =  : mode 0a000202
[LOG] SystemI::createSoundInternal             : exinfo->cbsize             = 232
[LOG] SystemI::createSoundInternal             : exinfo->length             = 989184
[LOG] SystemI::createSoundInternal             : exinfo->fileoffset         = 33920
[LOG] SystemI::createSoundInternal             : exinfo->numsubsounds       = 1
[LOG] SystemI::createSoundInternal             : exinfo->inclusionlist      = 000000007996FB28
[LOG] SystemI::createSoundInternal             : exinfo->inclusionlistnum   = 1
[LOG] SystemI::createSoundInternal             : exinfo->suggestedsoundtype = 5
[LOG] SystemI::createSoundInternal             : exinfo->useropen           = 00007FFCBA638650
[LOG] SystemI::createSoundInternal             : exinfo->userclose          = 00007FFCBA6393C0
[LOG] SystemI::createSoundInternal             : exinfo->userread           = 00007FFCBA638730
[LOG] SystemI::createSoundInternal             : exinfo->userseek           = 00007FFCBA6387E0
[LOG] SystemI::createSoundInternal             : exinfo->fileuserdata       = 0000000084855E28
[LOG] SystemI::createSoundInternal             : exinfo->initialseekpostype = 1
[LOG] SystemI::createSoundInternal             : Format has 1 subsounds.
[LOG] SystemI::createSoundInternal             : Create as FMOD_CREATESAMPLE
[LOG] SystemI::createSoundInternal             : Multi-sample sound (1 subsounds), create a sample container.
[LOG] SystemI::createSoundInternal             : creating subsound 0/1
[LOG] SystemI::createSample                    : mode 0a000202 length 28672 samples, lengthbytes 15680
[LOG] SystemI::createSample                    : channels = 1
[LOG] SystemI::createSample                    : output = 00000000848CCC88
[LOG] OutputSoftware::createSample             : lengthpcm 28672, lengthbytes 15680, channels 1, format 2, freq 40000, mode 0a00020a
[LOG] SystemI::createSoundInternal             : done.  OpenState now = FMOD_OPENSTATE_READY.

[LOG] SystemI::createSoundInternal             : filename =  : mode 0a000202
[LOG] SystemI::createSoundInternal             : exinfo->cbsize             = 232
[LOG] SystemI::createSoundInternal             : exinfo->length             = 989184
[LOG] SystemI::createSoundInternal             : exinfo->fileoffset         = 33920
[LOG] SystemI::createSoundInternal             : exinfo->numsubsounds       = 1
[LOG] SystemI::createSoundInternal             : exinfo->inclusionlist      = 000000007996FB28
[LOG] SystemI::createSoundInternal             : exinfo->inclusionlistnum   = 1
[LOG] SystemI::createSoundInternal             : exinfo->suggestedsoundtype = 5
[LOG] SystemI::createSoundInternal             : exinfo->useropen           = 00007FFCBA638650
[LOG] SystemI::createSoundInternal             : exinfo->userclose          = 00007FFCBA6393C0
[LOG] SystemI::createSoundInternal             : exinfo->userread           = 00007FFCBA638730
[LOG] SystemI::createSoundInternal             : exinfo->userseek           = 00007FFCBA6387E0
[LOG] SystemI::createSoundInternal             : exinfo->fileuserdata       = 0000000084855E28
[LOG] SystemI::createSoundInternal             : exinfo->initialseekpostype = 1
[LOG] SystemI::createSoundInternal             : Format has 1 subsounds.
[LOG] SystemI::createSoundInternal             : Create as FMOD_CREATESAMPLE
[LOG] SystemI::createSoundInternal             : Multi-sample sound (1 subsounds), create a sample container.
[LOG] SystemI::createSoundInternal             : creating subsound 0/1
[LOG] SystemI::createSample                    : mode 0a000202 length 118272 samples, lengthbytes 64704
[LOG] SystemI::createSample                    : channels = 1
[LOG] SystemI::createSample                    : output = 00000000848CCC88
[LOG] OutputSoftware::createSample             : lengthpcm 118272, lengthbytes 64704, channels 1, format 2, freq 40000, mode 0a00020a
[LOG] SystemI::createSoundInternal             : done.  OpenState now = FMOD_OPENSTATE_READY.

[LOG] SystemI::createSoundInternal             : filename =  : mode 0a000202
[LOG] SystemI::createSoundInternal             : exinfo->cbsize             = 232
[LOG] SystemI::createSoundInternal             : exinfo->length             = 989184
[LOG] SystemI::createSoundInternal             : exinfo->fileoffset         = 33920
[LOG] SystemI::createSoundInternal             : exinfo->numsubsounds       = 1
[LOG] SystemI::createSoundInternal             : exinfo->inclusionlist      = 000000007996FB28
[LOG] SystemI::createSoundInternal             : exinfo->inclusionlistnum   = 1
[LOG] SystemI::createSoundInternal             : exinfo->suggestedsoundtype = 5
[LOG] SystemI::createSoundInternal             : exinfo->useropen           = 00007FFCBA638650
[LOG] SystemI::createSoundInternal             : exinfo->userclose          = 00007FFCBA6393C0
[LOG] SystemI::createSoundInternal             : exinfo->userread           = 00007FFCBA638730
[LOG] SystemI::createSoundInternal             : exinfo->userseek           = 00007FFCBA6387E0
[LOG] SystemI::createSoundInternal             : exinfo->fileuserdata       = 0000000084855E28
[LOG] SystemI::createSoundInternal             : exinfo->initialseekpostype = 1
[LOG] SystemI::createSoundInternal             : Format has 1 subsounds.
[LOG] SystemI::createSoundInternal             : Create as FMOD_CREATESAMPLE
[LOG] SystemI::createSoundInternal             : Multi-sample sound (1 subsounds), create a sample container.
[LOG] SystemI::createSoundInternal             : creating subsound 0/1
[LOG] SystemI::createSample                    : mode 0a000202 length 145408 samples, lengthbytes 79520
[LOG] SystemI::createSample                    : channels = 1
[LOG] SystemI::createSample                    : output = 00000000848CCC88
[LOG] OutputSoftware::createSample             : lengthpcm 145408, lengthbytes 79520, channels 1, format 2, freq 40000, mode 0a00020a
[LOG] SystemI::createSoundInternal             : done.  OpenState now = FMOD_OPENSTATE_READY.

[LOG] SystemI::createSoundInternal             : filename =  : mode 0a000202
[LOG] SystemI::createSoundInternal             : exinfo->cbsize             = 232
[LOG] SystemI::createSoundInternal             : exinfo->length             = 989184
[LOG] SystemI::createSoundInternal             : exinfo->fileoffset         = 33920
[LOG] SystemI::createSoundInternal             : exinfo->numsubsounds       = 1
[LOG] SystemI::createSoundInternal             : exinfo->inclusionlist      = 000000007996FB28
[LOG] SystemI::createSoundInternal             : exinfo->inclusionlistnum   = 1
[LOG] SystemI::createSoundInternal             : exinfo->suggestedsoundtype = 5
[LOG] SystemI::createSoundInternal             : exinfo->useropen           = 00007FFCBA638650
[LOG] SystemI::createSoundInternal             : exinfo->userclose          = 00007FFCBA6393C0
[LOG] SystemI::createSoundInternal             : exinfo->userread           = 00007FFCBA638730
[LOG] SystemI::createSoundInternal             : exinfo->userseek           = 00007FFCBA6387E0
[LOG] SystemI::createSoundInternal             : exinfo->fileuserdata       = 0000000084855E28
[LOG] SystemI::createSoundInternal             : exinfo->initialseekpostype = 1
[LOG] SystemI::createSoundInternal             : Format has 1 subsounds.
[LOG] SystemI::createSoundInternal             : Create as FMOD_CREATESAMPLE
[LOG] SystemI::createSoundInternal             : Multi-sample sound (1 subsounds), create a sample container.
[LOG] SystemI::createSoundInternal             : creating subsound 0/1
[LOG] SystemI::createSample                    : mode 0a000202 length 149760 samples, lengthbytes 81920
[LOG] SystemI::createSample                    : channels = 1
[LOG] SystemI::createSample                    : output = 00000000848CCC88
[LOG] OutputSoftware::createSample             : lengthpcm 149760, lengthbytes 81920, channels 1, format 2, freq 40000, mode 0a00020a
[LOG] SystemI::createSoundInternal             : done.  OpenState now = FMOD_OPENSTATE_READY.

[LOG] SystemI::createSoundInternal             : filename =  : mode 0a000202
[LOG] SystemI::createSoundInternal             : exinfo->cbsize             = 232
[LOG] SystemI::createSoundInternal             : exinfo->length             = 989184
[LOG] SystemI::createSoundInternal             : exinfo->fileoffset         = 33920
[LOG] SystemI::createSoundInternal             : exinfo->numsubsounds       = 1
[LOG] SystemI::createSoundInternal             : exinfo->inclusionlist      = 000000007996FB28
[LOG] SystemI::createSoundInternal             : exinfo->inclusionlistnum   = 1
[LOG] SystemI::createSoundInternal             : exinfo->suggestedsoundtype = 5
[LOG] SystemI::createSoundInternal             : exinfo->useropen           = 00007FFCBA638650
[LOG] SystemI::createSoundInternal             : exinfo->userclose          = 00007FFCBA6393C0
[LOG] SystemI::createSoundInternal             : exinfo->userread           = 00007FFCBA638730
[LOG] SystemI::createSoundInternal             : exinfo->userseek           = 00007FFCBA6387E0
[LOG] SystemI::createSoundInternal             : exinfo->fileuserdata       = 0000000084855E28
[LOG] SystemI::createSoundInternal             : exinfo->initialseekpostype = 1
[LOG] SystemI::createSoundInternal             : Format has 1 subsounds.
[LOG] SystemI::createSoundInternal             : Create as FMOD_CREATESAMPLE
[LOG] SystemI::createSoundInternal             : Multi-sample sound (1 subsounds), create a sample container.
[LOG] SystemI::createSoundInternal             : creating subsound 0/1
[LOG] SystemI::createSample                    : mode 0a000202 length 70144 samples, lengthbytes 38368
[LOG] SystemI::createSample                    : channels = 1
[LOG] SystemI::createSample                    : output = 00000000848CCC88
[LOG] OutputSoftware::createSample             : lengthpcm 70144, lengthbytes 38368, channels 1, format 2, freq 40000, mode 0a00020a
[LOG] SystemI::createSoundInternal             : done.  OpenState now = FMOD_OPENSTATE_READY.

[LOG] SystemI::createSoundInternal             : filename =  : mode 0a000202
[LOG] SystemI::createSoundInternal             : exinfo->cbsize             = 232
[LOG] SystemI::createSoundInternal             : exinfo->length             = 989184
[LOG] SystemI::createSoundInternal             : exinfo->fileoffset         = 33920
[LOG] SystemI::createSoundInternal             : exinfo->numsubsounds       = 1
[LOG] SystemI::createSoundInternal             : exinfo->inclusionlist      = 000000007996FB28
[LOG] SystemI::createSoundInternal             : exinfo->inclusionlistnum   = 1
[LOG] SystemI::createSoundInternal             : exinfo->suggestedsoundtype = 5
[LOG] SystemI::createSoundInternal             : exinfo->useropen           = 00007FFCBA638650
[LOG] SystemI::createSoundInternal             : exinfo->userclose          = 00007FFCBA6393C0
[LOG] SystemI::createSoundInternal             : exinfo->userread           = 00007FFCBA638730
[LOG] SystemI::createSoundInternal             : exinfo->userseek           = 00007FFCBA6387E0
[LOG] SystemI::createSoundInternal             : exinfo->fileuserdata       = 0000000084855E28
[LOG] SystemI::createSoundInternal             : exinfo->initialseekpostype = 1
[LOG] SystemI::createSoundInternal             : Format has 1 subsounds.
[LOG] SystemI::createSoundInternal             : Create as FMOD_CREATESAMPLE
[LOG] SystemI::createSoundInternal             : Multi-sample sound (1 subsounds), create a sample container.
[LOG] SystemI::createSoundInternal             : creating subsound 0/1
[LOG] SystemI::createSample                    : mode 0a000202 length 141568 samples, lengthbytes 77440
[LOG] SystemI::createSample                    : channels = 1
[LOG] SystemI::createSample                    : output = 00000000848CCC88
[LOG] OutputSoftware::createSample             : lengthpcm 141568, lengthbytes 77440, channels 1, format 2, freq 40000, mode 0a00020a
[LOG] SystemI::createSoundInternal             : done.  OpenState now = FMOD_OPENSTATE_READY.

[LOG] SystemI::createSoundInternal             : filename =  : mode 0a000202
[LOG] SystemI::createSoundInternal             : exinfo->cbsize             = 232
[LOG] SystemI::createSoundInternal             : exinfo->length             = 989184
[LOG] SystemI::createSoundInternal             : exinfo->fileoffset         = 33920
[LOG] SystemI::createSoundInternal             : exinfo->numsubsounds       = 1
[LOG] SystemI::createSoundInternal             : exinfo->inclusionlist      = 000000007996FB28
[LOG] SystemI::createSoundInternal             : exinfo->inclusionlistnum   = 1
[LOG] SystemI::createSoundInternal             : exinfo->suggestedsoundtype = 5
[LOG] SystemI::createSoundInternal             : exinfo->useropen           = 00007FFCBA638650
[LOG] SystemI::createSoundInternal             : exinfo->userclose          = 00007FFCBA6393C0
[LOG] SystemI::createSoundInternal             : exinfo->userread           = 00007FFCBA638730
[LOG] SystemI::createSoundInternal             : exinfo->userseek           = 00007FFCBA6387E0
[LOG] SystemI::createSoundInternal             : exinfo->fileuserdata       = 0000000084855E28
[LOG] SystemI::createSoundInternal             : exinfo->initialseekpostype = 1
[LOG] SystemI::createSoundInternal             : Format has 1 subsounds.
[LOG] SystemI::createSoundInternal             : Create as FMOD_CREATESAMPLE
[LOG] SystemI::createSoundInternal             : Multi-sample sound (1 subsounds), create a sample container.
[LOG] SystemI::createSoundInternal             : creating subsound 0/1
[LOG] SystemI::createSample                    : mode 0a000202 length 36864 samples, lengthbytes 20160
[LOG] SystemI::createSample                    : channels = 1
[LOG] SystemI::createSample                    : output = 00000000848CCC88
[LOG] OutputSoftware::createSample             : lengthpcm 36864, lengthbytes 20160, channels 1, format 2, freq 40000, mode 0a00020a
[LOG] SystemI::createSoundInternal             : done.  OpenState now = FMOD_OPENSTATE_READY.

[LOG] SystemI::createSoundInternal             : filename =  : mode 0a000202
[LOG] SystemI::createSoundInternal             : exinfo->cbsize             = 232
[LOG] SystemI::createSoundInternal             : exinfo->length             = 989184
[LOG] SystemI::createSoundInternal             : exinfo->fileoffset         = 33920
[LOG] SystemI::createSoundInternal             : exinfo->numsubsounds       = 1
[LOG] SystemI::createSoundInternal             : exinfo->inclusionlist      = 000000007996FB28
[LOG] SystemI::createSoundInternal             : exinfo->inclusionlistnum   = 1
[LOG] SystemI::createSoundInternal             : exinfo->suggestedsoundtype = 5
[LOG] SystemI::createSoundInternal             : exinfo->useropen           = 00007FFCBA638650
[LOG] SystemI::createSoundInternal             : exinfo->userclose          = 00007FFCBA6393C0
[LOG] SystemI::createSoundInternal             : exinfo->userread           = 00007FFCBA638730
[LOG] SystemI::createSoundInternal             : exinfo->userseek           = 00007FFCBA6387E0
[LOG] SystemI::createSoundInternal             : exinfo->fileuserdata       = 0000000084855E28
[LOG] SystemI::createSoundInternal             : exinfo->initialseekpostype = 1
[LOG] SystemI::createSoundInternal             : Format has 1 subsounds.
[LOG] SystemI::createSoundInternal             : Create as FMOD_CREATESAMPLE
[LOG] SystemI::createSoundInternal             : Multi-sample sound (1 subsounds), create a sample container.
[LOG] SystemI::createSoundInternal             : creating subsound 0/1
[LOG] SystemI::createSample                    : mode 0a000202 length 145408 samples, lengthbytes 79520
[LOG] SystemI::createSample                    : channels = 1
[LOG] SystemI::createSample                    : output = 00000000848CCC88
[LOG] OutputSoftware::createSample             : lengthpcm 145408, lengthbytes 79520, channels 1, format 2, freq 40000, mode 0a00020a
[LOG] SystemI::createSoundInternal             : done.  OpenState now = FMOD_OPENSTATE_READY.

[LOG] SystemI::createSoundInternal             : filename =  : mode 0a000202
[LOG] SystemI::createSoundInternal             : exinfo->cbsize             = 232
[LOG] SystemI::createSoundInternal             : exinfo->length             = 989184
[LOG] SystemI::createSoundInternal             : exinfo->fileoffset         = 33920
[LOG] SystemI::createSoundInternal             : exinfo->numsubsounds       = 1
[LOG] SystemI::createSoundInternal             : exinfo->inclusionlist      = 000000007996FB28
[LOG] SystemI::createSoundInternal             : exinfo->inclusionlistnum   = 1
[LOG] SystemI::createSoundInternal             : exinfo->suggestedsoundtype = 5
[LOG] SystemI::createSoundInternal             : exinfo->useropen           = 00007FFCBA638650
[LOG] SystemI::createSoundInternal             : exinfo->userclose          = 00007FFCBA6393C0
[LOG] SystemI::createSoundInternal             : exinfo->userread           = 00007FFCBA638730
[LOG] SystemI::createSoundInternal             : exinfo->userseek           = 00007FFCBA6387E0
[LOG] SystemI::createSoundInternal             : exinfo->fileuserdata       = 0000000084855E28
[LOG] SystemI::createSoundInternal             : exinfo->initialseekpostype = 1
[LOG] SystemI::createSoundInternal             : Format has 1 subsounds.
[LOG] SystemI::createSoundInternal             : Create as FMOD_CREATESAMPLE
[LOG] SystemI::createSoundInternal             : Multi-sample sound (1 subsounds), create a sample container.
[LOG] SystemI::createSoundInternal             : creating subsound 0/1
[LOG] SystemI::createSample                    : mode 0a000202 length 70912 samples, lengthbytes 38784
[LOG] SystemI::createSample                    : channels = 1
[LOG] SystemI::createSample                    : output = 00000000848CCC88
[LOG] OutputSoftware::createSample             : lengthpcm 70912, lengthbytes 38784, channels 1, format 2, freq 40000, mode 0a00020a
[LOG] SystemI::createSoundInternal             : done.  OpenState now = FMOD_OPENSTATE_READY.

[LOG] SystemI::createSoundInternal             : filename =  : mode 0a000202
[LOG] SystemI::createSoundInternal             : exinfo->cbsize             = 232
[LOG] SystemI::createSoundInternal             : exinfo->length             = 989184
[LOG] SystemI::createSoundInternal             : exinfo->fileoffset         = 33920
[LOG] SystemI::createSoundInternal             : exinfo->numsubsounds       = 1
[LOG] SystemI::createSoundInternal             : exinfo->inclusionlist      = 000000007996FB28
[LOG] SystemI::createSoundInternal             : exinfo->inclusionlistnum   = 1
[LOG] SystemI::createSoundInternal             : exinfo->suggestedsoundtype = 5
[LOG] SystemI::createSoundInternal             : exinfo->useropen           = 00007FFCBA638650
[LOG] SystemI::createSoundInternal             : exinfo->userclose          = 00007FFCBA6393C0
[LOG] SystemI::createSoundInternal             : exinfo->userread           = 00007FFCBA638730
[LOG] SystemI::createSoundInternal             : exinfo->userseek           = 00007FFCBA6387E0
[LOG] SystemI::createSoundInternal             : exinfo->fileuserdata       = 0000000084855E28
[LOG] SystemI::createSoundInternal             : exinfo->initialseekpostype = 1
[LOG] SystemI::createSoundInternal             : Format has 1 subsounds.
[LOG] SystemI::createSoundInternal             : Create as FMOD_CREATESAMPLE
[LOG] SystemI::createSoundInternal             : Multi-sample sound (1 subsounds), create a sample container.
[LOG] SystemI::createSoundInternal             : creating subsound 0/1
[LOG] SystemI::createSample                    : mode 0a000202 length 112640 samples, lengthbytes 61600
[LOG] SystemI::createSample                    : channels = 1
[LOG] SystemI::createSample                    : output = 00000000848CCC88
[LOG] OutputSoftware::createSample             : lengthpcm 112640, lengthbytes 61600, channels 1, format 2, freq 40000, mode 0a00020a
[LOG] SystemI::createSoundInternal             : done.  OpenState now = FMOD_OPENSTATE_READY.

[LOG] SystemI::createSoundInternal             : filename =  : mode 0a000202
[LOG] SystemI::createSoundInternal             : exinfo->cbsize             = 232
[LOG] SystemI::createSoundInternal             : exinfo->length             = 989184
[LOG] SystemI::createSoundInternal             : exinfo->fileoffset         = 33920
[LOG] SystemI::createSoundInternal             : exinfo->numsubsounds       = 1
[LOG] SystemI::createSoundInternal             : exinfo->inclusionlist      = 000000007996FB28
[LOG] SystemI::createSoundInternal             : exinfo->inclusionlistnum   = 1
[LOG] SystemI::createSoundInternal             : exinfo->suggestedsoundtype = 5
[LOG] SystemI::createSoundInternal             : exinfo->useropen           = 00007FFCBA638650
[LOG] SystemI::createSoundInternal             : exinfo->userclose          = 00007FFCBA6393C0
[LOG] SystemI::createSoundInternal             : exinfo->userread           = 00007FFCBA638730
[LOG] SystemI::createSoundInternal             : exinfo->userseek           = 00007FFCBA6387E0
[LOG] SystemI::createSoundInternal             : exinfo->fileuserdata       = 0000000084855E28
[LOG] SystemI::createSoundInternal             : exinfo->initialseekpostype = 1
[LOG] SystemI::createSoundInternal             : Format has 1 subsounds.
[LOG] SystemI::createSoundInternal             : Create as FMOD_CREATESAMPLE
[LOG] SystemI::createSoundInternal             : Multi-sample sound (1 subsounds), create a sample container.
[LOG] SystemI::createSoundInternal             : creating subsound 0/1
[LOG] SystemI::createSample                    : mode 0a000202 length 85760 samples, lengthbytes 46912
[LOG] SystemI::createSample                    : channels = 1
[LOG] SystemI::createSample                    : output = 00000000848CCC88
[LOG] OutputSoftware::createSample             : lengthpcm 85760, lengthbytes 46912, channels 1, format 2, freq 40000, mode 0a00020a
[LOG] SystemI::createSoundInternal             : done.  OpenState now = FMOD_OPENSTATE_READY.

[LOG] SystemI::createSoundInternal             : filename =  : mode 0a000202
[LOG] SystemI::createSoundInternal             : exinfo->cbsize             = 232
[LOG] SystemI::createSoundInternal             : exinfo->length             = 989184
[LOG] SystemI::createSoundInternal             : exinfo->fileoffset         = 33920
[LOG] SystemI::createSoundInternal             : exinfo->numsubsounds       = 1
[LOG] SystemI::createSoundInternal             : exinfo->inclusionlist      = 000000007996FB28
[LOG] SystemI::createSoundInternal             : exinfo->inclusionlistnum   = 1
[LOG] SystemI::createSoundInternal             : exinfo->suggestedsoundtype = 5
[LOG] SystemI::createSoundInternal             : exinfo->useropen           = 00007FFCBA638650
[LOG] SystemI::createSoundInternal             : exinfo->userclose          = 00007FFCBA6393C0
[LOG] SystemI::createSoundInternal             : exinfo->userread           = 00007FFCBA638730
[LOG] SystemI::createSoundInternal             : exinfo->userseek           = 00007FFCBA6387E0
[LOG] SystemI::createSoundInternal             : exinfo->fileuserdata       = 0000000084855E28
[LOG] SystemI::createSoundInternal             : exinfo->initialseekpostype = 1
[LOG] SystemI::createSoundInternal             : Format has 1 subsounds.
[LOG] SystemI::createSoundInternal             : Create as FMOD_CREATESAMPLE
[LOG] SystemI::createSoundInternal             : Multi-sample sound (1 subsounds), create a sample container.
[LOG] SystemI::createSoundInternal             : creating subsound 0/1
[LOG] SystemI::createSample                    : mode 0a000202 length 36864 samples, lengthbytes 20160
[LOG] SystemI::createSample                    : channels = 1
[LOG] SystemI::createSample                    : output = 00000000848CCC88
[LOG] OutputSoftware::createSample             : lengthpcm 36864, lengthbytes 20160, channels 1, format 2, freq 40000, mode 0a00020a
[LOG] SystemI::createSoundInternal             : done.  OpenState now = FMOD_OPENSTATE_READY.

[LOG] SystemI::createSoundInternal             : filename =  : mode 0a000202
[LOG] SystemI::createSoundInternal             : exinfo->cbsize             = 232
[LOG] SystemI::createSoundInternal             : exinfo->length             = 989184
[LOG] SystemI::createSoundInternal             : exinfo->fileoffset         = 33920
[LOG] SystemI::createSoundInternal             : exinfo->numsubsounds       = 1
[LOG] SystemI::createSoundInternal             : exinfo->inclusionlist      = 000000007996FB28
[LOG] SystemI::createSoundInternal             : exinfo->inclusionlistnum   = 1
[LOG] SystemI::createSoundInternal             : exinfo->suggestedsoundtype = 5
[LOG] SystemI::createSoundInternal             : exinfo->useropen           = 00007FFCBA638650
[LOG] SystemI::createSoundInternal             : exinfo->userclose          = 00007FFCBA6393C0
[LOG] SystemI::createSoundInternal             : exinfo->userread           = 00007FFCBA638730
[LOG] SystemI::createSoundInternal             : exinfo->userseek           = 00007FFCBA6387E0
[LOG] SystemI::createSoundInternal             : exinfo->fileuserdata       = 0000000084855E28
[LOG] SystemI::createSoundInternal             : exinfo->initialseekpostype = 1
[LOG] SystemI::createSoundInternal             : Format has 1 subsounds.
[LOG] SystemI::createSoundInternal             : Create as FMOD_CREATESAMPLE
[LOG] SystemI::createSoundInternal             : Multi-sample sound (1 subsounds), create a sample container.
[LOG] SystemI::createSoundInternal             : creating subsound 0/1
[LOG] SystemI::createSample                    : mode 0a000202 length 132352 samples, lengthbytes 72384
[LOG] SystemI::createSample                    : channels = 1
[LOG] SystemI::createSample                    : output = 00000000848CCC88
[LOG] OutputSoftware::createSample             : lengthpcm 132352, lengthbytes 72384, channels 1, format 2, freq 40000, mode 0a00020a
[LOG] SystemI::createSoundInternal             : done.  OpenState now = FMOD_OPENSTATE_READY.

[LOG] SystemI::createSoundInternal             : filename =  : mode 0a000202
[LOG] SystemI::createSoundInternal             : exinfo->cbsize             = 232
[LOG] SystemI::createSoundInternal             : exinfo->length             = 989184
[LOG] SystemI::createSoundInternal             : exinfo->fileoffset         = 33920
[LOG] SystemI::createSoundInternal             : exinfo->numsubsounds       = 1
[LOG] SystemI::createSoundInternal             : exinfo->inclusionlist      = 000000007996FB28
[LOG] SystemI::createSoundInternal             : exinfo->inclusionlistnum   = 1
[LOG] SystemI::createSoundInternal             : exinfo->suggestedsoundtype = 5
[LOG] SystemI::createSoundInternal             : exinfo->useropen           = 00007FFCBA638650
[LOG] SystemI::createSoundInternal             : exinfo->userclose          = 00007FFCBA6393C0
[LOG] SystemI::createSoundInternal             : exinfo->userread           = 00007FFCBA638730
[LOG] SystemI::createSoundInternal             : exinfo->userseek           = 00007FFCBA6387E0
[LOG] SystemI::createSoundInternal             : exinfo->fileuserdata       = 0000000084855E28
[LOG] SystemI::createSoundInternal             : exinfo->initialseekpostype = 1
[LOG] SystemI::createSoundInternal             : Format has 1 subsounds.
[LOG] SystemI::createSoundInternal             : Create as FMOD_CREATESAMPLE
[LOG] SystemI::createSoundInternal             : Multi-sample sound (1 subsounds), create a sample container.
[LOG] SystemI::createSoundInternal             : creating subsound 0/1
[LOG] SystemI::createSample                    : mode 0a000202 length 34816 samples, lengthbytes 19040
[LOG] SystemI::createSample                    : channels = 1
[LOG] SystemI::createSample                    : output = 00000000848CCC88
[LOG] OutputSoftware::createSample             : lengthpcm 34816, lengthbytes 19040, channels 1, format 2, freq 40000, mode 0a00020a
[LOG] SystemI::createSoundInternal             : done.  OpenState now = FMOD_OPENSTATE_READY.

[LOG] SystemI::createSoundInternal             : filename =  : mode 0a000202
[LOG] SystemI::createSoundInternal             : exinfo->cbsize             = 232
[LOG] SystemI::createSoundInternal             : exinfo->length             = 989184
[LOG] SystemI::createSoundInternal             : exinfo->fileoffset         = 33920
[LOG] SystemI::createSoundInternal             : exinfo->numsubsounds       = 1
[LOG] SystemI::createSoundInternal             : exinfo->inclusionlist      = 000000007996FB28
[LOG] SystemI::createSoundInternal             : exinfo->inclusionlistnum   = 1
[LOG] SystemI::createSoundInternal             : exinfo->suggestedsoundtype = 5
[LOG] SystemI::createSoundInternal             : exinfo->useropen           = 00007FFCBA638650
[LOG] SystemI::createSoundInternal             : exinfo->userclose          = 00007FFCBA6393C0
[LOG] SystemI::createSoundInternal             : exinfo->userread           = 00007FFCBA638730
[LOG] SystemI::createSoundInternal             : exinfo->userseek           = 00007FFCBA6387E0
[LOG] SystemI::createSoundInternal             : exinfo->fileuserdata       = 0000000084855E28
[LOG] SystemI::createSoundInternal             : exinfo->initialseekpostype = 1
[LOG] SystemI::createSoundInternal             : Format has 1 subsounds.
[LOG] SystemI::createSoundInternal             : Create as FMOD_CREATESAMPLE
[LOG] SystemI::createSoundInternal             : Multi-sample sound (1 subsounds), create a sample container.
[LOG] SystemI::createSoundInternal             : creating subsound 0/1
[LOG] SystemI::createSample                    : mode 0a000202 length 62208 samples, lengthbytes 34048
[LOG] SystemI::createSample                    : channels = 1
[LOG] SystemI::createSample                    : output = 00000000848CCC88
[LOG] OutputSoftware::createSample             : lengthpcm 62208, lengthbytes 34048, channels 1, format 2, freq 40000, mode 0a00020a
[LOG] SystemI::createSoundInternal             : done.  OpenState now = FMOD_OPENSTATE_READY.

[LOG] SystemI::createSoundInternal             : filename =  : mode 0a000202
[LOG] SystemI::createSoundInternal             : exinfo->cbsize             = 232
[LOG] SystemI::createSoundInternal             : exinfo->length             = 989184
[LOG] SystemI::createSoundInternal             : exinfo->fileoffset         = 33920
[LOG] SystemI::createSoundInternal             : exinfo->numsubsounds       = 1
[LOG] SystemI::createSoundInternal             : exinfo->inclusionlist      = 000000007996FB28
[LOG] SystemI::createSoundInternal             : exinfo->inclusionlistnum   = 1
[LOG] SystemI::createSoundInternal             : exinfo->suggestedsoundtype = 5
[LOG] SystemI::createSoundInternal             : exinfo->useropen           = 00007FFCBA638650
[LOG] SystemI::createSoundInternal             : exinfo->userclose          = 00007FFCBA6393C0
[LOG] SystemI::createSoundInternal             : exinfo->userread           = 00007FFCBA638730
[LOG] SystemI::createSoundInternal             : exinfo->userseek           = 00007FFCBA6387E0
[LOG] SystemI::createSoundInternal             : exinfo->fileuserdata       = 0000000084855E28
[LOG] SystemI::createSoundInternal             : exinfo->initialseekpostype = 1
[LOG] SystemI::createSoundInternal             : Format has 1 subsounds.
[LOG] SystemI::createSoundInternal             : Create as FMOD_CREATESAMPLE
[LOG] SystemI::createSoundInternal             : Multi-sample sound (1 subsounds), create a sample container.
[LOG] SystemI::createSoundInternal             : creating subsound 0/1
[LOG] SystemI::createSample                    : mode 0a000202 length 137984 samples, lengthbytes 75488
[LOG] SystemI::createSample                    : channels = 1
[LOG] SystemI::createSample                    : output = 00000000848CCC88
[LOG] OutputSoftware::createSample             : lengthpcm 137984, lengthbytes 75488, channels 1, format 2, freq 40000, mode 0a00020a
[LOG] SystemI::createSoundInternal             : done.  OpenState now = FMOD_OPENSTATE_READY.

[LOG] SystemI::createSoundInternal             : filename =  : mode 0a000202
[LOG] SystemI::createSoundInternal             : exinfo->cbsize             = 232
[LOG] SystemI::createSoundInternal             : exinfo->length             = 989184
[LOG] SystemI::createSoundInternal             : exinfo->fileoffset         = 33920
[LOG] SystemI::createSoundInternal             : exinfo->numsubsounds       = 1
[LOG] SystemI::createSoundInternal             : exinfo->inclusionlist      = 000000007996FB28
[LOG] SystemI::createSoundInternal             : exinfo->inclusionlistnum   = 1
[LOG] SystemI::createSoundInternal             : exinfo->suggestedsoundtype = 5
[LOG] SystemI::createSoundInternal             : exinfo->useropen           = 00007FFCBA638650
[LOG] SystemI::createSoundInternal             : exinfo->userclose          = 00007FFCBA6393C0
[LOG] SystemI::createSoundInternal             : exinfo->userread           = 00007FFCBA638730
[LOG] SystemI::createSoundInternal             : exinfo->userseek           = 00007FFCBA6387E0
[LOG] SystemI::createSoundInternal             : exinfo->fileuserdata       = 0000000084855E28
[LOG] SystemI::createSoundInternal             : exinfo->initialseekpostype = 1
[LOG] SystemI::createSoundInternal             : Format has 1 subsounds.
[LOG] SystemI::createSoundInternal             : Create as FMOD_CREATESAMPLE
[LOG] SystemI::createSoundInternal             : Multi-sample sound (1 subsounds), create a sample container.
[LOG] SystemI::createSoundInternal             : creating subsound 0/1
[LOG] SystemI::createSample                    : mode 0a000202 length 32000 samples, lengthbytes 17504
[LOG] SystemI::createSample                    : channels = 1
[LOG] SystemI::createSample                    : output = 00000000848CCC88
[LOG] OutputSoftware::createSample             : lengthpcm 32000, lengthbytes 17504, channels 1, format 2, freq 40000, mode 0a00020a
[LOG] SystemI::createSoundInternal             : done.  OpenState now = FMOD_OPENSTATE_READY.

[LOG] SystemI::createSoundInternal             : filename =  : mode 0a000202
[LOG] SystemI::createSoundInternal             : exinfo->cbsize             = 232
[LOG] SystemI::createSoundInternal             : exinfo->length             = 989184
[LOG] SystemI::createSoundInternal             : exinfo->fileoffset         = 33920
[LOG] SystemI::createSoundInternal             : exinfo->numsubsounds       = 1
[LOG] SystemI::createSoundInternal             : exinfo->inclusionlist      = 000000007996FB28
[LOG] SystemI::createSoundInternal             : exinfo->inclusionlistnum   = 1
[LOG] SystemI::createSoundInternal             : exinfo->suggestedsoundtype = 5
[LOG] SystemI::createSoundInternal             : exinfo->useropen           = 00007FFCBA638650
[LOG] SystemI::createSoundInternal             : exinfo->userclose          = 00007FFCBA6393C0
[LOG] SystemI::createSoundInternal             : exinfo->userread           = 00007FFCBA638730
[LOG] SystemI::createSoundInternal             : exinfo->userseek           = 00007FFCBA6387E0
[LOG] SystemI::createSoundInternal             : exinfo->fileuserdata       = 0000000084855E28
[LOG] SystemI::createSoundInternal             : exinfo->initialseekpostype = 1
[LOG] SystemI::createSoundInternal             : Format has 1 subsounds.
[LOG] SystemI::createSoundInternal             : Create as FMOD_CREATESAMPLE
[LOG] SystemI::createSoundInternal             : Multi-sample sound (1 subsounds), create a sample container.
[LOG] SystemI::createSoundInternal             : creating subsound 0/1
[LOG] SystemI::createSample                    : mode 0a000202 length 81408 samples, lengthbytes 44544
[LOG] SystemI::createSample                    : channels = 1
[LOG] SystemI::createSample                    : output = 00000000848CCC88
[LOG] OutputSoftware::createSample             : lengthpcm 81408, lengthbytes 44544, channels 1, format 2, freq 40000, mode 0a00020a
[LOG] SystemI::createSoundInternal             : done.  OpenState now = FMOD_OPENSTATE_READY.

[WRN] EventInstance::update                    : Event {36152f71-d449-4328-b3af-113784d94ecb} waited 239 milliseconds for sample data to load.  Preload sample data to avoid this delay.
[WRN] ChannelI::forceVirtual                   : Ignoring force virtual since channel just went real
[WRN] ChannelI::forceVirtual                   : Ignoring force virtual since channel just went real
[WRN] ChannelI::forceVirtual                   : Ignoring force virtual since channel just went real
[WRN] ChannelI::forceVirtual                   : Ignoring force virtual since channel just went real
[WRN] ChannelI::forceVirtual                   : Ignoring force virtual since channel just went real
[WRN] ChannelI::forceVirtual                   : Ignoring force virtual since channel just went real
[LOG] SystemI::createSoundInternal             : filename =  : mode 0a000202
[LOG] SystemI::createSoundInternal             : exinfo->cbsize             = 232
[LOG] SystemI::createSoundInternal             : exinfo->length             = 696480
[LOG] SystemI::createSoundInternal             : exinfo->fileoffset         = 21792
[LOG] SystemI::createSoundInternal             : exinfo->numsubsounds       = 1
[LOG] SystemI::createSoundInternal             : exinfo->inclusionlist      = 000000007996FB28
[LOG] SystemI::createSoundInternal             : exinfo->inclusionlistnum   = 1
[LOG] SystemI::createSoundInternal             : exinfo->suggestedsoundtype = 5
[LOG] SystemI::createSoundInternal             : exinfo->useropen           = 00007FFCBA638650
[LOG] SystemI::createSoundInternal             : exinfo->userclose          = 00007FFCBA6393C0
[LOG] SystemI::createSoundInternal             : exinfo->userread           = 00007FFCBA638730
[LOG] SystemI::createSoundInternal             : exinfo->userseek           = 00007FFCBA6387E0
[LOG] SystemI::createSoundInternal             : exinfo->fileuserdata       = 0000000084855E28
[LOG] SystemI::createSoundInternal             : exinfo->initialseekpostype = 1
[LOG] SystemI::createSoundInternal             : Format has 1 subsounds.
[LOG] SystemI::createSoundInternal             : Create as FMOD_CREATESAMPLE
[LOG] SystemI::createSoundInternal             : Multi-sample sound (1 subsounds), create a sample container.
[LOG] SystemI::createSoundInternal             : creating subsound 0/1
[LOG] SystemI::createSample                    : mode 0a000202 length 19968 samples, lengthbytes 10944
[LOG] SystemI::createSample                    : channels = 1
[LOG] SystemI::createSample                    : output = 00000000848CCC88
[LOG] OutputSoftware::createSample             : lengthpcm 19968, lengthbytes 10944, channels 1, format 2, freq 40000, mode 0a00020a
[LOG] SystemI::createSoundInternal             : done.  OpenState now = FMOD_OPENSTATE_READY.

[LOG] SystemI::createSoundInternal             : filename =  : mode 0a000202
[LOG] SystemI::createSoundInternal             : exinfo->cbsize             = 232
[LOG] SystemI::createSoundInternal             : exinfo->length             = 696480
[LOG] SystemI::createSoundInternal             : exinfo->fileoffset         = 21792
[LOG] SystemI::createSoundInternal             : exinfo->numsubsounds       = 1
[LOG] SystemI::createSoundInternal             : exinfo->inclusionlist      = 000000007996FB28
[LOG] SystemI::createSoundInternal             : exinfo->inclusionlistnum   = 1
[LOG] SystemI::createSoundInternal             : exinfo->suggestedsoundtype = 5
[LOG] SystemI::createSoundInternal             : exinfo->useropen           = 00007FFCBA638650
[LOG] SystemI::createSoundInternal             : exinfo->userclose          = 00007FFCBA6393C0
[LOG] SystemI::createSoundInternal             : exinfo->userread           = 00007FFCBA638730
[LOG] SystemI::createSoundInternal             : exinfo->userseek           = 00007FFCBA6387E0
[LOG] SystemI::createSoundInternal             : exinfo->fileuserdata       = 0000000084855E28
[LOG] SystemI::createSoundInternal             : exinfo->initialseekpostype = 1
[LOG] SystemI::createSoundInternal             : Format has 1 subsounds.
[LOG] SystemI::createSoundInternal             : Create as FMOD_CREATESAMPLE
[LOG] SystemI::createSoundInternal             : Multi-sample sound (1 subsounds), create a sample container.
[LOG] SystemI::createSoundInternal             : creating subsound 0/1
[LOG] SystemI::createSample                    : mode 0a000202 length 9984 samples, lengthbytes 5472
[LOG] SystemI::createSample                    : channels = 1
[LOG] SystemI::createSample                    : output = 00000000848CCC88
[LOG] OutputSoftware::createSample             : lengthpcm 9984, lengthbytes 5472, channels 1, format 2, freq 40000, mode 0a00020a
[LOG] SystemI::createSoundInternal             : done.  OpenState now = FMOD_OPENSTATE_READY.

[LOG] SystemI::createSoundInternal             : filename =  : mode 0a000202
[LOG] SystemI::createSoundInternal             : exinfo->cbsize             = 232
[LOG] SystemI::createSoundInternal             : exinfo->length             = 696480
[LOG] SystemI::createSoundInternal             : exinfo->fileoffset         = 21792
[LOG] SystemI::createSoundInternal             : exinfo->numsubsounds       = 1
[LOG] SystemI::createSoundInternal             : exinfo->inclusionlist      = 000000007996FB28
[LOG] SystemI::createSoundInternal             : exinfo->inclusionlistnum   = 1
[LOG] SystemI::createSoundInternal             : exinfo->suggestedsoundtype = 5
[LOG] SystemI::createSoundInternal             : exinfo->useropen           = 00007FFCBA638650
[LOG] SystemI::createSoundInternal             : exinfo->userclose          = 00007FFCBA6393C0
[LOG] SystemI::createSoundInternal             : exinfo->userread           = 00007FFCBA638730
[LOG] SystemI::createSoundInternal             : exinfo->userseek           = 00007FFCBA6387E0
[LOG] SystemI::createSoundInternal             : exinfo->fileuserdata       = 0000000084855E28
[LOG] SystemI::createSoundInternal             : exinfo->initialseekpostype = 1
[LOG] SystemI::createSoundInternal             : Format has 1 subsounds.
[LOG] SystemI::createSoundInternal             : Create as FMOD_CREATESAMPLE
[LOG] SystemI::createSoundInternal             : Multi-sample sound (1 subsounds), create a sample container.
[LOG] SystemI::createSoundInternal             : creating subsound 0/1
[LOG] SystemI::createSample                    : mode 0a000202 length 12800 samples, lengthbytes 7008
[LOG] SystemI::createSample                    : channels = 1
[LOG] SystemI::createSample                    : output = 00000000848CCC88
[LOG] OutputSoftware::createSample             : lengthpcm 12800, lengthbytes 7008, channels 1, format 2, freq 40000, mode 0a00020a
[LOG] SystemI::createSoundInternal             : done.  OpenState now = FMOD_OPENSTATE_READY.

[WRN] ChannelI::forceVirtual                   : Ignoring force virtual since channel just went real
[WRN] ChannelI::forceVirtual                   : Ignoring force virtual since channel just went real
[WRN] ChannelI::forceVirtual                   : Ignoring force virtual since channel just went real
[WRN] ChannelI::forceVirtual                   : Ignoring force virtual since channel just went real
[WRN] ChannelI::forceVirtual                   : Ignoring force virtual since channel just went real
[WRN] ChannelI::forceVirtual                   : Ignoring force virtual since channel just went real
[WRN] ChannelI::forceVirtual                   : Ignoring force virtual since channel just went real
[WRN] ChannelI::forceVirtual                   : Ignoring force virtual since channel just went real
[WRN] ChannelI::forceVirtual                   : Ignoring force virtual since channel just went real
[WRN] ChannelI::forceVirtual                   : Ignoring force virtual since channel just went real
[WRN] ChannelI::forceVirtual                   : Ignoring force virtual since channel just went real
[WRN] ChannelI::forceVirtual                   : Ignoring force virtual since channel just went real
[WRN] ChannelI::forceVirtual                   : Ignoring force virtual since channel just went real
[WRN] ChannelI::forceVirtual                   : Ignoring force virtual since channel just went real
[WRN] ChannelI::forceVirtual                   : Ignoring force virtual since channel just went real
[WRN] ChannelI::forceVirtual                   : Ignoring force virtual since channel just went real
[WRN] ChannelI::forceVirtual                   : Ignoring force virtual since channel just went real
[WRN] ChannelI::forceVirtual                   : Ignoring force virtual since channel just went real
[LOG] SystemI::createSoundInternal             : filename =  : mode 0a000202
[LOG] SystemI::createSoundInternal             : exinfo->cbsize             = 232
[LOG] SystemI::createSoundInternal             : exinfo->length             = 1095744
[LOG] SystemI::createSoundInternal             : exinfo->fileoffset         = 40192
[LOG] SystemI::createSoundInternal             : exinfo->numsubsounds       = 1
[LOG] SystemI::createSoundInternal             : exinfo->inclusionlist      = 000000007996FB28
[LOG] SystemI::createSoundInternal             : exinfo->inclusionlistnum   = 1
[LOG] SystemI::createSoundInternal             : exinfo->suggestedsoundtype = 5
[LOG] SystemI::createSoundInternal             : exinfo->useropen           = 00007FFCBA638650
[LOG] SystemI::createSoundInternal             : exinfo->userclose          = 00007FFCBA6393C0
[LOG] SystemI::createSoundInternal             : exinfo->userread           = 00007FFCBA638730
[LOG] SystemI::createSoundInternal             : exinfo->userseek           = 00007FFCBA6387E0
[LOG] SystemI::createSoundInternal             : exinfo->fileuserdata       = 0000000084856488
[LOG] SystemI::createSoundInternal             : exinfo->initialseekpostype = 1
[LOG] SystemI::createSoundInternal             : Format has 1 subsounds.
[LOG] SystemI::createSoundInternal             : Create as FMOD_CREATESAMPLE
[LOG] SystemI::createSoundInternal             : Multi-sample sound (1 subsounds), create a sample container.
[LOG] SystemI::createSoundInternal             : creating subsound 0/1
[LOG] SystemI::createSample                    : mode 0a000202 length 18688 samples, lengthbytes 10240
[LOG] SystemI::createSample                    : channels = 1
[LOG] SystemI::createSample                    : output = 00000000848CCC88
[LOG] OutputSoftware::createSample             : lengthpcm 18688, lengthbytes 10240, channels 1, format 2, freq 40000, mode 0a00020a
[LOG] SystemI::createSoundInternal             : done.  OpenState now = FMOD_OPENSTATE_READY.

[LOG] SystemI::createSoundInternal             : filename =  : mode 0a000202
[LOG] SystemI::createSoundInternal             : exinfo->cbsize             = 232
[LOG] SystemI::createSoundInternal             : exinfo->length             = 1095744
[LOG] SystemI::createSoundInternal             : exinfo->fileoffset         = 40192
[LOG] SystemI::createSoundInternal             : exinfo->numsubsounds       = 1
[LOG] SystemI::createSoundInternal             : exinfo->inclusionlist      = 000000007996FB28
[LOG] SystemI::createSoundInternal             : exinfo->inclusionlistnum   = 1
[LOG] SystemI::createSoundInternal             : exinfo->suggestedsoundtype = 5
[LOG] SystemI::createSoundInternal             : exinfo->useropen           = 00007FFCBA638650
[LOG] SystemI::createSoundInternal             : exinfo->userclose          = 00007FFCBA6393C0
[LOG] SystemI::createSoundInternal             : exinfo->userread           = 00007FFCBA638730
[LOG] SystemI::createSoundInternal             : exinfo->userseek           = 00007FFCBA6387E0
[LOG] SystemI::createSoundInternal             : exinfo->fileuserdata       = 0000000084856488
[LOG] SystemI::createSoundInternal             : exinfo->initialseekpostype = 1
[LOG] SystemI::createSoundInternal             : Format has 1 subsounds.
[LOG] SystemI::createSoundInternal             : Create as FMOD_CREATESAMPLE
[LOG] SystemI::createSoundInternal             : Multi-sample sound (1 subsounds), create a sample container.
[LOG] SystemI::createSoundInternal             : creating subsound 0/1
[LOG] SystemI::createSample                    : mode 0a000202 length 17408 samples, lengthbytes 9536
[LOG] SystemI::createSample                    : channels = 1
[LOG] SystemI::createSample                    : output = 00000000848CCC88
[LOG] OutputSoftware::createSample             : lengthpcm 17408, lengthbytes 9536, channels 1, format 2, freq 40000, mode 0a00020a
[LOG] SystemI::createSoundInternal             : done.  OpenState now = FMOD_OPENSTATE_READY.

[LOG] SystemI::createSoundInternal             : filename =  : mode 0a000202
[LOG] SystemI::createSoundInternal             : exinfo->cbsize             = 232
[LOG] SystemI::createSoundInternal             : exinfo->length             = 1095744
[LOG] SystemI::createSoundInternal             : exinfo->fileoffset         = 40192
[LOG] SystemI::createSoundInternal             : exinfo->numsubsounds       = 1
[LOG] SystemI::createSoundInternal             : exinfo->inclusionlist      = 000000007996FB28
[LOG] SystemI::createSoundInternal             : exinfo->inclusionlistnum   = 1
[LOG] SystemI::createSoundInternal             : exinfo->suggestedsoundtype = 5
[LOG] SystemI::createSoundInternal             : exinfo->useropen           = 00007FFCBA638650
[LOG] SystemI::createSoundInternal             : exinfo->userclose          = 00007FFCBA6393C0
[LOG] SystemI::createSoundInternal             : exinfo->userread           = 00007FFCBA638730
[LOG] SystemI::createSoundInternal             : exinfo->userseek           = 00007FFCBA6387E0
[LOG] SystemI::createSoundInternal             : exinfo->fileuserdata       = 0000000084856488
[LOG] SystemI::createSoundInternal             : exinfo->initialseekpostype = 1
[LOG] SystemI::createSoundInternal             : Format has 1 subsounds.
[LOG] SystemI::createSoundInternal             : Create as FMOD_CREATESAMPLE
[LOG] SystemI::createSoundInternal             : Multi-sample sound (1 subsounds), create a sample container.
[LOG] SystemI::createSoundInternal             : creating subsound 0/1
[LOG] SystemI::createSample                    : mode 0a000202 length 4352 samples, lengthbytes 2400
[LOG] SystemI::createSample                    : channels = 1
[LOG] SystemI::createSample                    : output = 00000000848CCC88
[LOG] OutputSoftware::createSample             : lengthpcm 4352, lengthbytes 2400, channels 1, format 2, freq 40000, mode 0a00020a
[LOG] SystemI::createSoundInternal             : done.  OpenState now = FMOD_OPENSTATE_READY.

[LOG] SystemI::createSoundInternal             : filename =  : mode 0a000202
[LOG] SystemI::createSoundInternal             : exinfo->cbsize             = 232
[LOG] SystemI::createSoundInternal             : exinfo->length             = 1095744
[LOG] SystemI::createSoundInternal             : exinfo->fileoffset         = 40192
[LOG] SystemI::createSoundInternal             : exinfo->numsubsounds       = 1
[LOG] SystemI::createSoundInternal             : exinfo->inclusionlist      = 000000007996FB28
[LOG] SystemI::createSoundInternal             : exinfo->inclusionlistnum   = 1
[LOG] SystemI::createSoundInternal             : exinfo->suggestedsoundtype = 5
[LOG] SystemI::createSoundInternal             : exinfo->useropen           = 00007FFCBA638650
[LOG] SystemI::createSoundInternal             : exinfo->userclose          = 00007FFCBA6393C0
[LOG] SystemI::createSoundInternal             : exinfo->userread           = 00007FFCBA638730
[LOG] SystemI::createSoundInternal             : exinfo->userseek           = 00007FFCBA6387E0
[LOG] SystemI::createSoundInternal             : exinfo->fileuserdata       = 0000000084856488
[LOG] SystemI::createSoundInternal             : exinfo->initialseekpostype = 1
[LOG] SystemI::createSoundInternal             : Format has 1 subsounds.
[LOG] SystemI::createSoundInternal             : Create as FMOD_CREATESAMPLE
[LOG] SystemI::createSoundInternal             : Multi-sample sound (1 subsounds), create a sample container.
[LOG] SystemI::createSoundInternal             : creating subsound 0/1
[LOG] SystemI::createSample                    : mode 0a000202 length 20736 samples, lengthbytes 11360
[LOG] SystemI::createSample                    : channels = 1
[LOG] SystemI::createSample                    : output = 00000000848CCC88
[LOG] OutputSoftware::createSample             : lengthpcm 20736, lengthbytes 11360, channels 1, format 2, freq 40000, mode 0a00020a
[LOG] SystemI::createSoundInternal             : done.  OpenState now = FMOD_OPENSTATE_READY.

[LOG] SystemI::createSoundInternal             : filename =  : mode 0a000202
[LOG] SystemI::createSoundInternal             : exinfo->cbsize             = 232
[LOG] SystemI::createSoundInternal             : exinfo->length             = 1095744
[LOG] SystemI::createSoundInternal             : exinfo->fileoffset         = 40192
[LOG] SystemI::createSoundInternal             : exinfo->numsubsounds       = 1
[LOG] SystemI::createSoundInternal             : exinfo->inclusionlist      = 000000007996FB28
[LOG] SystemI::createSoundInternal             : exinfo->inclusionlistnum   = 1
[LOG] SystemI::createSoundInternal             : exinfo->suggestedsoundtype = 5
[LOG] SystemI::createSoundInternal             : exinfo->useropen           = 00007FFCBA638650
[LOG] SystemI::createSoundInternal             : exinfo->userclose          = 00007FFCBA6393C0
[LOG] SystemI::createSoundInternal             : exinfo->userread           = 00007FFCBA638730
[LOG] SystemI::createSoundInternal             : exinfo->userseek           = 00007FFCBA6387E0
[LOG] SystemI::createSoundInternal             : exinfo->fileuserdata       = 0000000084856488
[LOG] SystemI::createSoundInternal             : exinfo->initialseekpostype = 1
[LOG] SystemI::createSoundInternal             : Format has 1 subsounds.
[LOG] SystemI::createSoundInternal             : Create as FMOD_CREATESAMPLE
[LOG] SystemI::createSoundInternal             : Multi-sample sound (1 subsounds), create a sample container.
[LOG] SystemI::createSoundInternal             : creating subsound 0/1
[LOG] SystemI::createSample                    : mode 0a000202 length 15360 samples, lengthbytes 8416
[LOG] SystemI::createSample                    : channels = 1
[LOG] SystemI::createSample                    : output = 00000000848CCC88
[LOG] OutputSoftware::createSample             : lengthpcm 15360, lengthbytes 8416, channels 1, format 2, freq 40000, mode 0a00020a
[LOG] SystemI::createSoundInternal             : done.  OpenState now = FMOD_OPENSTATE_READY.

[LOG] SystemI::createSoundInternal             : filename =  : mode 0a000202
[LOG] SystemI::createSoundInternal             : exinfo->cbsize             = 232
[LOG] SystemI::createSoundInternal             : exinfo->length             = 1095744
[LOG] SystemI::createSoundInternal             : exinfo->fileoffset         = 40192
[LOG] SystemI::createSoundInternal             : exinfo->numsubsounds       = 1
[LOG] SystemI::createSoundInternal             : exinfo->inclusionlist      = 000000007996FB28
[LOG] SystemI::createSoundInternal             : exinfo->inclusionlistnum   = 1
[LOG] SystemI::createSoundInternal             : exinfo->suggestedsoundtype = 5
[LOG] SystemI::createSoundInternal             : exinfo->useropen           = 00007FFCBA638650
[LOG] SystemI::createSoundInternal             : exinfo->userclose          = 00007FFCBA6393C0
[LOG] SystemI::createSoundInternal             : exinfo->userread           = 00007FFCBA638730
[LOG] SystemI::createSoundInternal             : exinfo->userseek           = 00007FFCBA6387E0
[LOG] SystemI::createSoundInternal             : exinfo->fileuserdata       = 0000000084856488
[LOG] SystemI::createSoundInternal             : exinfo->initialseekpostype = 1
[LOG] SystemI::createSoundInternal             : Format has 1 subsounds.
[LOG] SystemI::createSoundInternal             : Create as FMOD_CREATESAMPLE
[LOG] SystemI::createSoundInternal             : Multi-sample sound (1 subsounds), create a sample container.
[LOG] SystemI::createSoundInternal             : creating subsound 0/1
[LOG] SystemI::createSample                    : mode 0a000202 length 73472 samples, lengthbytes 40192
[LOG] SystemI::createSample                    : channels = 1
[LOG] SystemI::createSample                    : output = 00000000848CCC88
[LOG] OutputSoftware::createSample             : lengthpcm 73472, lengthbytes 40192, channels 1, format 2, freq 40000, mode 0a00020a
[LOG] SystemI::createSoundInternal             : done.  OpenState now = FMOD_OPENSTATE_READY.

[LOG] SystemI::createSoundInternal             : filename =  : mode 0a000202
[LOG] SystemI::createSoundInternal             : exinfo->cbsize             = 232
[LOG] SystemI::createSoundInternal             : exinfo->length             = 1095744
[LOG] SystemI::createSoundInternal             : exinfo->fileoffset         = 40192
[LOG] SystemI::createSoundInternal             : exinfo->numsubsounds       = 1
[LOG] SystemI::createSoundInternal             : exinfo->inclusionlist      = 000000007996FB28
[LOG] SystemI::createSoundInternal             : exinfo->inclusionlistnum   = 1
[LOG] SystemI::createSoundInternal             : exinfo->suggestedsoundtype = 5
[LOG] SystemI::createSoundInternal             : exinfo->useropen           = 00007FFCBA638650
[LOG] SystemI::createSoundInternal             : exinfo->userclose          = 00007FFCBA6393C0
[LOG] SystemI::createSoundInternal             : exinfo->userread           = 00007FFCBA638730
[LOG] SystemI::createSoundInternal             : exinfo->userseek           = 00007FFCBA6387E0
[LOG] SystemI::createSoundInternal             : exinfo->fileuserdata       = 0000000084856488
[LOG] SystemI::createSoundInternal             : exinfo->initialseekpostype = 1
[LOG] SystemI::createSoundInternal             : Format has 1 subsounds.
[LOG] SystemI::createSoundInternal             : Create as FMOD_CREATESAMPLE
[LOG] SystemI::createSoundInternal             : Multi-sample sound (1 subsounds), create a sample container.
[LOG] SystemI::createSoundInternal             : creating subsound 0/1
[LOG] SystemI::createSample                    : mode 0a000202 length 11776 samples, lengthbytes 6464
[LOG] SystemI::createSample                    : channels = 1
[LOG] SystemI::createSample                    : output = 00000000848CCC88
[LOG] OutputSoftware::createSample             : lengthpcm 11776, lengthbytes 6464, channels 1, format 2, freq 40000, mode 0a00020a
[LOG] SystemI::createSoundInternal             : done.  OpenState now = FMOD_OPENSTATE_READY.

[LOG] SystemI::createSoundInternal             : filename =  : mode 0a000202
[LOG] SystemI::createSoundInternal             : exinfo->cbsize             = 232
[LOG] SystemI::createSoundInternal             : exinfo->length             = 1095744
[LOG] SystemI::createSoundInternal             : exinfo->fileoffset         = 40192
[LOG] SystemI::createSoundInternal             : exinfo->numsubsounds       = 1
[LOG] SystemI::createSoundInternal             : exinfo->inclusionlist      = 000000007996FB28
[LOG] SystemI::createSoundInternal             : exinfo->inclusionlistnum   = 1
[LOG] SystemI::createSoundInternal             : exinfo->suggestedsoundtype = 5
[LOG] SystemI::createSoundInternal             : exinfo->useropen           = 00007FFCBA638650
[LOG] SystemI::createSoundInternal             : exinfo->userclose          = 00007FFCBA6393C0
[LOG] SystemI::createSoundInternal             : exinfo->userread           = 00007FFCBA638730
[LOG] SystemI::createSoundInternal             : exinfo->userseek           = 00007FFCBA6387E0
[LOG] SystemI::createSoundInternal             : exinfo->fileuserdata       = 0000000084856488
[LOG] SystemI::createSoundInternal             : exinfo->initialseekpostype = 1
[LOG] SystemI::createSoundInternal             : Format has 1 subsounds.
[LOG] SystemI::createSoundInternal             : Create as FMOD_CREATESAMPLE
[LOG] SystemI::createSoundInternal             : Multi-sample sound (1 subsounds), create a sample container.
[LOG] SystemI::createSoundInternal             : creating subsound 0/1
[LOG] SystemI::createSample                    : mode 0a000202 length 22784 samples, lengthbytes 12480
[LOG] SystemI::createSample                    : channels = 1
[LOG] SystemI::createSample                    : output = 00000000848CCC88
[LOG] OutputSoftware::createSample             : lengthpcm 22784, lengthbytes 12480, channels 1, format 2, freq 40000, mode 0a00020a
[LOG] SystemI::createSoundInternal             : done.  OpenState now = FMOD_OPENSTATE_READY.

[LOG] SystemI::createSoundInternal             : filename =  : mode 0a000202
[LOG] SystemI::createSoundInternal             : exinfo->cbsize             = 232
[LOG] SystemI::createSoundInternal             : exinfo->length             = 1095744
[LOG] SystemI::createSoundInternal             : exinfo->fileoffset         = 40192
[LOG] SystemI::createSoundInternal             : exinfo->numsubsounds       = 1
[LOG] SystemI::createSoundInternal             : exinfo->inclusionlist      = 000000007996FB28
[LOG] SystemI::createSoundInternal             : exinfo->inclusionlistnum   = 1
[LOG] SystemI::createSoundInternal             : exinfo->suggestedsoundtype = 5
[LOG] SystemI::createSoundInternal             : exinfo->useropen           = 00007FFCBA638650
[LOG] SystemI::createSoundInternal             : exinfo->userclose          = 00007FFCBA6393C0
[LOG] SystemI::createSoundInternal             : exinfo->userread           = 00007FFCBA638730
[LOG] SystemI::createSoundInternal             : exinfo->userseek           = 00007FFCBA6387E0
[LOG] SystemI::createSoundInternal             : exinfo->fileuserdata       = 0000000084856488
[LOG] SystemI::createSoundInternal             : exinfo->initialseekpostype = 1
[LOG] SystemI::createSoundInternal             : Format has 1 subsounds.
[LOG] SystemI::createSoundInternal             : Create as FMOD_CREATESAMPLE
[LOG] SystemI::createSoundInternal             : Multi-sample sound (1 subsounds), create a sample container.
[LOG] SystemI::createSoundInternal             : creating subsound 0/1
[LOG] SystemI::createSample                    : mode 0a000202 length 29696 samples, lengthbytes 16256
[LOG] SystemI::createSample                    : channels = 1
[LOG] SystemI::createSample                    : output = 00000000848CCC88
[LOG] OutputSoftware::createSample             : lengthpcm 29696, lengthbytes 16256, channels 1, format 2, freq 40000, mode 0a00020a
[LOG] SystemI::createSoundInternal             : done.  OpenState now = FMOD_OPENSTATE_READY.

[LOG] SystemI::createSoundInternal             : filename =  : mode 0a000202
[LOG] SystemI::createSoundInternal             : exinfo->cbsize             = 232
[LOG] SystemI::createSoundInternal             : exinfo->length             = 1095744
[LOG] SystemI::createSoundInternal             : exinfo->fileoffset         = 40192
[LOG] SystemI::createSoundInternal             : exinfo->numsubsounds       = 1
[LOG] SystemI::createSoundInternal             : exinfo->inclusionlist      = 000000007996FB28
[LOG] SystemI::createSoundInternal             : exinfo->inclusionlistnum   = 1
[LOG] SystemI::createSoundInternal             : exinfo->suggestedsoundtype = 5
[LOG] SystemI::createSoundInternal             : exinfo->useropen           = 00007FFCBA638650
[LOG] SystemI::createSoundInternal             : exinfo->userclose          = 00007FFCBA6393C0
[LOG] SystemI::createSoundInternal             : exinfo->userread           = 00007FFCBA638730
[LOG] SystemI::createSoundInternal             : exinfo->userseek           = 00007FFCBA6387E0
[LOG] SystemI::createSoundInternal             : exinfo->fileuserdata       = 0000000084856488
[LOG] SystemI::createSoundInternal             : exinfo->initialseekpostype = 1
[LOG] SystemI::createSoundInternal             : Format has 1 subsounds.
[LOG] SystemI::createSoundInternal             : Create as FMOD_CREATESAMPLE
[LOG] SystemI::createSoundInternal             : Multi-sample sound (1 subsounds), create a sample container.
[LOG] SystemI::createSoundInternal             : creating subsound 0/1
[LOG] SystemI::createSample                    : mode 0a000202 length 52224 samples, lengthbytes 28576
[LOG] SystemI::createSample                    : channels = 1
[LOG] SystemI::createSample                    : output = 00000000848CCC88
[LOG] OutputSoftware::createSample             : lengthpcm 52224, lengthbytes 28576, channels 1, format 2, freq 40000, mode 0a00020a
[LOG] SystemI::createSoundInternal             : done.  OpenState now = FMOD_OPENSTATE_READY.

[WRN] EventInstance::update                    : Event {006e32ef-b396-4907-8f4f-ccd1048c9904} waited 100 milliseconds for sample data to load.  Preload sample data to avoid this delay.
[WRN] ChannelI::forceVirtual                   : Ignoring force virtual since channel just went real
[WRN] ChannelI::forceVirtual                   : Ignoring force virtual since channel just went real
[WRN] ChannelI::forceVirtual                   : Ignoring force virtual since channel just went real
[WRN] ChannelI::forceVirtual                   : Ignoring force virtual since channel just went real
[WRN] ChannelI::forceVirtual                   : Ignoring force virtual since channel just went real
[WRN] ChannelI::forceVirtual                   : Ignoring force virtual since channel just went real
[WRN] ChannelI::forceVirtual                   : Ignoring force virtual since channel just went real
[WRN] ChannelI::forceVirtual                   : Ignoring force virtual since channel just went real
[WRN] ChannelI::forceVirtual                   : Ignoring force virtual since channel just went real
[WRN] ChannelI::forceVirtual                   : Ignoring force virtual since channel just went real
[LOG] SystemI::createSoundInternal             : filename =  : mode 0a000202
[LOG] SystemI::createSoundInternal             : exinfo->cbsize             = 232
[LOG] SystemI::createSoundInternal             : exinfo->length             = 5401504
[LOG] SystemI::createSoundInternal             : exinfo->fileoffset         = 187904
[LOG] SystemI::createSoundInternal             : exinfo->numsubsounds       = 1
[LOG] SystemI::createSoundInternal             : exinfo->inclusionlist      = 000000007996FB28
[LOG] SystemI::createSoundInternal             : exinfo->inclusionlistnum   = 1
[LOG] SystemI::createSoundInternal             : exinfo->suggestedsoundtype = 5
[LOG] SystemI::createSoundInternal             : exinfo->useropen           = 00007FFCBA638650
[LOG] SystemI::createSoundInternal             : exinfo->userclose          = 00007FFCBA6393C0
[LOG] SystemI::createSoundInternal             : exinfo->userread           = 00007FFCBA638730
[LOG] SystemI::createSoundInternal             : exinfo->userseek           = 00007FFCBA6387E0
[LOG] SystemI::createSoundInternal             : exinfo->fileuserdata       = 0000000084854D28
[LOG] SystemI::createSoundInternal             : exinfo->initialseekpostype = 1
[LOG] SystemI::createSoundInternal             : Format has 1 subsounds.
[LOG] SystemI::createSoundInternal             : Create as FMOD_CREATESAMPLE
[LOG] SystemI::createSoundInternal             : Multi-sample sound (1 subsounds), create a sample container.
[LOG] SystemI::createSoundInternal             : creating subsound 0/1
[LOG] SystemI::createSample                    : mode 0a000202 length 71936 samples, lengthbytes 39360
[LOG] SystemI::createSample                    : channels = 1
[LOG] SystemI::createSample                    : output = 00000000848CCC88
[LOG] OutputSoftware::createSample             : lengthpcm 71936, lengthbytes 39360, channels 1, format 2, freq 40000, mode 0a00020a
[LOG] SystemI::createSoundInternal             : done.  OpenState now = FMOD_OPENSTATE_READY.

[LOG] SystemI::createSoundInternal             : filename =  : mode 0a000202
[LOG] SystemI::createSoundInternal             : exinfo->cbsize             = 232
[LOG] SystemI::createSoundInternal             : exinfo->length             = 5401504
[LOG] SystemI::createSoundInternal             : exinfo->fileoffset         = 187904
[LOG] SystemI::createSoundInternal             : exinfo->numsubsounds       = 1
[LOG] SystemI::createSoundInternal             : exinfo->inclusionlist      = 000000007996FB28
[LOG] SystemI::createSoundInternal             : exinfo->inclusionlistnum   = 1
[LOG] SystemI::createSoundInternal             : exinfo->suggestedsoundtype = 5
[LOG] SystemI::createSoundInternal             : exinfo->useropen           = 00007FFCBA638650
[LOG] SystemI::createSoundInternal             : exinfo->userclose          = 00007FFCBA6393C0
[LOG] SystemI::createSoundInternal             : exinfo->userread           = 00007FFCBA638730
[LOG] SystemI::createSoundInternal             : exinfo->userseek           = 00007FFCBA6387E0
[LOG] SystemI::createSoundInternal             : exinfo->fileuserdata       = 0000000084854D28
[LOG] SystemI::createSoundInternal             : exinfo->initialseekpostype = 1
[LOG] SystemI::createSoundInternal             : Format has 1 subsounds.
[LOG] SystemI::createSoundInternal             : Create as FMOD_CREATESAMPLE
[LOG] SystemI::createSoundInternal             : Multi-sample sound (1 subsounds), create a sample container.
[LOG] SystemI::createSoundInternal             : creating subsound 0/1
[LOG] SystemI::createSample                    : mode 0a000202 length 32256 samples, lengthbytes 17664
[LOG] SystemI::createSample                    : channels = 1
[LOG] SystemI::createSample                    : output = 00000000848CCC88
[LOG] OutputSoftware::createSample             : lengthpcm 32256, lengthbytes 17664, channels 1, format 2, freq 40000, mode 0a00020a
[LOG] SystemI::createSoundInternal             : done.  OpenState now = FMOD_OPENSTATE_READY.

[LOG] SoundI::release                          : (null) (0000000096B1ED98)
[LOG] SoundI::release                          : release subsounds. (0000000096B1ED98)
[LOG] SoundI::release                          :     (null) (0000000096A789A8)
[LOG] SoundI::release                          : release codec. (0000000096B1ED98)
[LOG] SoundI::release                          : (null) (0000000096B1CB18)
[LOG] SoundI::release                          : release subsounds. (0000000096B1CB18)
[LOG] SoundI::release                          :     (null) (0000000096A76F18)
[LOG] SoundI::release                          : release codec. (0000000096B1CB18)
[LOG] SoundI::release                          : (null) (0000000096B1F4C8)
[LOG] SoundI::release                          : release subsounds. (0000000096B1F4C8)
[LOG] SoundI::release                          :     (null) (0000000096A781D8)
[LOG] SoundI::release                          : release codec. (0000000096B1F4C8)
[LOG] SoundI::release                          : (null) (0000000096B1B588)
[LOG] SoundI::release                          : release subsounds. (0000000096B1B588)
[LOG] SoundI::release                          :     (null) (0000000096A77EB8)
[LOG] SoundI::release                          : release codec. (0000000096B1B588)
[LOG] SoundI::release                          : (null) (0000000096B17368)
[LOG] SoundI::release                          : release subsounds. (0000000096B17368)
[LOG] SoundI::release                          :     (null) (0000000096A776E8)
[LOG] SoundI::release                          : release codec. (0000000096B17368)
[LOG] SystemI::createSoundInternal             : filename =  : mode 0a000202
[LOG] SystemI::createSoundInternal             : exinfo->cbsize             = 232
[LOG] SystemI::createSoundInternal             : exinfo->length             = 4556704
[LOG] SystemI::createSoundInternal             : exinfo->fileoffset         = 86400
[LOG] SystemI::createSoundInternal             : exinfo->numsubsounds       = 1
[LOG] SystemI::createSoundInternal             : exinfo->inclusionlist      = 000000007996FB28
[LOG] SystemI::createSoundInternal             : exinfo->inclusionlistnum   = 1
[LOG] SystemI::createSoundInternal             : exinfo->suggestedsoundtype = 5
[LOG] SystemI::createSoundInternal             : exinfo->useropen           = 00007FFCBA638650
[LOG] SystemI::createSoundInternal             : exinfo->userclose          = 00007FFCBA6393C0
[LOG] SystemI::createSoundInternal             : exinfo->userread           = 00007FFCBA638730
[LOG] SystemI::createSoundInternal             : exinfo->userseek           = 00007FFCBA6387E0
[LOG] SystemI::createSoundInternal             : exinfo->fileuserdata       = 00000000965B5CF8
[LOG] SystemI::createSoundInternal             : exinfo->initialseekpostype = 1
[LOG] SystemI::createSoundInternal             : Format has 1 subsounds.
[LOG] SystemI::createSoundInternal             : Create as FMOD_CREATESAMPLE
[LOG] SystemI::createSoundInternal             : Multi-sample sound (1 subsounds), create a sample container.
[LOG] SystemI::createSoundInternal             : creating subsound 0/1
[LOG] SystemI::createSample                    : mode 0a000202 length 18688 samples, lengthbytes 10240
[LOG] SystemI::createSample                    : channels = 1
[LOG] SystemI::createSample                    : output = 00000000848CCC88
[LOG] OutputSoftware::createSample             : lengthpcm 18688, lengthbytes 10240, channels 1, format 2, freq 40000, mode 0a00020a
[LOG] SystemI::createSoundInternal             : done.  OpenState now = FMOD_OPENSTATE_READY.

[LOG] SystemI::createSoundInternal             : filename =  : mode 0a000202
[LOG] SystemI::createSoundInternal             : exinfo->cbsize             = 232
[LOG] SystemI::createSoundInternal             : exinfo->length             = 4556704
[LOG] SystemI::createSoundInternal             : exinfo->fileoffset         = 86400
[LOG] SystemI::createSoundInternal             : exinfo->numsubsounds       = 1
[LOG] SystemI::createSoundInternal             : exinfo->inclusionlist      = 000000007996FB28
[LOG] SystemI::createSoundInternal             : exinfo->inclusionlistnum   = 1
[LOG] SystemI::createSoundInternal             : exinfo->suggestedsoundtype = 5
[LOG] SystemI::createSoundInternal             : exinfo->useropen           = 00007FFCBA638650
[LOG] SystemI::createSoundInternal             : exinfo->userclose          = 00007FFCBA6393C0
[LOG] SystemI::createSoundInternal             : exinfo->userread           = 00007FFCBA638730
[LOG] SystemI::createSoundInternal             : exinfo->userseek           = 00007FFCBA6387E0
[LOG] SystemI::createSoundInternal             : exinfo->fileuserdata       = 00000000965B5CF8
[LOG] SystemI::createSoundInternal             : exinfo->initialseekpostype = 1
[LOG] SystemI::createSoundInternal             : Format has 1 subsounds.
[LOG] SystemI::createSoundInternal             : Create as FMOD_CREATESAMPLE
[LOG] SystemI::createSoundInternal             : Multi-sample sound (1 subsounds), create a sample container.
[LOG] SystemI::createSoundInternal             : creating subsound 0/1
[LOG] SystemI::createSample                    : mode 0a000202 length 34048 samples, lengthbytes 18624
[LOG] SystemI::createSample                    : channels = 1
[LOG] SystemI::createSample                    : output = 00000000848CCC88
[LOG] OutputSoftware::createSample             : lengthpcm 34048, lengthbytes 18624, channels 1, format 2, freq 40000, mode 0a00020a
[LOG] SystemI::createSoundInternal             : done.  OpenState now = FMOD_OPENSTATE_READY.

[LOG] SystemI::createSoundInternal             : filename =  : mode 0a000202
[LOG] SystemI::createSoundInternal             : exinfo->cbsize             = 232
[LOG] SystemI::createSoundInternal             : exinfo->length             = 4556704
[LOG] SystemI::createSoundInternal             : exinfo->fileoffset         = 86400
[LOG] SystemI::createSoundInternal             : exinfo->numsubsounds       = 1
[LOG] SystemI::createSoundInternal             : exinfo->inclusionlist      = 000000007996FB28
[LOG] SystemI::createSoundInternal             : exinfo->inclusionlistnum   = 1
[LOG] SystemI::createSoundInternal             : exinfo->suggestedsoundtype = 5
[LOG] SystemI::createSoundInternal             : exinfo->useropen           = 00007FFCBA638650
[LOG] SystemI::createSoundInternal             : exinfo->userclose          = 00007FFCBA6393C0
[LOG] SystemI::createSoundInternal             : exinfo->userread           = 00007FFCBA638730
[LOG] SystemI::createSoundInternal             : exinfo->userseek           = 00007FFCBA6387E0
[LOG] SystemI::createSoundInternal             : exinfo->fileuserdata       = 00000000965B5CF8
[LOG] SystemI::createSoundInternal             : exinfo->initialseekpostype = 1
[LOG] SystemI::createSoundInternal             : Format has 1 subsounds.
[LOG] SystemI::createSoundInternal             : Create as FMOD_CREATESAMPLE
[LOG] SystemI::createSoundInternal             : Multi-sample sound (1 subsounds), create a sample container.
[LOG] SystemI::createSoundInternal             : creating subsound 0/1
[LOG] SystemI::createSample                    : mode 0a000202 length 95232 samples, lengthbytes 52096
[LOG] SystemI::createSample                    : channels = 1
[LOG] SystemI::createSample                    : output = 00000000848CCC88
[LOG] OutputSoftware::createSample             : lengthpcm 95232, lengthbytes 52096, channels 1, format 2, freq 40000, mode 0a00020a
[LOG] SystemI::createSoundInternal             : done.  OpenState now = FMOD_OPENSTATE_READY.

[WRN] ChannelI::forceVirtual                   : Ignoring force virtual since channel just went real
[WRN] ChannelI::forceVirtual                   : Ignoring force virtual since channel just went real
[WRN] ChannelI::forceVirtual                   : Ignoring force virtual since channel just went real
[WRN] ChannelI::forceVirtual                   : Ignoring force virtual since channel just went real
[WRN] ChannelI::forceVirtual                   : Ignoring force virtual since channel just went real
[WRN] ChannelI::forceVirtual                   : Ignoring force virtual since channel just went real
[WRN] ChannelI::forceVirtual                   : Ignoring force virtual since channel just went real
[WRN] ChannelI::forceVirtual                   : Ignoring force virtual since channel just went real
[WRN] ChannelI::forceVirtual                   : Ignoring force virtual since channel just went real
[WRN] ChannelI::forceVirtual                   : Ignoring force virtual since channel just went real
[WRN] ChannelI::forceVirtual                   : Ignoring force virtual since channel just went real
[WRN] ChannelI::forceVirtual                   : Ignoring force virtual since channel just went real
[WRN] ChannelI::forceVirtual                   : Ignoring force virtual since channel just went real
[WRN] ChannelI::forceVirtual                   : Ignoring force virtual since channel just went real
[WRN] ChannelI::forceVirtual                   : Ignoring force virtual since channel just went real
[WRN] ChannelI::forceVirtual                   : Ignoring force virtual since channel just went real
[WRN] ChannelI::forceVirtual                   : Ignoring force virtual since channel just went real
[WRN] ChannelI::forceVirtual                   : Ignoring force virtual since channel just went real
[WRN] ChannelI::forceVirtual                   : Ignoring force virtual since channel just went real
[WRN] ChannelI::forceVirtual                   : Ignoring force virtual since channel just went real
[LOG] SoundI::release                          : (null) (0000000096B174D8)
[LOG] SoundI::release                          : release subsounds. (0000000096B174D8)
[LOG] SoundI::release                          :     (null) (0000000096A784F8)
[LOG] SoundI::release                          : release codec. (0000000096B174D8)
[LOG] SystemI::createSoundInternal             : filename =  : mode 0a000202
[LOG] SystemI::createSoundInternal             : exinfo->cbsize             = 232
[LOG] SystemI::createSoundInternal             : exinfo->length             = 696480
[LOG] SystemI::createSoundInternal             : exinfo->fileoffset         = 21792
[LOG] SystemI::createSoundInternal             : exinfo->numsubsounds       = 1
[LOG] SystemI::createSoundInternal             : exinfo->inclusionlist      = 000000007996FB28
[LOG] SystemI::createSoundInternal             : exinfo->inclusionlistnum   = 1
[LOG] SystemI::createSoundInternal             : exinfo->suggestedsoundtype = 5
[LOG] SystemI::createSoundInternal             : exinfo->useropen           = 00007FFCBA638650
[LOG] SystemI::createSoundInternal             : exinfo->userclose          = 00007FFCBA6393C0
[LOG] SystemI::createSoundInternal             : exinfo->userread           = 00007FFCBA638730
[LOG] SystemI::createSoundInternal             : exinfo->userseek           = 00007FFCBA6387E0
[LOG] SystemI::createSoundInternal             : exinfo->fileuserdata       = 00000000965B49D8
[LOG] SystemI::createSoundInternal             : exinfo->initialseekpostype = 1
[LOG] SystemI::createSoundInternal             : Format has 1 subsounds.
[LOG] SystemI::createSoundInternal             : Create as FMOD_CREATESAMPLE
[LOG] SystemI::createSoundInternal             : Multi-sample sound (1 subsounds), create a sample container.
[LOG] SystemI::createSoundInternal             : creating subsound 0/1
[LOG] SystemI::createSample                    : mode 0a000202 length 24832 samples, lengthbytes 13600
[LOG] SystemI::createSample                    : channels = 1
[LOG] SystemI::createSample                    : output = 00000000848CCC88
[LOG] OutputSoftware::createSample             : lengthpcm 24832, lengthbytes 13600, channels 1, format 2, freq 40000, mode 0a00020a
[LOG] SystemI::createSoundInternal             : done.  OpenState now = FMOD_OPENSTATE_READY.

[WRN] ChannelI::forceVirtual                   : Ignoring force virtual since channel just went real
[WRN] ChannelI::forceVirtual                   : Ignoring force virtual since channel just went real
[WRN] ChannelI::forceVirtual                   : Ignoring force virtual since channel just went real
[WRN] ChannelI::forceVirtual                   : Ignoring force virtual since channel just went real
[WRN] ChannelI::forceVirtual                   : Ignoring force virtual since channel just went real
[WRN] ChannelI::forceVirtual                   : Ignoring force virtual since channel just went real
[WRN] ChannelI::forceVirtual                   : Ignoring force virtual since channel just went real
[WRN] ChannelI::forceVirtual                   : Ignoring force virtual since channel just went real
[WRN] ChannelI::forceVirtual                   : Ignoring force virtual since channel just went real
[WRN] ChannelI::forceVirtual                   : Ignoring force virtual since channel just went real
[LOG] SoundI::release                          : (null) (0000000096B1BB48)
[LOG] SoundI::release                          : release subsounds. (0000000096B1BB48)
[LOG] SoundI::release                          :     (null) (00000000847FA208)
[LOG] SoundI::release                          : release codec. (0000000096B1BB48)
[LOG] SoundI::release                          : (null) (0000000096B1E0A8)
[LOG] SoundI::release                          : release subsounds. (0000000096B1E0A8)
[LOG] SoundI::release                          :     (null) (00000000847F9D58)
[LOG] SoundI::release                          : release codec. (0000000096B1E0A8)
[LOG] SoundI::release                          : (null) (0000000096B1B9D8)
[LOG] SoundI::release                          : release subsounds. (0000000096B1B9D8)
[LOG] SoundI::release                          :     (null) (00000000847FA078)
[LOG] SoundI::release                          : release codec. (0000000096B1B9D8)
[LOG] SoundI::release                          : (null) (0000000096B1EAB8)
[LOG] SoundI::release                          : release subsounds. (0000000096B1EAB8)
[LOG] SoundI::release                          :     (null) (00000000847FB018)
[LOG] SoundI::release                          : release codec. (0000000096B1EAB8)
[LOG] SystemI::createSoundInternal             : filename =  : mode 0a000202
[LOG] SystemI::createSoundInternal             : exinfo->cbsize             = 232
[LOG] SystemI::createSoundInternal             : exinfo->length             = 4556704
[LOG] SystemI::createSoundInternal             : exinfo->fileoffset         = 86400
[LOG] SystemI::createSoundInternal             : exinfo->numsubsounds       = 1
[LOG] SystemI::createSoundInternal             : exinfo->inclusionlist      = 000000007996FB28
[LOG] SystemI::createSoundInternal             : exinfo->inclusionlistnum   = 1
[LOG] SystemI::createSoundInternal             : exinfo->suggestedsoundtype = 5
[LOG] SystemI::createSoundInternal             : exinfo->useropen           = 00007FFCBA638650
[LOG] SystemI::createSoundInternal             : exinfo->userclose          = 00007FFCBA6393C0
[LOG] SystemI::createSoundInternal             : exinfo->userread           = 00007FFCBA638730
[LOG] SystemI::createSoundInternal             : exinfo->userseek           = 00007FFCBA6387E0
[LOG] SystemI::createSoundInternal             : exinfo->fileuserdata       = 00000000965B2178
[LOG] SystemI::createSoundInternal             : exinfo->initialseekpostype = 1
[LOG] SystemI::createSoundInternal             : Format has 1 subsounds.
[LOG] SystemI::createSoundInternal             : Create as FMOD_CREATESAMPLE
[LOG] SystemI::createSoundInternal             : Multi-sample sound (1 subsounds), create a sample container.
[LOG] SystemI::createSoundInternal             : creating subsound 0/1
[LOG] SystemI::createSample                    : mode 0a000202 length 244736 samples, lengthbytes 133856
[LOG] SystemI::createSample                    : channels = 1
[LOG] SystemI::createSample                    : output = 00000000848CCC88
[LOG] OutputSoftware::createSample             : lengthpcm 244736, lengthbytes 133856, channels 1, format 2, freq 40000, mode 0a00020a
[LOG] SystemI::createSoundInternal             : done.  OpenState now = FMOD_OPENSTATE_READY.

[LOG] SystemI::createSoundInternal             : filename =  : mode 0a000202
[LOG] SystemI::createSoundInternal             : exinfo->cbsize             = 232
[LOG] SystemI::createSoundInternal             : exinfo->length             = 4556704
[LOG] SystemI::createSoundInternal             : exinfo->fileoffset         = 86400
[LOG] SystemI::createSoundInternal             : exinfo->numsubsounds       = 1
[LOG] SystemI::createSoundInternal             : exinfo->inclusionlist      = 000000007996FB28
[LOG] SystemI::createSoundInternal             : exinfo->inclusionlistnum   = 1
[LOG] SystemI::createSoundInternal             : exinfo->suggestedsoundtype = 5
[LOG] SystemI::createSoundInternal             : exinfo->useropen           = 00007FFCBA638650
[LOG] SystemI::createSoundInternal             : exinfo->userclose          = 00007FFCBA6393C0
[LOG] SystemI::createSoundInternal             : exinfo->userread           = 00007FFCBA638730
[LOG] SystemI::createSoundInternal             : exinfo->userseek           = 00007FFCBA6387E0
[LOG] SystemI::createSoundInternal             : exinfo->fileuserdata       = 00000000965B2178
[LOG] SystemI::createSoundInternal             : exinfo->initialseekpostype = 1
[LOG] SystemI::createSoundInternal             : Format has 1 subsounds.
[LOG] SystemI::createSoundInternal             : Create as FMOD_CREATESAMPLE
[LOG] SystemI::createSoundInternal             : Multi-sample sound (1 subsounds), create a sample container.
[LOG] SystemI::createSoundInternal             : creating subsound 0/1
[LOG] SystemI::createSample                    : mode 0a000202 length 532224 samples, lengthbytes 291072
[LOG] SystemI::createSample                    : channels = 1
[LOG] SystemI::createSample                    : output = 00000000848CCC88
[LOG] OutputSoftware::createSample             : lengthpcm 532224, lengthbytes 291072, channels 1, format 2, freq 40000, mode 0a00020a
[LOG] SystemI::createSoundInternal             : done.  OpenState now = FMOD_OPENSTATE_READY.

[LOG] SoundI::release                          : (null) (0000000096B20EA8)
[LOG] SoundI::release                          : release subsounds. (0000000096B20EA8)
[LOG] SoundI::release                          :     (null) (0000000096619718)
[LOG] SoundI::release                          : release codec. (0000000096B20EA8)
[LOG] SoundI::release                          : (null) (0000000096B20BC8)
[LOG] SoundI::release                          : release subsounds. (0000000096B20BC8)
[LOG] SoundI::release                          :     (null) (00000000847FA9D8)
[LOG] SoundI::release                          : release codec. (0000000096B20BC8)
[LOG] SystemI::createSoundInternal             : filename =  : mode 0a000202
[LOG] SystemI::createSoundInternal             : exinfo->cbsize             = 232
[LOG] SystemI::createSoundInternal             : exinfo->length             = 696480
[LOG] SystemI::createSoundInternal             : exinfo->fileoffset         = 21792
[LOG] SystemI::createSoundInternal             : exinfo->numsubsounds       = 1
[LOG] SystemI::createSoundInternal             : exinfo->inclusionlist      = 000000007996FB28
[LOG] SystemI::createSoundInternal             : exinfo->inclusionlistnum   = 1
[LOG] SystemI::createSoundInternal             : exinfo->suggestedsoundtype = 5
[LOG] SystemI::createSoundInternal             : exinfo->useropen           = 00007FFCBA638650
[LOG] SystemI::createSoundInternal             : exinfo->userclose          = 00007FFCBA6393C0
[LOG] SystemI::createSoundInternal             : exinfo->userread           = 00007FFCBA638730
[LOG] SystemI::createSoundInternal             : exinfo->userseek           = 00007FFCBA6387E0
[LOG] SystemI::createSoundInternal             : exinfo->fileuserdata       = 00000000965B29F8
[LOG] SystemI::createSoundInternal             : exinfo->initialseekpostype = 1
[LOG] SystemI::createSoundInternal             : Format has 1 subsounds.
[LOG] SystemI::createSoundInternal             : Create as FMOD_CREATESAMPLE
[LOG] SystemI::createSoundInternal             : Multi-sample sound (1 subsounds), create a sample container.
[LOG] SystemI::createSoundInternal             : creating subsound 0/1
[LOG] SystemI::createSample                    : mode 0a000202 length 26624 samples, lengthbytes 14560
[LOG] SystemI::createSample                    : channels = 1
[LOG] SystemI::createSample                    : output = 00000000848CCC88
[LOG] OutputSoftware::createSample             : lengthpcm 26624, lengthbytes 14560, channels 1, format 2, freq 40000, mode 0a00020a
[LOG] SystemI::createSoundInternal             : done.  OpenState now = FMOD_OPENSTATE_READY.

[LOG] SystemI::createSoundInternal             : filename =  : mode 0a000202
[LOG] SystemI::createSoundInternal             : exinfo->cbsize             = 232
[LOG] SystemI::createSoundInternal             : exinfo->length             = 696480
[LOG] SystemI::createSoundInternal             : exinfo->fileoffset         = 21792
[LOG] SystemI::createSoundInternal             : exinfo->numsubsounds       = 1
[LOG] SystemI::createSoundInternal             : exinfo->inclusionlist      = 000000007996FB28
[LOG] SystemI::createSoundInternal             : exinfo->inclusionlistnum   = 1
[LOG] SystemI::createSoundInternal             : exinfo->suggestedsoundtype = 5
[LOG] SystemI::createSoundInternal             : exinfo->useropen           = 00007FFCBA638650
[LOG] SystemI::createSoundInternal             : exinfo->userclose          = 00007FFCBA6393C0
[LOG] SystemI::createSoundInternal             : exinfo->userread           = 00007FFCBA638730
[LOG] SystemI::createSoundInternal             : exinfo->userseek           = 00007FFCBA6387E0
[LOG] SystemI::createSoundInternal             : exinfo->fileuserdata       = 00000000965B29F8
[LOG] SystemI::createSoundInternal             : exinfo->initialseekpostype = 1
[LOG] SystemI::createSoundInternal             : Format has 1 subsounds.
[LOG] SystemI::createSoundInternal             : Create as FMOD_CREATESAMPLE
[LOG] SystemI::createSoundInternal             : Multi-sample sound (1 subsounds), create a sample container.
[LOG] SystemI::createSoundInternal             : creating subsound 0/1
[LOG] SystemI::createSample                    : mode 0a000202 length 21504 samples, lengthbytes 11776
[LOG] SystemI::createSample                    : channels = 1
[LOG] SystemI::createSample                    : output = 00000000848CCC88
[LOG] OutputSoftware::createSample             : lengthpcm 21504, lengthbytes 11776, channels 1, format 2, freq 40000, mode 0a00020a
[LOG] SystemI::createSoundInternal             : done.  OpenState now = FMOD_OPENSTATE_READY.

[LOG] SystemI::createSoundInternal             : filename =  : mode 0a000202
[LOG] SystemI::createSoundInternal             : exinfo->cbsize             = 232
[LOG] SystemI::createSoundInternal             : exinfo->length             = 696480
[LOG] SystemI::createSoundInternal             : exinfo->fileoffset         = 21792
[LOG] SystemI::createSoundInternal             : exinfo->numsubsounds       = 1
[LOG] SystemI::createSoundInternal             : exinfo->inclusionlist      = 000000007996FB28
[LOG] SystemI::createSoundInternal             : exinfo->inclusionlistnum   = 1
[LOG] SystemI::createSoundInternal             : exinfo->suggestedsoundtype = 5
[LOG] SystemI::createSoundInternal             : exinfo->useropen           = 00007FFCBA638650
[LOG] SystemI::createSoundInternal             : exinfo->userclose          = 00007FFCBA6393C0
[LOG] SystemI::createSoundInternal             : exinfo->userread           = 00007FFCBA638730
[LOG] SystemI::createSoundInternal             : exinfo->userseek           = 00007FFCBA6387E0
[LOG] SystemI::createSoundInternal             : exinfo->fileuserdata       = 00000000965B29F8
[LOG] SystemI::createSoundInternal             : exinfo->initialseekpostype = 1
[LOG] SystemI::createSoundInternal             : Format has 1 subsounds.
[LOG] SystemI::createSoundInternal             : Create as FMOD_CREATESAMPLE
[LOG] SystemI::createSoundInternal             : Multi-sample sound (1 subsounds), create a sample container.
[LOG] SystemI::createSoundInternal             : creating subsound 0/1
[LOG] SystemI::createSample                    : mode 0a000202 length 84992 samples, lengthbytes 46496
[LOG] SystemI::createSample                    : channels = 1
[LOG] SystemI::createSample                    : output = 00000000848CCC88
[LOG] OutputSoftware::createSample             : lengthpcm 84992, lengthbytes 46496, channels 1, format 2, freq 40000, mode 0a00020a
[LOG] SystemI::createSoundInternal             : done.  OpenState now = FMOD_OPENSTATE_READY.

[WRN] EventInstance::update                    : Event {10c99bee-5c31-4237-8766-13844e0645b0} waited 54 milliseconds for sample data to load.  Preload sample data to avoid this delay.
[LOG] SoundI::release                          : (null) (0000000096B1E668)
[LOG] SoundI::release                          : release subsounds. (0000000096B1E668)
[LOG] SoundI::release                          :     (null) (00000000847FB1A8)
[LOG] SoundI::release                          : release codec. (0000000096B1E668)
[LOG] SoundI::release                          : (null) (0000000096B20048)
[LOG] SoundI::release                          : release subsounds. (0000000096B20048)
[LOG] SoundI::release                          :     (null) (0000000096618A98)
[LOG] SoundI::release                          : release codec. (0000000096B20048)
[LOG] SoundI::release                          : (null) (0000000096B20D38)
[LOG] SoundI::release                          : release subsounds. (0000000096B20D38)
[LOG] SoundI::release                          :     (null) (00000000847F98A8)
[LOG] SoundI::release                          : release codec. (0000000096B20D38)
[LOG] SoundI::release                          : (null) (0000000096B1FED8)
[LOG] SoundI::release                          : release subsounds. (0000000096B1FED8)
[LOG] SoundI::release                          :     (null) (0000000096619BC8)
[LOG] SoundI::release                          : release codec. (0000000096B1FED8)
[LOG] SoundI::release                          : (null) (0000000096B1FD68)
[LOG] SoundI::release                          : release subsounds. (0000000096B1FD68)
[LOG] SoundI::release                          :     (null) (00000000847FAE88)
[LOG] SoundI::release                          : release codec. (0000000096B1FD68)
[LOG] SoundI::release                          : (null) (0000000096B20778)
[LOG] SoundI::release                          : release subsounds. (0000000096B20778)
[LOG] SoundI::release                          :     (null) (00000000847F9718)
[LOG] SoundI::release                          : release codec. (0000000096B20778)
[LOG] SoundI::release                          : (null) (0000000096B1E948)
[LOG] SoundI::release                          : release subsounds. (0000000096B1E948)
[LOG] SoundI::release                          :     (null) (00000000847F9BC8)
[LOG] SoundI::release                          : release codec. (0000000096B1E948)
[LOG] SoundI::release                          : (null) (0000000096B1EC28)
[LOG] SoundI::release                          : release subsounds. (0000000096B1EC28)
[LOG] SoundI::release                          :     (null) (0000000096619588)
[LOG] SoundI::release                          : release codec. (0000000096B1EC28)
[LOG] SoundI::release                          : (null) (0000000096B1BCB8)
[LOG] SoundI::release                          : release subsounds. (0000000096B1BCB8)
[LOG] SoundI::release                          :     (null) (00000000847FA848)
[LOG] SoundI::release                          : release codec. (0000000096B1BCB8)
[LOG] SoundI::release                          : (null) (0000000096B21D08)
[LOG] SoundI::release                          : release subsounds. (0000000096B21D08)
[LOG] SoundI::release                          :     (null) (00000000A1CB25F8)
[LOG] SoundI::release                          : release codec. (0000000096B21D08)
[LOG] SoundI::release                          : (null) (0000000096B22B68)
[LOG] SoundI::release                          : release subsounds. (0000000096B22B68)
[LOG] SoundI::release                          :     (null) (00000000A1CB1B08)
[LOG] SoundI::release                          : release codec. (0000000096B22B68)
[LOG] SoundI::release                          : (null) (0000000096B20608)
[LOG] SoundI::release                          : release subsounds. (0000000096B20608)
[LOG] SoundI::release                          :     (null) (0000000096618C28)
[LOG] SoundI::release                          : release codec. (0000000096B20608)
[LOG] SoundI::release                          : (null) (0000000096B1ED98)
[LOG] SoundI::release                          : release subsounds. (0000000096B1ED98)
[LOG] SoundI::release                          :     (null) (00000000A1D3F608)
[LOG] SoundI::release                          : release codec. (0000000096B1ED98)
[LOG] SystemI::createSoundInternal             : filename =  : mode 0a000202
[LOG] SystemI::createSoundInternal             : exinfo->cbsize             = 232
[LOG] SystemI::createSoundInternal             : exinfo->length             = 1095744
[LOG] SystemI::createSoundInternal             : exinfo->fileoffset         = 40192
[LOG] SystemI::createSoundInternal             : exinfo->numsubsounds       = 1
[LOG] SystemI::createSoundInternal             : exinfo->inclusionlist      = 000000007996FB28
[LOG] SystemI::createSoundInternal             : exinfo->inclusionlistnum   = 1
[LOG] SystemI::createSoundInternal             : exinfo->suggestedsoundtype = 5
[LOG] SystemI::createSoundInternal             : exinfo->useropen           = 00007FFCBA638650
[LOG] SystemI::createSoundInternal             : exinfo->userclose          = 00007FFCBA6393C0
[LOG] SystemI::createSoundInternal             : exinfo->userread           = 00007FFCBA638730
[LOG] SystemI::createSoundInternal             : exinfo->userseek           = 00007FFCBA6387E0
[LOG] SystemI::createSoundInternal             : exinfo->fileuserdata       = 0000000096561C08
[LOG] SystemI::createSoundInternal             : exinfo->initialseekpostype = 1
[LOG] SystemI::createSoundInternal             : Format has 1 subsounds.
[LOG] SystemI::createSoundInternal             : Create as FMOD_CREATESAMPLE
[LOG] SystemI::createSoundInternal             : Multi-sample sound (1 subsounds), create a sample container.
[LOG] SystemI::createSoundInternal             : creating subsound 0/1
[LOG] SystemI::createSample                    : mode 0a000202 length 34304 samples, lengthbytes 18784
[LOG] SystemI::createSample                    : channels = 1
[LOG] SystemI::createSample                    : output = 00000000848CCC88
[LOG] OutputSoftware::createSample             : lengthpcm 34304, lengthbytes 18784, channels 1, format 2, freq 40000, mode 0a00020a
[LOG] SystemI::createSoundInternal             : done.  OpenState now = FMOD_OPENSTATE_READY.

[LOG] SystemI::createSoundInternal             : filename =  : mode 0a000202
[LOG] SystemI::createSoundInternal             : exinfo->cbsize             = 232
[LOG] SystemI::createSoundInternal             : exinfo->length             = 1095744
[LOG] SystemI::createSoundInternal             : exinfo->fileoffset         = 40192
[LOG] SystemI::createSoundInternal             : exinfo->numsubsounds       = 1
[LOG] SystemI::createSoundInternal             : exinfo->inclusionlist      = 000000007996FB28
[LOG] SystemI::createSoundInternal             : exinfo->inclusionlistnum   = 1
[LOG] SystemI::createSoundInternal             : exinfo->suggestedsoundtype = 5
[LOG] SystemI::createSoundInternal             : exinfo->useropen           = 00007FFCBA638650
[LOG] SystemI::createSoundInternal             : exinfo->userclose          = 00007FFCBA6393C0
[LOG] SystemI::createSoundInternal             : exinfo->userread           = 00007FFCBA638730
[LOG] SystemI::createSoundInternal             : exinfo->userseek           = 00007FFCBA6387E0
[LOG] SystemI::createSoundInternal             : exinfo->fileuserdata       = 0000000096561C08
[LOG] SystemI::createSoundInternal             : exinfo->initialseekpostype = 1
[LOG] SystemI::createSoundInternal             : Format has 1 subsounds.
[LOG] SystemI::createSoundInternal             : Create as FMOD_CREATESAMPLE
[LOG] SystemI::createSoundInternal             : Multi-sample sound (1 subsounds), create a sample container.
[LOG] SystemI::createSoundInternal             : creating subsound 0/1
[LOG] SystemI::createSample                    : mode 0a000202 length 27136 samples, lengthbytes 14848
[LOG] SystemI::createSample                    : channels = 1
[LOG] SystemI::createSample                    : output = 00000000848CCC88
[LOG] OutputSoftware::createSample             : lengthpcm 27136, lengthbytes 14848, channels 1, format 2, freq 40000, mode 0a00020a
[LOG] SystemI::createSoundInternal             : done.  OpenState now = FMOD_OPENSTATE_READY.

[LOG] SystemI::createSoundInternal             : filename =  : mode 0a000202
[LOG] SystemI::createSoundInternal             : exinfo->cbsize             = 232
[LOG] SystemI::createSoundInternal             : exinfo->length             = 1095744
[LOG] SystemI::createSoundInternal             : exinfo->fileoffset         = 40192
[LOG] SystemI::createSoundInternal             : exinfo->numsubsounds       = 1
[LOG] SystemI::createSoundInternal             : exinfo->inclusionlist      = 000000007996FB28
[LOG] SystemI::createSoundInternal             : exinfo->inclusionlistnum   = 1
[LOG] SystemI::createSoundInternal             : exinfo->suggestedsoundtype = 5
[LOG] SystemI::createSoundInternal             : exinfo->useropen           = 00007FFCBA638650
[LOG] SystemI::createSoundInternal             : exinfo->userclose          = 00007FFCBA6393C0
[LOG] SystemI::createSoundInternal             : exinfo->userread           = 00007FFCBA638730
[LOG] SystemI::createSoundInternal             : exinfo->userseek           = 00007FFCBA6387E0
[LOG] SystemI::createSoundInternal             : exinfo->fileuserdata       = 0000000096561C08
[LOG] SystemI::createSoundInternal             : exinfo->initialseekpostype = 1
[LOG] SystemI::createSoundInternal             : Format has 1 subsounds.
[LOG] SystemI::createSoundInternal             : Create as FMOD_CREATESAMPLE
[LOG] SystemI::createSoundInternal             : Multi-sample sound (1 subsounds), create a sample container.
[LOG] SystemI::createSoundInternal             : creating subsound 0/1
[LOG] SystemI::createSample                    : mode 0a000202 length 97024 samples, lengthbytes 53088
[LOG] SystemI::createSample                    : channels = 1
[LOG] SystemI::createSample                    : output = 00000000848CCC88
[LOG] OutputSoftware::createSample             : lengthpcm 97024, lengthbytes 53088, channels 1, format 2, freq 40000, mode 0a00020a
[LOG] SystemI::createSoundInternal             : done.  OpenState now = FMOD_OPENSTATE_READY.

[LOG] SystemI::createSoundInternal             : filename =  : mode 0a000202
[LOG] SystemI::createSoundInternal             : exinfo->cbsize             = 232
[LOG] SystemI::createSoundInternal             : exinfo->length             = 1095744
[LOG] SystemI::createSoundInternal             : exinfo->fileoffset         = 40192
[LOG] SystemI::createSoundInternal             : exinfo->numsubsounds       = 1
[LOG] SystemI::createSoundInternal             : exinfo->inclusionlist      = 000000007996FB28
[LOG] SystemI::createSoundInternal             : exinfo->inclusionlistnum   = 1
[LOG] SystemI::createSoundInternal             : exinfo->suggestedsoundtype = 5
[LOG] SystemI::createSoundInternal             : exinfo->useropen           = 00007FFCBA638650
[LOG] SystemI::createSoundInternal             : exinfo->userclose          = 00007FFCBA6393C0
[LOG] SystemI::createSoundInternal             : exinfo->userread           = 00007FFCBA638730
[LOG] SystemI::createSoundInternal             : exinfo->userseek           = 00007FFCBA6387E0
[LOG] SystemI::createSoundInternal             : exinfo->fileuserdata       = 0000000096561C08
[LOG] SystemI::createSoundInternal             : exinfo->initialseekpostype = 1
[LOG] SystemI::createSoundInternal             : Format has 1 subsounds.
[LOG] SystemI::createSoundInternal             : Create as FMOD_CREATESAMPLE
[LOG] SystemI::createSoundInternal             : Multi-sample sound (1 subsounds), create a sample container.
[LOG] SystemI::createSoundInternal             : creating subsound 0/1
[LOG] SystemI::createSample                    : mode 0a000202 length 10752 samples, lengthbytes 5888
[LOG] SystemI::createSample                    : channels = 1
[LOG] SystemI::createSample                    : output = 00000000848CCC88
[LOG] OutputSoftware::createSample             : lengthpcm 10752, lengthbytes 5888, channels 1, format 2, freq 40000, mode 0a00020a
[LOG] SystemI::createSoundInternal             : done.  OpenState now = FMOD_OPENSTATE_READY.

[LOG] SystemI::createSoundInternal             : filename =  : mode 0a000202
[LOG] SystemI::createSoundInternal             : exinfo->cbsize             = 232
[LOG] SystemI::createSoundInternal             : exinfo->length             = 1095744
[LOG] SystemI::createSoundInternal             : exinfo->fileoffset         = 40192
[LOG] SystemI::createSoundInternal             : exinfo->numsubsounds       = 1
[LOG] SystemI::createSoundInternal             : exinfo->inclusionlist      = 000000007996FB28
[LOG] SystemI::createSoundInternal             : exinfo->inclusionlistnum   = 1
[LOG] SystemI::createSoundInternal             : exinfo->suggestedsoundtype = 5
[LOG] SystemI::createSoundInternal             : exinfo->useropen           = 00007FFCBA638650
[LOG] SystemI::createSoundInternal             : exinfo->userclose          = 00007FFCBA6393C0
[LOG] SystemI::createSoundInternal             : exinfo->userread           = 00007FFCBA638730
[LOG] SystemI::createSoundInternal             : exinfo->userseek           = 00007FFCBA6387E0
[LOG] SystemI::createSoundInternal             : exinfo->fileuserdata       = 0000000096561C08
[LOG] SystemI::createSoundInternal             : exinfo->initialseekpostype = 1
[LOG] SystemI::createSoundInternal             : Format has 1 subsounds.
[LOG] SystemI::createSoundInternal             : Create as FMOD_CREATESAMPLE
[LOG] SystemI::createSoundInternal             : Multi-sample sound (1 subsounds), create a sample container.
[LOG] SystemI::createSoundInternal             : creating subsound 0/1
[LOG] SystemI::createSample                    : mode 0a000202 length 27392 samples, lengthbytes 15008
[LOG] SystemI::createSample                    : channels = 1
[LOG] SystemI::createSample                    : output = 00000000848CCC88
[LOG] OutputSoftware::createSample             : lengthpcm 27392, lengthbytes 15008, channels 1, format 2, freq 40000, mode 0a00020a
[LOG] SystemI::createSoundInternal             : done.  OpenState now = FMOD_OPENSTATE_READY.

[LOG] SystemI::createSoundInternal             : filename =  : mode 0a000202
[LOG] SystemI::createSoundInternal             : exinfo->cbsize             = 232
[LOG] SystemI::createSoundInternal             : exinfo->length             = 1095744
[LOG] SystemI::createSoundInternal             : exinfo->fileoffset         = 40192
[LOG] SystemI::createSoundInternal             : exinfo->numsubsounds       = 1
[LOG] SystemI::createSoundInternal             : exinfo->inclusionlist      = 000000007996FB28
[LOG] SystemI::createSoundInternal             : exinfo->inclusionlistnum   = 1
[LOG] SystemI::createSoundInternal             : exinfo->suggestedsoundtype = 5
[LOG] SystemI::createSoundInternal             : exinfo->useropen           = 00007FFCBA638650
[LOG] SystemI::createSoundInternal             : exinfo->userclose          = 00007FFCBA6393C0
[LOG] SystemI::createSoundInternal             : exinfo->userread           = 00007FFCBA638730
[LOG] SystemI::createSoundInternal             : exinfo->userseek           = 00007FFCBA6387E0
[LOG] SystemI::createSoundInternal             : exinfo->fileuserdata       = 0000000096561C08
[LOG] SystemI::createSoundInternal             : exinfo->initialseekpostype = 1
[LOG] SystemI::createSoundInternal             : Format has 1 subsounds.
[LOG] SystemI::createSoundInternal             : Create as FMOD_CREATESAMPLE
[LOG] SystemI::createSoundInternal             : Multi-sample sound (1 subsounds), create a sample container.
[LOG] SystemI::createSoundInternal             : creating subsound 0/1
[LOG] SystemI::createSample                    : mode 0a000202 length 7168 samples, lengthbytes 3936
[LOG] SystemI::createSample                    : channels = 1
[LOG] SystemI::createSample                    : output = 00000000848CCC88
[LOG] OutputSoftware::createSample             : lengthpcm 7168, lengthbytes 3936, channels 1, format 2, freq 40000, mode 0a00020a
[LOG] SystemI::createSoundInternal             : done.  OpenState now = FMOD_OPENSTATE_READY.

[LOG] SystemI::createSoundInternal             : filename =  : mode 0a000202
[LOG] SystemI::createSoundInternal             : exinfo->cbsize             = 232
[LOG] SystemI::createSoundInternal             : exinfo->length             = 1095744
[LOG] SystemI::createSoundInternal             : exinfo->fileoffset         = 40192
[LOG] SystemI::createSoundInternal             : exinfo->numsubsounds       = 1
[LOG] SystemI::createSoundInternal             : exinfo->inclusionlist      = 000000007996FB28
[LOG] SystemI::createSoundInternal             : exinfo->inclusionlistnum   = 1
[LOG] SystemI::createSoundInternal             : exinfo->suggestedsoundtype = 5
[LOG] SystemI::createSoundInternal             : exinfo->useropen           = 00007FFCBA638650
[LOG] SystemI::createSoundInternal             : exinfo->userclose          = 00007FFCBA6393C0
[LOG] SystemI::createSoundInternal             : exinfo->userread           = 00007FFCBA638730
[LOG] SystemI::createSoundInternal             : exinfo->userseek           = 00007FFCBA6387E0
[LOG] SystemI::createSoundInternal             : exinfo->fileuserdata       = 0000000096561C08
[LOG] SystemI::createSoundInternal             : exinfo->initialseekpostype = 1
[LOG] SystemI::createSoundInternal             : Format has 1 subsounds.
[LOG] SystemI::createSoundInternal             : Create as FMOD_CREATESAMPLE
[LOG] SystemI::createSoundInternal             : Multi-sample sound (1 subsounds), create a sample container.
[LOG] SystemI::createSoundInternal             : creating subsound 0/1
[LOG] SystemI::createSample                    : mode 0a000202 length 158464 samples, lengthbytes 86688
[LOG] SystemI::createSample                    : channels = 1
[LOG] SystemI::createSample                    : output = 00000000848CCC88
[LOG] OutputSoftware::createSample             : lengthpcm 158464, lengthbytes 86688, channels 1, format 2, freq 40000, mode 0a00020a
[LOG] SystemI::createSoundInternal             : done.  OpenState now = FMOD_OPENSTATE_READY.

[LOG] SystemI::createSoundInternal             : filename =  : mode 0a000202
[LOG] SystemI::createSoundInternal             : exinfo->cbsize             = 232
[LOG] SystemI::createSoundInternal             : exinfo->length             = 1095744
[LOG] SystemI::createSoundInternal             : exinfo->fileoffset         = 40192
[LOG] SystemI::createSoundInternal             : exinfo->numsubsounds       = 1
[LOG] SystemI::createSoundInternal             : exinfo->inclusionlist      = 000000007996FB28
[LOG] SystemI::createSoundInternal             : exinfo->inclusionlistnum   = 1
[LOG] SystemI::createSoundInternal             : exinfo->suggestedsoundtype = 5
[LOG] SystemI::createSoundInternal             : exinfo->useropen           = 00007FFCBA638650
[LOG] SystemI::createSoundInternal             : exinfo->userclose          = 00007FFCBA6393C0
[LOG] SystemI::createSoundInternal             : exinfo->userread           = 00007FFCBA638730
[LOG] SystemI::createSoundInternal             : exinfo->userseek           = 00007FFCBA6387E0
[LOG] SystemI::createSoundInternal             : exinfo->fileuserdata       = 0000000096561C08
[LOG] SystemI::createSoundInternal             : exinfo->initialseekpostype = 1
[LOG] SystemI::createSoundInternal             : Format has 1 subsounds.
[LOG] SystemI::createSoundInternal             : Create as FMOD_CREATESAMPLE
[LOG] SystemI::createSoundInternal             : Multi-sample sound (1 subsounds), create a sample container.
[LOG] SystemI::createSoundInternal             : creating subsound 0/1
[LOG] SystemI::createSample                    : mode 0a000202 length 22272 samples, lengthbytes 12192
[LOG] SystemI::createSample                    : channels = 1
[LOG] SystemI::createSample                    : output = 00000000848CCC88
[LOG] OutputSoftware::createSample             : lengthpcm 22272, lengthbytes 12192, channels 1, format 2, freq 40000, mode 0a00020a
[LOG] SystemI::createSoundInternal             : done.  OpenState now = FMOD_OPENSTATE_READY.

[LOG] SystemI::createSoundInternal             : filename =  : mode 0a000202
[LOG] SystemI::createSoundInternal             : exinfo->cbsize             = 232
[LOG] SystemI::createSoundInternal             : exinfo->length             = 1095744
[LOG] SystemI::createSoundInternal             : exinfo->fileoffset         = 40192
[LOG] SystemI::createSoundInternal             : exinfo->numsubsounds       = 1
[LOG] SystemI::createSoundInternal             : exinfo->inclusionlist      = 000000007996FB28
[LOG] SystemI::createSoundInternal             : exinfo->inclusionlistnum   = 1
[LOG] SystemI::createSoundInternal             : exinfo->suggestedsoundtype = 5
[LOG] SystemI::createSoundInternal             : exinfo->useropen           = 00007FFCBA638650
[LOG] SystemI::createSoundInternal             : exinfo->userclose          = 00007FFCBA6393C0
[LOG] SystemI::createSoundInternal             : exinfo->userread           = 00007FFCBA638730
[LOG] SystemI::createSoundInternal             : exinfo->userseek           = 00007FFCBA6387E0
[LOG] SystemI::createSoundInternal             : exinfo->fileuserdata       = 0000000096561C08
[LOG] SystemI::createSoundInternal             : exinfo->initialseekpostype = 1
[LOG] SystemI::createSoundInternal             : Format has 1 subsounds.
[LOG] SystemI::createSoundInternal             : Create as FMOD_CREATESAMPLE
[LOG] SystemI::createSoundInternal             : Multi-sample sound (1 subsounds), create a sample container.
[LOG] SystemI::createSoundInternal             : creating subsound 0/1
[LOG] SystemI::createSample                    : mode 0a000202 length 25600 samples, lengthbytes 14016
[LOG] SystemI::createSample                    : channels = 1
[LOG] SystemI::createSample                    : output = 00000000848CCC88
[LOG] OutputSoftware::createSample             : lengthpcm 25600, lengthbytes 14016, channels 1, format 2, freq 40000, mode 0a00020a
[LOG] SystemI::createSoundInternal             : done.  OpenState now = FMOD_OPENSTATE_READY.

[LOG] SystemI::createSoundInternal             : filename =  : mode 0a000202
[LOG] SystemI::createSoundInternal             : exinfo->cbsize             = 232
[LOG] SystemI::createSoundInternal             : exinfo->length             = 1095744
[LOG] SystemI::createSoundInternal             : exinfo->fileoffset         = 40192
[LOG] SystemI::createSoundInternal             : exinfo->numsubsounds       = 1
[LOG] SystemI::createSoundInternal             : exinfo->inclusionlist      = 000000007996FB28
[LOG] SystemI::createSoundInternal             : exinfo->inclusionlistnum   = 1
[LOG] SystemI::createSoundInternal             : exinfo->suggestedsoundtype = 5
[LOG] SystemI::createSoundInternal             : exinfo->useropen           = 00007FFCBA638650
[LOG] SystemI::createSoundInternal             : exinfo->userclose          = 00007FFCBA6393C0
[LOG] SystemI::createSoundInternal             : exinfo->userread           = 00007FFCBA638730
[LOG] SystemI::createSoundInternal             : exinfo->userseek           = 00007FFCBA6387E0
[LOG] SystemI::createSoundInternal             : exinfo->fileuserdata       = 0000000096561C08
[LOG] SystemI::createSoundInternal             : exinfo->initialseekpostype = 1
[LOG] SystemI::createSoundInternal             : Format has 1 subsounds.
[LOG] SystemI::createSoundInternal             : Create as FMOD_CREATESAMPLE
[LOG] SystemI::createSoundInternal             : Multi-sample sound (1 subsounds), create a sample container.
[LOG] SystemI::createSoundInternal             : creating subsound 0/1
[LOG] SystemI::createSample                    : mode 0a000202 length 17152 samples, lengthbytes 9408
[LOG] SystemI::createSample                    : channels = 1
[LOG] SystemI::createSample                    : output = 00000000848CCC88
[LOG] OutputSoftware::createSample             : lengthpcm 17152, lengthbytes 9408, channels 1, format 2, freq 40000, mode 0a00020a
[LOG] SystemI::createSoundInternal             : done.  OpenState now = FMOD_OPENSTATE_READY.

[LOG] SystemI::createSoundInternal             : filename =  : mode 0a000202
[LOG] SystemI::createSoundInternal             : exinfo->cbsize             = 232
[LOG] SystemI::createSoundInternal             : exinfo->length             = 1095744
[LOG] SystemI::createSoundInternal             : exinfo->fileoffset         = 40192
[LOG] SystemI::createSoundInternal             : exinfo->numsubsounds       = 1
[LOG] SystemI::createSoundInternal             : exinfo->inclusionlist      = 000000007996FB28
[LOG] SystemI::createSoundInternal             : exinfo->inclusionlistnum   = 1
[LOG] SystemI::createSoundInternal             : exinfo->suggestedsoundtype = 5
[LOG] SystemI::createSoundInternal             : exinfo->useropen           = 00007FFCBA638650
[LOG] SystemI::createSoundInternal             : exinfo->userclose          = 00007FFCBA6393C0
[LOG] SystemI::createSoundInternal             : exinfo->userread           = 00007FFCBA638730
[LOG] SystemI::createSoundInternal             : exinfo->userseek           = 00007FFCBA6387E0
[LOG] SystemI::createSoundInternal             : exinfo->fileuserdata       = 0000000096561C08
[LOG] SystemI::createSoundInternal             : exinfo->initialseekpostype = 1
[LOG] SystemI::createSoundInternal             : Format has 1 subsounds.
[LOG] SystemI::createSoundInternal             : Create as FMOD_CREATESAMPLE
[LOG] SystemI::createSoundInternal             : Multi-sample sound (1 subsounds), create a sample container.
[LOG] SystemI::createSoundInternal             : creating subsound 0/1
[LOG] SystemI::createSample                    : mode 0a000202 length 14336 samples, lengthbytes 7840
[LOG] SystemI::createSample                    : channels = 1
[LOG] SystemI::createSample                    : output = 00000000848CCC88
[LOG] OutputSoftware::createSample             : lengthpcm 14336, lengthbytes 7840, channels 1, format 2, freq 40000, mode 0a00020a
[LOG] SystemI::createSoundInternal             : done.  OpenState now = FMOD_OPENSTATE_READY.

[LOG] SystemI::createSoundInternal             : filename =  : mode 0a000202
[LOG] SystemI::createSoundInternal             : exinfo->cbsize             = 232
[LOG] SystemI::createSoundInternal             : exinfo->length             = 1095744
[LOG] SystemI::createSoundInternal             : exinfo->fileoffset         = 40192
[LOG] SystemI::createSoundInternal             : exinfo->numsubsounds       = 1
[LOG] SystemI::createSoundInternal             : exinfo->inclusionlist      = 000000007996FB28
[LOG] SystemI::createSoundInternal             : exinfo->inclusionlistnum   = 1
[LOG] SystemI::createSoundInternal             : exinfo->suggestedsoundtype = 5
[LOG] SystemI::createSoundInternal             : exinfo->useropen           = 00007FFCBA638650
[LOG] SystemI::createSoundInternal             : exinfo->userclose          = 00007FFCBA6393C0
[LOG] SystemI::createSoundInternal             : exinfo->userread           = 00007FFCBA638730
[LOG] SystemI::createSoundInternal             : exinfo->userseek           = 00007FFCBA6387E0
[LOG] SystemI::createSoundInternal             : exinfo->fileuserdata       = 0000000096561C08
[LOG] SystemI::createSoundInternal             : exinfo->initialseekpostype = 1
[LOG] SystemI::createSoundInternal             : Format has 1 subsounds.
[LOG] SystemI::createSoundInternal             : Create as FMOD_CREATESAMPLE
[LOG] SystemI::createSoundInternal             : Multi-sample sound (1 subsounds), create a sample container.
[LOG] SystemI::createSoundInternal             : creating subsound 0/1
[LOG] SystemI::createSample                    : mode 0a000202 length 16128 samples, lengthbytes 8832
[LOG] SystemI::createSample                    : channels = 1
[LOG] SystemI::createSample                    : output = 00000000848CCC88
[LOG] OutputSoftware::createSample             : lengthpcm 16128, lengthbytes 8832, channels 1, format 2, freq 40000, mode 0a00020a
[LOG] SystemI::createSoundInternal             : done.  OpenState now = FMOD_OPENSTATE_READY.

[LOG] SystemI::createSoundInternal             : filename =  : mode 0a000202
[LOG] SystemI::createSoundInternal             : exinfo->cbsize             = 232
[LOG] SystemI::createSoundInternal             : exinfo->length             = 1095744
[LOG] SystemI::createSoundInternal             : exinfo->fileoffset         = 40192
[LOG] SystemI::createSoundInternal             : exinfo->numsubsounds       = 1
[LOG] SystemI::createSoundInternal             : exinfo->inclusionlist      = 000000007996FB28
[LOG] SystemI::createSoundInternal             : exinfo->inclusionlistnum   = 1
[LOG] SystemI::createSoundInternal             : exinfo->suggestedsoundtype = 5
[LOG] SystemI::createSoundInternal             : exinfo->useropen           = 00007FFCBA638650
[LOG] SystemI::createSoundInternal             : exinfo->userclose          = 00007FFCBA6393C0
[LOG] SystemI::createSoundInternal             : exinfo->userread           = 00007FFCBA638730
[LOG] SystemI::createSoundInternal             : exinfo->userseek           = 00007FFCBA6387E0
[LOG] SystemI::createSoundInternal             : exinfo->fileuserdata       = 0000000096561C08
[LOG] SystemI::createSoundInternal             : exinfo->initialseekpostype = 1
[LOG] SystemI::createSoundInternal             : Format has 1 subsounds.
[LOG] SystemI::createSoundInternal             : Create as FMOD_CREATESAMPLE
[LOG] SystemI::createSoundInternal             : Multi-sample sound (1 subsounds), create a sample container.
[LOG] SystemI::createSoundInternal             : creating subsound 0/1
[LOG] SystemI::createSample                    : mode 0a000202 length 27136 samples, lengthbytes 14848
[LOG] SystemI::createSample                    : channels = 1
[LOG] SystemI::createSample                    : output = 00000000848CCC88
[LOG] OutputSoftware::createSample             : lengthpcm 27136, lengthbytes 14848, channels 1, format 2, freq 40000, mode 0a00020a
[LOG] SystemI::createSoundInternal             : done.  OpenState now = FMOD_OPENSTATE_READY.

[LOG] SystemI::createSoundInternal             : filename =  : mode 0a000202
[LOG] SystemI::createSoundInternal             : exinfo->cbsize             = 232
[LOG] SystemI::createSoundInternal             : exinfo->length             = 1095744
[LOG] SystemI::createSoundInternal             : exinfo->fileoffset         = 40192
[LOG] SystemI::createSoundInternal             : exinfo->numsubsounds       = 1
[LOG] SystemI::createSoundInternal             : exinfo->inclusionlist      = 000000007996FB28
[LOG] SystemI::createSoundInternal             : exinfo->inclusionlistnum   = 1
[LOG] SystemI::createSoundInternal             : exinfo->suggestedsoundtype = 5
[LOG] SystemI::createSoundInternal             : exinfo->useropen           = 00007FFCBA638650
[LOG] SystemI::createSoundInternal             : exinfo->userclose          = 00007FFCBA6393C0
[LOG] SystemI::createSoundInternal             : exinfo->userread           = 00007FFCBA638730
[LOG] SystemI::createSoundInternal             : exinfo->userseek           = 00007FFCBA6387E0
[LOG] SystemI::createSoundInternal             : exinfo->fileuserdata       = 0000000096561C08
[LOG] SystemI::createSoundInternal             : exinfo->initialseekpostype = 1
[LOG] SystemI::createSoundInternal             : Format has 1 subsounds.
[LOG] SystemI::createSoundInternal             : Create as FMOD_CREATESAMPLE
[LOG] SystemI::createSoundInternal             : Multi-sample sound (1 subsounds), create a sample container.
[LOG] SystemI::createSoundInternal             : creating subsound 0/1
[LOG] SystemI::createSample                    : mode 0a000202 length 45568 samples, lengthbytes 24928
[LOG] SystemI::createSample                    : channels = 1
[LOG] SystemI::createSample                    : output = 00000000848CCC88
[LOG] OutputSoftware::createSample             : lengthpcm 45568, lengthbytes 24928, channels 1, format 2, freq 40000, mode 0a00020a
[LOG] SystemI::createSoundInternal             : done.  OpenState now = FMOD_OPENSTATE_READY.

[LOG] SystemI::createSoundInternal             : filename =  : mode 0a000202
[LOG] SystemI::createSoundInternal             : exinfo->cbsize             = 232
[LOG] SystemI::createSoundInternal             : exinfo->length             = 1095744
[LOG] SystemI::createSoundInternal             : exinfo->fileoffset         = 40192
[LOG] SystemI::createSoundInternal             : exinfo->numsubsounds       = 1
[LOG] SystemI::createSoundInternal             : exinfo->inclusionlist      = 000000007996FB28
[LOG] SystemI::createSoundInternal             : exinfo->inclusionlistnum   = 1
[LOG] SystemI::createSoundInternal             : exinfo->suggestedsoundtype = 5
[LOG] SystemI::createSoundInternal             : exinfo->useropen           = 00007FFCBA638650
[LOG] SystemI::createSoundInternal             : exinfo->userclose          = 00007FFCBA6393C0
[LOG] SystemI::createSoundInternal             : exinfo->userread           = 00007FFCBA638730
[LOG] SystemI::createSoundInternal             : exinfo->userseek           = 00007FFCBA6387E0
[LOG] SystemI::createSoundInternal             : exinfo->fileuserdata       = 0000000096561C08
[LOG] SystemI::createSoundInternal             : exinfo->initialseekpostype = 1
[LOG] SystemI::createSoundInternal             : Format has 1 subsounds.
[LOG] SystemI::createSoundInternal             : Create as FMOD_CREATESAMPLE
[LOG] SystemI::createSoundInternal             : Multi-sample sound (1 subsounds), create a sample container.
[LOG] SystemI::createSoundInternal             : creating subsound 0/1
[LOG] SystemI::createSample                    : mode 0a000202 length 37376 samples, lengthbytes 20448
[LOG] SystemI::createSample                    : channels = 1
[LOG] SystemI::createSample                    : output = 00000000848CCC88
[LOG] OutputSoftware::createSample             : lengthpcm 37376, lengthbytes 20448, channels 1, format 2, freq 40000, mode 0a00020a
[LOG] SystemI::createSoundInternal             : done.  OpenState now = FMOD_OPENSTATE_READY.

[WRN] EventInstance::update                    : Event {5db56afe-c955-408e-969b-1fe502648a1f} waited 148 milliseconds for sample data to load.  Preload sample data to avoid this delay.
[LOG] SoundI::release                          : (null) (0000000096B1B588)
[LOG] SoundI::release                          : release subsounds. (0000000096B1B588)
[LOG] SoundI::release                          :     (null) (00000000A1D3FDD8)
[LOG] SoundI::release                          : release codec. (0000000096B1B588)
[LOG] SystemI::createSoundInternal             : filename =  : mode 0a000202
[LOG] SystemI::createSoundInternal             : exinfo->cbsize             = 232
[LOG] SystemI::createSoundInternal             : exinfo->length             = 1182592
[LOG] SystemI::createSoundInternal             : exinfo->fileoffset         = 12544
[LOG] SystemI::createSoundInternal             : exinfo->numsubsounds       = 1
[LOG] SystemI::createSoundInternal             : exinfo->inclusionlist      = 000000007996FB28
[LOG] SystemI::createSoundInternal             : exinfo->inclusionlistnum   = 1
[LOG] SystemI::createSoundInternal             : exinfo->suggestedsoundtype = 5
[LOG] SystemI::createSoundInternal             : exinfo->useropen           = 00007FFCBA638650
[LOG] SystemI::createSoundInternal             : exinfo->userclose          = 00007FFCBA6393C0
[LOG] SystemI::createSoundInternal             : exinfo->userread           = 00007FFCBA638730
[LOG] SystemI::createSoundInternal             : exinfo->userseek           = 00007FFCBA6387E0
[LOG] SystemI::createSoundInternal             : exinfo->fileuserdata       = 00000000965608E8
[LOG] SystemI::createSoundInternal             : exinfo->initialseekpostype = 1
[LOG] SystemI::createSoundInternal             : Format has 1 subsounds.
[LOG] SystemI::createSoundInternal             : Create as FMOD_CREATESAMPLE
[LOG] SystemI::createSoundInternal             : Multi-sample sound (1 subsounds), create a sample container.
[LOG] SystemI::createSoundInternal             : creating subsound 0/1
[LOG] SystemI::createSample                    : mode 0a000202 length 210688 samples, lengthbytes 115232
[LOG] SystemI::createSample                    : channels = 1
[LOG] SystemI::createSample                    : output = 00000000848CCC88
[LOG] OutputSoftware::createSample             : lengthpcm 210688, lengthbytes 115232, channels 1, format 2, freq 40000, mode 0a00020a
[LOG] SystemI::createSoundInternal             : done.  OpenState now = FMOD_OPENSTATE_READY.

[LOG] SystemI::createSoundInternal             : filename =  : mode 0a000202
[LOG] SystemI::createSoundInternal             : exinfo->cbsize             = 232
[LOG] SystemI::createSoundInternal             : exinfo->length             = 1182592
[LOG] SystemI::createSoundInternal             : exinfo->fileoffset         = 12544
[LOG] SystemI::createSoundInternal             : exinfo->numsubsounds       = 1
[LOG] SystemI::createSoundInternal             : exinfo->inclusionlist      = 000000007996FB28
[LOG] SystemI::createSoundInternal             : exinfo->inclusionlistnum   = 1
[LOG] SystemI::createSoundInternal             : exinfo->suggestedsoundtype = 5
[LOG] SystemI::createSoundInternal             : exinfo->useropen           = 00007FFCBA638650
[LOG] SystemI::createSoundInternal             : exinfo->userclose          = 00007FFCBA6393C0
[LOG] SystemI::createSoundInternal             : exinfo->userread           = 00007FFCBA638730
[LOG] SystemI::createSoundInternal             : exinfo->userseek           = 00007FFCBA6387E0
[LOG] SystemI::createSoundInternal             : exinfo->fileuserdata       = 00000000965608E8
[LOG] SystemI::createSoundInternal             : exinfo->initialseekpostype = 1
[LOG] SystemI::createSoundInternal             : Format has 1 subsounds.
[LOG] SystemI::createSoundInternal             : Create as FMOD_CREATESAMPLE
[LOG] SystemI::createSoundInternal             : Multi-sample sound (1 subsounds), create a sample container.
[LOG] SystemI::createSoundInternal             : creating subsound 0/1
[LOG] SystemI::createSample                    : mode 0a000202 length 241408 samples, lengthbytes 132032
[LOG] SystemI::createSample                    : channels = 1
[LOG] SystemI::createSample                    : output = 00000000848CCC88
[LOG] OutputSoftware::createSample             : lengthpcm 241408, lengthbytes 132032, channels 1, format 2, freq 40000, mode 0a00020a
[LOG] SystemI::createSoundInternal             : done.  OpenState now = FMOD_OPENSTATE_READY.

[LOG] SystemI::createSoundInternal             : filename =  : mode 0a000202
[LOG] SystemI::createSoundInternal             : exinfo->cbsize             = 232
[LOG] SystemI::createSoundInternal             : exinfo->length             = 1182592
[LOG] SystemI::createSoundInternal             : exinfo->fileoffset         = 12544
[LOG] SystemI::createSoundInternal             : exinfo->numsubsounds       = 1
[LOG] SystemI::createSoundInternal             : exinfo->inclusionlist      = 000000007996FB28
[LOG] SystemI::createSoundInternal             : exinfo->inclusionlistnum   = 1
[LOG] SystemI::createSoundInternal             : exinfo->suggestedsoundtype = 5
[LOG] SystemI::createSoundInternal             : exinfo->useropen           = 00007FFCBA638650
[LOG] SystemI::createSoundInternal             : exinfo->userclose          = 00007FFCBA6393C0
[LOG] SystemI::createSoundInternal             : exinfo->userread           = 00007FFCBA638730
[LOG] SystemI::createSoundInternal             : exinfo->userseek           = 00007FFCBA6387E0
[LOG] SystemI::createSoundInternal             : exinfo->fileuserdata       = 00000000965608E8
[LOG] SystemI::createSoundInternal             : exinfo->initialseekpostype = 1
[LOG] SystemI::createSoundInternal             : Format has 1 subsounds.
[LOG] SystemI::createSoundInternal             : Create as FMOD_CREATESAMPLE
[LOG] SystemI::createSoundInternal             : Multi-sample sound (1 subsounds), create a sample container.
[LOG] SystemI::createSoundInternal             : creating subsound 0/1
[LOG] SystemI::createSample                    : mode 0a000202 length 178688 samples, lengthbytes 97728
[LOG] SystemI::createSample                    : channels = 1
[LOG] SystemI::createSample                    : output = 00000000848CCC88
[LOG] OutputSoftware::createSample             : lengthpcm 178688, lengthbytes 97728, channels 1, format 2, freq 40000, mode 0a00020a
[LOG] SystemI::createSoundInternal             : done.  OpenState now = FMOD_OPENSTATE_READY.

[LOG] SystemI::createSoundInternal             : filename =  : mode 0a000202
[LOG] SystemI::createSoundInternal             : exinfo->cbsize             = 232
[LOG] SystemI::createSoundInternal             : exinfo->length             = 1182592
[LOG] SystemI::createSoundInternal             : exinfo->fileoffset         = 12544
[LOG] SystemI::createSoundInternal             : exinfo->numsubsounds       = 1
[LOG] SystemI::createSoundInternal             : exinfo->inclusionlist      = 000000007996FB28
[LOG] SystemI::createSoundInternal             : exinfo->inclusionlistnum   = 1
[LOG] SystemI::createSoundInternal             : exinfo->suggestedsoundtype = 5
[LOG] SystemI::createSoundInternal             : exinfo->useropen           = 00007FFCBA638650
[LOG] SystemI::createSoundInternal             : exinfo->userclose          = 00007FFCBA6393C0
[LOG] SystemI::createSoundInternal             : exinfo->userread           = 00007FFCBA638730
[LOG] SystemI::createSoundInternal             : exinfo->userseek           = 00007FFCBA6387E0
[LOG] SystemI::createSoundInternal             : exinfo->fileuserdata       = 00000000965608E8
[LOG] SystemI::createSoundInternal             : exinfo->initialseekpostype = 1
[LOG] SystemI::createSoundInternal             : Format has 1 subsounds.
[LOG] SystemI::createSoundInternal             : Create as FMOD_CREATESAMPLE
[LOG] SystemI::createSoundInternal             : Multi-sample sound (1 subsounds), create a sample container.
[LOG] SystemI::createSoundInternal             : creating subsound 0/1
[LOG] SystemI::createSample                    : mode 0a000202 length 18688 samples, lengthbytes 10240
[LOG] SystemI::createSample                    : channels = 1
[LOG] SystemI::createSample                    : output = 00000000848CCC88
[LOG] OutputSoftware::createSample             : lengthpcm 18688, lengthbytes 10240, channels 1, format 2, freq 40000, mode 0a00020a
[LOG] SystemI::createSoundInternal             : done.  OpenState now = FMOD_OPENSTATE_READY.

[LOG] SystemI::createSoundInternal             : filename =  : mode 0a000202
[LOG] SystemI::createSoundInternal             : exinfo->cbsize             = 232
[LOG] SystemI::createSoundInternal             : exinfo->length             = 1182592
[LOG] SystemI::createSoundInternal             : exinfo->fileoffset         = 12544
[LOG] SystemI::createSoundInternal             : exinfo->numsubsounds       = 1
[LOG] SystemI::createSoundInternal             : exinfo->inclusionlist      = 000000007996FB28
[LOG] SystemI::createSoundInternal             : exinfo->inclusionlistnum   = 1
[LOG] SystemI::createSoundInternal             : exinfo->suggestedsoundtype = 5
[LOG] SystemI::createSoundInternal             : exinfo->useropen           = 00007FFCBA638650
[LOG] SystemI::createSoundInternal             : exinfo->userclose          = 00007FFCBA6393C0
[LOG] SystemI::createSoundInternal             : exinfo->userread           = 00007FFCBA638730
[LOG] SystemI::createSoundInternal             : exinfo->userseek           = 00007FFCBA6387E0
[LOG] SystemI::createSoundInternal             : exinfo->fileuserdata       = 00000000965608E8
[LOG] SystemI::createSoundInternal             : exinfo->initialseekpostype = 1
[LOG] SystemI::createSoundInternal             : Format has 1 subsounds.
[LOG] SystemI::createSoundInternal             : Create as FMOD_CREATESAMPLE
[LOG] SystemI::createSoundInternal             : Multi-sample sound (1 subsounds), create a sample container.
[LOG] SystemI::createSoundInternal             : creating subsound 0/1
[LOG] SystemI::createSample                    : mode 0a000202 length 294912 samples, lengthbytes 161280
[LOG] SystemI::createSample                    : channels = 1
[LOG] SystemI::createSample                    : output = 00000000848CCC88
[LOG] OutputSoftware::createSample             : lengthpcm 294912, lengthbytes 161280, channels 1, format 2, freq 40000, mode 0a00020a
[LOG] SystemI::createSoundInternal             : done.  OpenState now = FMOD_OPENSTATE_READY.

[WRN] ChannelI::forceVirtual                   : Ignoring force virtual since channel just went real
[WRN] ChannelI::forceVirtual                   : Ignoring force virtual since channel just went real
[WRN] ChannelI::forceVirtual                   : Ignoring force virtual since channel just went real
[WRN] ChannelI::forceVirtual                   : Ignoring force virtual since channel just went real
[WRN] ChannelI::forceVirtual                   : Ignoring force virtual since channel just went real
[WRN] ChannelI::forceVirtual                   : Ignoring force virtual since channel just went real
[WRN] ChannelI::forceVirtual                   : Ignoring force virtual since channel just went real
[WRN] ChannelI::forceVirtual                   : Ignoring force virtual since channel just went real
[WRN] ChannelI::forceVirtual                   : Ignoring force virtual since channel just went real
[WRN] ChannelI::forceVirtual                   : Ignoring force virtual since channel just went real
[WRN] ChannelI::forceVirtual                   : Ignoring force virtual since channel just went real
[WRN] ChannelI::forceVirtual                   : Ignoring force virtual since channel just went real
[LOG] SystemI::createSoundInternal             : filename =  : mode 0a000202
[LOG] SystemI::createSoundInternal             : exinfo->cbsize             = 232
[LOG] SystemI::createSoundInternal             : exinfo->length             = 5401504
[LOG] SystemI::createSoundInternal             : exinfo->fileoffset         = 187904
[LOG] SystemI::createSoundInternal             : exinfo->numsubsounds       = 1
[LOG] SystemI::createSoundInternal             : exinfo->inclusionlist      = 000000007996FB28
[LOG] SystemI::createSoundInternal             : exinfo->inclusionlistnum   = 1
[LOG] SystemI::createSoundInternal             : exinfo->suggestedsoundtype = 5
[LOG] SystemI::createSoundInternal             : exinfo->useropen           = 00007FFCBA638650
[LOG] SystemI::createSoundInternal             : exinfo->userclose          = 00007FFCBA6393C0
[LOG] SystemI::createSoundInternal             : exinfo->userread           = 00007FFCBA638730
[LOG] SystemI::createSoundInternal             : exinfo->userseek           = 00007FFCBA6387E0
[LOG] SystemI::createSoundInternal             : exinfo->fileuserdata       = 0000000096562AE8
[LOG] SystemI::createSoundInternal             : exinfo->initialseekpostype = 1
[LOG] SystemI::createSoundInternal             : Format has 1 subsounds.
[LOG] SystemI::createSoundInternal             : Create as FMOD_CREATESAMPLE
[LOG] SystemI::createSoundInternal             : Multi-sample sound (1 subsounds), create a sample container.
[LOG] SystemI::createSoundInternal             : creating subsound 0/1
[LOG] SystemI::createSample                    : mode 0a000202 length 23296 samples, lengthbytes 12768
[LOG] SystemI::createSample                    : channels = 1
[LOG] SystemI::createSample                    : output = 00000000848CCC88
[LOG] OutputSoftware::createSample             : lengthpcm 23296, lengthbytes 12768, channels 1, format 2, freq 40000, mode 0a00020a
[LOG] SystemI::createSoundInternal             : done.  OpenState now = FMOD_OPENSTATE_READY.

[LOG] SystemI::createSoundInternal             : filename =  : mode 0a000202
[LOG] SystemI::createSoundInternal             : exinfo->cbsize             = 232
[LOG] SystemI::createSoundInternal             : exinfo->length             = 5401504
[LOG] SystemI::createSoundInternal             : exinfo->fileoffset         = 187904
[LOG] SystemI::createSoundInternal             : exinfo->numsubsounds       = 1
[LOG] SystemI::createSoundInternal             : exinfo->inclusionlist      = 000000007996FB28
[LOG] SystemI::createSoundInternal             : exinfo->inclusionlistnum   = 1
[LOG] SystemI::createSoundInternal             : exinfo->suggestedsoundtype = 5
[LOG] SystemI::createSoundInternal             : exinfo->useropen           = 00007FFCBA638650
[LOG] SystemI::createSoundInternal             : exinfo->userclose          = 00007FFCBA6393C0
[LOG] SystemI::createSoundInternal             : exinfo->userread           = 00007FFCBA638730
[LOG] SystemI::createSoundInternal             : exinfo->userseek           = 00007FFCBA6387E0
[LOG] SystemI::createSoundInternal             : exinfo->fileuserdata       = 0000000096560068
[LOG] SystemI::createSoundInternal             : exinfo->initialseekpostype = 1
[LOG] SystemI::createSoundInternal             : Format has 1 subsounds.
[LOG] SystemI::createSoundInternal             : Create as FMOD_CREATESAMPLE
[LOG] SystemI::createSoundInternal             : Multi-sample sound (1 subsounds), create a sample container.
[LOG] SystemI::createSoundInternal             : creating subsound 0/1
[LOG] SystemI::createSample                    : mode 0a000202 length 17408 samples, lengthbytes 9536
[LOG] SystemI::createSample                    : channels = 1
[LOG] SystemI::createSample                    : output = 00000000848CCC88
[LOG] OutputSoftware::createSample             : lengthpcm 17408, lengthbytes 9536, channels 1, format 2, freq 40000, mode 0a00020a
[LOG] SystemI::createSoundInternal             : done.  OpenState now = FMOD_OPENSTATE_READY.

[LOG] SoundI::release                          : (null) (0000000096B17368)
[LOG] SoundI::release                          : release subsounds. (0000000096B17368)
[LOG] SoundI::release                          :     (null) (00000000A1D3FAB8)
[LOG] SoundI::release                          : release codec. (0000000096B17368)
[LOG] SoundI::release                          : (null) (0000000096B20328)
[LOG] SoundI::release                          : release subsounds. (0000000096B20328)
[LOG] SoundI::release                          :     (null) (0000000096618908)
[LOG] SoundI::release                          : release codec. (0000000096B20328)
[LOG] SoundI::release                          : (null) (0000000096B20498)
[LOG] SoundI::release                          : release subsounds. (0000000096B20498)
[LOG] SoundI::release                          :     (null) (0000000096618F48)
[LOG] SoundI::release                          : release codec. (0000000096B20498)
[LOG] SoundI::release                          : (null) (0000000096B174D8)
[LOG] SoundI::release                          : release subsounds. (0000000096B174D8)
[LOG] SoundI::release                          :     (null) (00000000A1D405A8)
[LOG] SoundI::release                          : release codec. (0000000096B174D8)
[LOG] SoundI::release                          : (null) (0000000096B24268)
[LOG] SoundI::release                          : release subsounds. (0000000096B24268)
[LOG] SoundI::release                          :     (null) (00000000A1CB2918)
[LOG] SoundI::release                          : release codec. (0000000096B24268)
[LOG] SoundI::release                          : (null) (0000000096B201B8)
[LOG] SoundI::release                          : release subsounds. (0000000096B201B8)
[LOG] SoundI::release                          :     (null) (0000000096619D58)
[LOG] SoundI::release                          : release codec. (0000000096B201B8)
[LOG] SoundI::release                          : (null) (0000000096B239C8)
[LOG] SoundI::release                          : release subsounds. (0000000096B239C8)
[LOG] SoundI::release                          :     (null) (00000000A1CB3278)
[LOG] SoundI::release                          : release codec. (0000000096B239C8)
[LOG] SoundI::release                          : (null) (0000000096B24F58)
[LOG] SoundI::release                          : release subsounds. (0000000096B24F58)
[LOG] SoundI::release                          :     (null) (00000000A1D400F8)
[LOG] SoundI::release                          : release codec. (0000000096B24F58)
[LOG] SystemI::createSoundInternal             : filename =  : mode 0a000202
[LOG] SystemI::createSoundInternal             : exinfo->cbsize             = 232
[LOG] SystemI::createSoundInternal             : exinfo->length             = 696480
[LOG] SystemI::createSoundInternal             : exinfo->fileoffset         = 21792
[LOG] SystemI::createSoundInternal             : exinfo->numsubsounds       = 1
[LOG] SystemI::createSoundInternal             : exinfo->inclusionlist      = 000000007996FB28
[LOG] SystemI::createSoundInternal             : exinfo->inclusionlistnum   = 1
[LOG] SystemI::createSoundInternal             : exinfo->suggestedsoundtype = 5
[LOG] SystemI::createSoundInternal             : exinfo->useropen           = 00007FFCBA638650
[LOG] SystemI::createSoundInternal             : exinfo->userclose          = 00007FFCBA6393C0
[LOG] SystemI::createSoundInternal             : exinfo->userread           = 00007FFCBA638730
[LOG] SystemI::createSoundInternal             : exinfo->userseek           = 00007FFCBA6387E0
[LOG] SystemI::createSoundInternal             : exinfo->fileuserdata       = 0000000096560068
[LOG] SystemI::createSoundInternal             : exinfo->initialseekpostype = 1
[LOG] SystemI::createSoundInternal             : Format has 1 subsounds.
[LOG] SystemI::createSoundInternal             : Create as FMOD_CREATESAMPLE
[LOG] SystemI::createSoundInternal             : Multi-sample sound (1 subsounds), create a sample container.
[LOG] SystemI::createSoundInternal             : creating subsound 0/1
[LOG] SystemI::createSample                    : mode 0a000202 length 10496 samples, lengthbytes 5760
[LOG] SystemI::createSample                    : channels = 1
[LOG] SystemI::createSample                    : output = 00000000848CCC88
[LOG] OutputSoftware::createSample             : lengthpcm 10496, lengthbytes 5760, channels 1, format 2, freq 40000, mode 0a00020a
[LOG] SystemI::createSoundInternal             : done.  OpenState now = FMOD_OPENSTATE_READY.

[LOG] SystemI::createSoundInternal             : filename =  : mode 0a000202
[LOG] SystemI::createSoundInternal             : exinfo->cbsize             = 232
[LOG] SystemI::createSoundInternal             : exinfo->length             = 696480
[LOG] SystemI::createSoundInternal             : exinfo->fileoffset         = 21792
[LOG] SystemI::createSoundInternal             : exinfo->numsubsounds       = 1
[LOG] SystemI::createSoundInternal             : exinfo->inclusionlist      = 000000007996FB28
[LOG] SystemI::createSoundInternal             : exinfo->inclusionlistnum   = 1
[LOG] SystemI::createSoundInternal             : exinfo->suggestedsoundtype = 5
[LOG] SystemI::createSoundInternal             : exinfo->useropen           = 00007FFCBA638650
[LOG] SystemI::createSoundInternal             : exinfo->userclose          = 00007FFCBA6393C0
[LOG] SystemI::createSoundInternal             : exinfo->userread           = 00007FFCBA638730
[LOG] SystemI::createSoundInternal             : exinfo->userseek           = 00007FFCBA6387E0
[LOG] SystemI::createSoundInternal             : exinfo->fileuserdata       = 0000000096560068
[LOG] SystemI::createSoundInternal             : exinfo->initialseekpostype = 1
[LOG] SystemI::createSoundInternal             : Format has 1 subsounds.
[LOG] SystemI::createSoundInternal             : Create as FMOD_CREATESAMPLE
[LOG] SystemI::createSoundInternal             : Multi-sample sound (1 subsounds), create a sample container.
[LOG] SystemI::createSoundInternal             : creating subsound 0/1
[LOG] SystemI::createSample                    : mode 0a000202 length 11776 samples, lengthbytes 6464
[LOG] SystemI::createSample                    : channels = 1
[LOG] SystemI::createSample                    : output = 00000000848CCC88
[LOG] OutputSoftware::createSample             : lengthpcm 11776, lengthbytes 6464, channels 1, format 2, freq 40000, mode 0a00020a
[LOG] SystemI::createSoundInternal             : done.  OpenState now = FMOD_OPENSTATE_READY.

[LOG] SystemI::createSoundInternal             : filename =  : mode 0a000202
[LOG] SystemI::createSoundInternal             : exinfo->cbsize             = 232
[LOG] SystemI::createSoundInternal             : exinfo->length             = 696480
[LOG] SystemI::createSoundInternal             : exinfo->fileoffset         = 21792
[LOG] SystemI::createSoundInternal             : exinfo->numsubsounds       = 1
[LOG] SystemI::createSoundInternal             : exinfo->inclusionlist      = 000000007996FB28
[LOG] SystemI::createSoundInternal             : exinfo->inclusionlistnum   = 1
[LOG] SystemI::createSoundInternal             : exinfo->suggestedsoundtype = 5
[LOG] SystemI::createSoundInternal             : exinfo->useropen           = 00007FFCBA638650
[LOG] SystemI::createSoundInternal             : exinfo->userclose          = 00007FFCBA6393C0
[LOG] SystemI::createSoundInternal             : exinfo->userread           = 00007FFCBA638730
[LOG] SystemI::createSoundInternal             : exinfo->userseek           = 00007FFCBA6387E0
[LOG] SystemI::createSoundInternal             : exinfo->fileuserdata       = 0000000096560068
[LOG] SystemI::createSoundInternal             : exinfo->initialseekpostype = 1
[LOG] SystemI::createSoundInternal             : Format has 1 subsounds.
[LOG] SystemI::createSoundInternal             : Create as FMOD_CREATESAMPLE
[LOG] SystemI::createSoundInternal             : Multi-sample sound (1 subsounds), create a sample container.
[LOG] SystemI::createSoundInternal             : creating subsound 0/1
[LOG] SystemI::createSample                    : mode 0a000202 length 13312 samples, lengthbytes 7296
[LOG] SystemI::createSample                    : channels = 1
[LOG] SystemI::createSample                    : output = 00000000848CCC88
[LOG] OutputSoftware::createSample             : lengthpcm 13312, lengthbytes 7296, channels 1, format 2, freq 40000, mode 0a00020a
[LOG] SystemI::createSoundInternal             : done.  OpenState now = FMOD_OPENSTATE_READY.

[LOG] SystemI::createSoundInternal             : filename =  : mode 0a000202
[LOG] SystemI::createSoundInternal             : exinfo->cbsize             = 232
[LOG] SystemI::createSoundInternal             : exinfo->length             = 696480
[LOG] SystemI::createSoundInternal             : exinfo->fileoffset         = 21792
[LOG] SystemI::createSoundInternal             : exinfo->numsubsounds       = 1
[LOG] SystemI::createSoundInternal             : exinfo->inclusionlist      = 000000007996FB28
[LOG] SystemI::createSoundInternal             : exinfo->inclusionlistnum   = 1
[LOG] SystemI::createSoundInternal             : exinfo->suggestedsoundtype = 5
[LOG] SystemI::createSoundInternal             : exinfo->useropen           = 00007FFCBA638650
[LOG] SystemI::createSoundInternal             : exinfo->userclose          = 00007FFCBA6393C0
[LOG] SystemI::createSoundInternal             : exinfo->userread           = 00007FFCBA638730
[LOG] SystemI::createSoundInternal             : exinfo->userseek           = 00007FFCBA6387E0
[LOG] SystemI::createSoundInternal             : exinfo->fileuserdata       = 0000000096560068
[LOG] SystemI::createSoundInternal             : exinfo->initialseekpostype = 1
[LOG] SystemI::createSoundInternal             : Format has 1 subsounds.
[LOG] SystemI::createSoundInternal             : Create as FMOD_CREATESAMPLE
[LOG] SystemI::createSoundInternal             : Multi-sample sound (1 subsounds), create a sample container.
[LOG] SystemI::createSoundInternal             : creating subsound 0/1
[LOG] SystemI::createSample                    : mode 0a000202 length 15360 samples, lengthbytes 8416
[LOG] SystemI::createSample                    : channels = 1
[LOG] SystemI::createSample                    : output = 00000000848CCC88
[LOG] OutputSoftware::createSample             : lengthpcm 15360, lengthbytes 8416, channels 1, format 2, freq 40000, mode 0a00020a
[LOG] SystemI::createSoundInternal             : done.  OpenState now = FMOD_OPENSTATE_READY.

[LOG] SoundI::release                          : (null) (0000000096B24DE8)
[LOG] SoundI::release                          : release subsounds. (0000000096B24DE8)
[LOG] SoundI::release                          :     (null) (00000000A1D3FC48)
[LOG] SoundI::release                          : release codec. (0000000096B24DE8)
[WRN] ChannelI::forceVirtual                   : Ignoring force virtual since channel just went real
[WRN] ChannelI::forceVirtual                   : Ignoring force virtual since channel just went real
[LOG] SystemI::createSoundInternal             : filename =  : mode 0a000202
[WRN] ChannelI::forceVirtual                   : Ignoring force virtual since channel just went real
[LOG] SystemI::createSoundInternal             : exinfo->cbsize             = 232
[WRN] ChannelI::forceVirtual                   : Ignoring force virtual since channel just went real
[LOG] SystemI::createSoundInternal             : exinfo->length             = 696480
[WRN] ChannelI::forceVirtual                   : Ignoring force virtual since channel just went real
[LOG] SystemI::createSoundInternal             : exinfo->fileoffset         = 21792
[WRN] ChannelI::forceVirtual                   : Ignoring force virtual since channel just went real
[LOG] SystemI::createSoundInternal             : exinfo->numsubsounds       = 1
[LOG] SystemI::createSoundInternal             : exinfo->inclusionlist      = 000000007996FB28
[WRN] ChannelI::forceVirtual                   : Ignoring force virtual since channel just went real
[LOG] SystemI::createSoundInternal             : exinfo->inclusionlistnum   = 1
[WRN] ChannelI::forceVirtual                   : Ignoring force virtual since channel just went real
[LOG] SystemI::createSoundInternal             : exinfo->suggestedsoundtype = 5
[LOG] SystemI::createSoundInternal             : exinfo->useropen           = 00007FFCBA638650
[LOG] SystemI::createSoundInternal             : exinfo->userclose          = 00007FFCBA6393C0
[LOG] SystemI::createSoundInternal             : exinfo->userread           = 00007FFCBA638730
[LOG] SystemI::createSoundInternal             : exinfo->userseek           = 00007FFCBA6387E0
[LOG] SystemI::createSoundInternal             : exinfo->fileuserdata       = 0000000096560F48
[LOG] SystemI::createSoundInternal             : exinfo->initialseekpostype = 1
[LOG] SystemI::createSoundInternal             : Format has 1 subsounds.
[LOG] SystemI::createSoundInternal             : Create as FMOD_CREATESAMPLE
[LOG] SystemI::createSoundInternal             : Multi-sample sound (1 subsounds), create a sample container.
[LOG] SystemI::createSoundInternal             : creating subsound 0/1
[LOG] SystemI::createSample                    : mode 0a000202 length 19968 samples, lengthbytes 10944
[LOG] SystemI::createSample                    : channels = 1
[LOG] SystemI::createSample                    : output = 00000000848CCC88
[LOG] OutputSoftware::createSample             : lengthpcm 19968, lengthbytes 10944, channels 1, format 2, freq 40000, mode 0a00020a
[LOG] SystemI::createSoundInternal             : done.  OpenState now = FMOD_OPENSTATE_READY.

[LOG] SystemI::createSoundInternal             : filename =  : mode 0a000202
[LOG] SystemI::createSoundInternal             : exinfo->cbsize             = 232
[LOG] SystemI::createSoundInternal             : exinfo->length             = 696480
[LOG] SystemI::createSoundInternal             : exinfo->fileoffset         = 21792
[LOG] SystemI::createSoundInternal             : exinfo->numsubsounds       = 1
[LOG] SystemI::createSoundInternal             : exinfo->inclusionlist      = 000000007996FB28
[LOG] SystemI::createSoundInternal             : exinfo->inclusionlistnum   = 1
[LOG] SystemI::createSoundInternal             : exinfo->suggestedsoundtype = 5
[LOG] SystemI::createSoundInternal             : exinfo->useropen           = 00007FFCBA638650
[LOG] SystemI::createSoundInternal             : exinfo->userclose          = 00007FFCBA6393C0
[LOG] SystemI::createSoundInternal             : exinfo->userread           = 00007FFCBA638730
[LOG] SystemI::createSoundInternal             : exinfo->userseek           = 00007FFCBA6387E0
[LOG] SystemI::createSoundInternal             : exinfo->fileuserdata       = 0000000096560F48
[LOG] SystemI::createSoundInternal             : exinfo->initialseekpostype = 1
[LOG] SystemI::createSoundInternal             : Format has 1 subsounds.
[LOG] SystemI::createSoundInternal             : Create as FMOD_CREATESAMPLE
[LOG] SystemI::createSoundInternal             : Multi-sample sound (1 subsounds), create a sample container.
[LOG] SystemI::createSoundInternal             : creating subsound 0/1
[LOG] SystemI::createSample                    : mode 0a000202 length 9984 samples, lengthbytes 5472
[LOG] SystemI::createSample                    : channels = 1
[LOG] SystemI::createSample                    : output = 00000000848CCC88
[LOG] OutputSoftware::createSample             : lengthpcm 9984, lengthbytes 5472, channels 1, format 2, freq 40000, mode 0a00020a
[LOG] SystemI::createSoundInternal             : done.  OpenState now = FMOD_OPENSTATE_READY.

[LOG] SystemI::createSoundInternal             : filename =  : mode 0a000202
[LOG] SystemI::createSoundInternal             : exinfo->cbsize             = 232
[LOG] SystemI::createSoundInternal             : exinfo->length             = 696480
[LOG] SystemI::createSoundInternal             : exinfo->fileoffset         = 21792
[LOG] SystemI::createSoundInternal             : exinfo->numsubsounds       = 1
[LOG] SystemI::createSoundInternal             : exinfo->inclusionlist      = 000000007996FB28
[LOG] SystemI::createSoundInternal             : exinfo->inclusionlistnum   = 1
[LOG] SystemI::createSoundInternal             : exinfo->suggestedsoundtype = 5
[LOG] SystemI::createSoundInternal             : exinfo->useropen           = 00007FFCBA638650
[LOG] SystemI::createSoundInternal             : exinfo->userclose          = 00007FFCBA6393C0
[LOG] SystemI::createSoundInternal             : exinfo->userread           = 00007FFCBA638730
[LOG] SystemI::createSoundInternal             : exinfo->userseek           = 00007FFCBA6387E0
[LOG] SystemI::createSoundInternal             : exinfo->fileuserdata       = 0000000096560F48
[LOG] SystemI::createSoundInternal             : exinfo->initialseekpostype = 1
[LOG] SystemI::createSoundInternal             : Format has 1 subsounds.
[LOG] SystemI::createSoundInternal             : Create as FMOD_CREATESAMPLE
[LOG] SystemI::createSoundInternal             : Multi-sample sound (1 subsounds), create a sample container.
[LOG] SystemI::createSoundInternal             : creating subsound 0/1
[LOG] SystemI::createSample                    : mode 0a000202 length 12800 samples, lengthbytes 7008
[LOG] SystemI::createSample                    : channels = 1
[LOG] SystemI::createSample                    : output = 00000000848CCC88
[LOG] OutputSoftware::createSample             : lengthpcm 12800, lengthbytes 7008, channels 1, format 2, freq 40000, mode 0a00020a
[LOG] SystemI::createSoundInternal             : done.  OpenState now = FMOD_OPENSTATE_READY.

[LOG] SystemI::createSoundInternal             : filename =  : mode 0a000202
[LOG] SystemI::createSoundInternal             : exinfo->cbsize             = 232
[LOG] SystemI::createSoundInternal             : exinfo->length             = 5401504
[LOG] SystemI::createSoundInternal             : exinfo->fileoffset         = 187904
[LOG] SystemI::createSoundInternal             : exinfo->numsubsounds       = 1
[LOG] SystemI::createSoundInternal             : exinfo->inclusionlist      = 000000007996FB28
[LOG] SystemI::createSoundInternal             : exinfo->inclusionlistnum   = 1
[LOG] SystemI::createSoundInternal             : exinfo->suggestedsoundtype = 5
[LOG] SystemI::createSoundInternal             : exinfo->useropen           = 00007FFCBA638650
[LOG] SystemI::createSoundInternal             : exinfo->userclose          = 00007FFCBA6393C0
[LOG] SystemI::createSoundInternal             : exinfo->userread           = 00007FFCBA638730
[LOG] SystemI::createSoundInternal             : exinfo->userseek           = 00007FFCBA6387E0
[LOG] SystemI::createSoundInternal             : exinfo->fileuserdata       = 000000009658E528
[LOG] SystemI::createSoundInternal             : exinfo->initialseekpostype = 1
[LOG] SystemI::createSoundInternal             : Format has 1 subsounds.
[LOG] SystemI::createSoundInternal             : Create as FMOD_CREATESAMPLE
[LOG] SystemI::createSoundInternal             : Multi-sample sound (1 subsounds), create a sample container.
[LOG] SystemI::createSoundInternal             : creating subsound 0/1
[LOG] SystemI::createSample                    : mode 0a000202 length 15616 samples, lengthbytes 8544
[LOG] SystemI::createSample                    : channels = 1
[LOG] SystemI::createSample                    : output = 00000000848CCC88
[LOG] OutputSoftware::createSample             : lengthpcm 15616, lengthbytes 8544, channels 1, format 2, freq 40000, mode 0a00020a
[LOG] SystemI::createSoundInternal             : done.  OpenState now = FMOD_OPENSTATE_READY.

[LOG] SoundI::release                          : (null) (0000000096B1F4C8)
[LOG] SoundI::release                          : release subsounds. (0000000096B1F4C8)
[LOG] SoundI::release                          :     (null) (00000000A1D3F478)
[LOG] SoundI::release                          : release codec. (0000000096B1F4C8)
[LOG] SoundI::release                          : (null) (0000000096B222C8)
[LOG] SoundI::release                          : release subsounds. (0000000096B222C8)
[LOG] SoundI::release                          :     (null) (00000000A1D3F2E8)
[LOG] SoundI::release                          : release codec. (0000000096B222C8)
[LOG] SoundI::release                          : (null) (0000000096B253A8)
[LOG] SoundI::release                          : release subsounds. (0000000096B253A8)
[LOG] SoundI::release                          :     (null) (00000000A1CB2C38)
[LOG] SoundI::release                          : release codec. (0000000096B253A8)
[LOG] SoundI::release                          : (null) (0000000096B21FE8)
[LOG] SoundI::release                          : release subsounds. (0000000096B21FE8)
[LOG] SoundI::release                          :     (null) (00000000A1CB3598)
[LOG] SoundI::release                          : release codec. (0000000096B21FE8)
[LOG] SoundI::release                          : (null) (0000000096B23858)
[LOG] SoundI::release                          : release subsounds. (0000000096B23858)
[LOG] SoundI::release                          :     (null) (00000000A1CB2DC8)
[LOG] SoundI::release                          : release codec. (0000000096B23858)
[LOG] SoundI::release                          : (null) (0000000096B22158)
[LOG] SoundI::release                          : release subsounds. (0000000096B22158)
[LOG] SoundI::release                          :     (null) (00000000A1D3FF68)
[LOG] SoundI::release                          : release codec. (0000000096B22158)
[LOG] SoundI::release                          : (null) (0000000096B24828)
[LOG] SoundI::release                          : release subsounds. (0000000096B24828)
[LOG] SoundI::release                          :     (null) (00000000A1CB3408)
[LOG] SoundI::release                          : release codec. (0000000096B24828)
[LOG] SoundI::release                          : (null) (0000000096B240F8)
[LOG] SoundI::release                          : release subsounds. (0000000096B240F8)
[LOG] SoundI::release                          :     (null) (00000000A1D40418)
[LOG] SoundI::release                          : release codec. (0000000096B240F8)
[LOG] SoundI::release                          : (null) (0000000096B250C8)
[LOG] SoundI::release                          : release subsounds. (0000000096B250C8)
[LOG] SoundI::release                          :     (null) (00000000A1D3F798)
[LOG] SoundI::release                          : release codec. (0000000096B250C8)
[LOG] SystemI::createSoundInternal             : filename =  : mode 0a000202
[LOG] SystemI::createSoundInternal             : exinfo->cbsize             = 232
[LOG] SystemI::createSoundInternal             : exinfo->length             = 4556704
[LOG] SystemI::createSoundInternal             : exinfo->fileoffset         = 86400
[LOG] SystemI::createSoundInternal             : exinfo->numsubsounds       = 1
[LOG] SystemI::createSoundInternal             : exinfo->inclusionlist      = 000000007996FB28
[LOG] SystemI::createSoundInternal             : exinfo->inclusionlistnum   = 1
[LOG] SystemI::createSoundInternal             : exinfo->suggestedsoundtype = 5
[LOG] SystemI::createSoundInternal             : exinfo->useropen           = 00007FFCBA638650
[LOG] SystemI::createSoundInternal             : exinfo->userclose          = 00007FFCBA6393C0
[LOG] SystemI::createSoundInternal             : exinfo->userread           = 00007FFCBA638730
[LOG] SystemI::createSoundInternal             : exinfo->userseek           = 00007FFCBA6387E0
[LOG] SystemI::createSoundInternal             : exinfo->fileuserdata       = 000000009658F1E8
[LOG] SystemI::createSoundInternal             : exinfo->initialseekpostype = 1
[LOG] SystemI::createSoundInternal             : Format has 1 subsounds.
[LOG] SystemI::createSoundInternal             : Create as FMOD_CREATESAMPLE
[LOG] SystemI::createSoundInternal             : Multi-sample sound (1 subsounds), create a sample container.
[LOG] SystemI::createSoundInternal             : creating subsound 0/1
[LOG] SystemI::createSample                    : mode 0a000202 length 18688 samples, lengthbytes 10240
[LOG] SystemI::createSample                    : channels = 1
[LOG] SystemI::createSample                    : output = 00000000848CCC88
[LOG] OutputSoftware::createSample             : lengthpcm 18688, lengthbytes 10240, channels 1, format 2, freq 40000, mode 0a00020a
[LOG] SystemI::createSoundInternal             : done.  OpenState now = FMOD_OPENSTATE_READY.

[LOG] SystemI::createSoundInternal             : filename =  : mode 0a000202
[LOG] SystemI::createSoundInternal             : exinfo->cbsize             = 232
[LOG] SystemI::createSoundInternal             : exinfo->length             = 4556704
[LOG] SystemI::createSoundInternal             : exinfo->fileoffset         = 86400
[LOG] SystemI::createSoundInternal             : exinfo->numsubsounds       = 1
[LOG] SystemI::createSoundInternal             : exinfo->inclusionlist      = 000000007996FB28
[LOG] SystemI::createSoundInternal             : exinfo->inclusionlistnum   = 1
[LOG] SystemI::createSoundInternal             : exinfo->suggestedsoundtype = 5
[LOG] SystemI::createSoundInternal             : exinfo->useropen           = 00007FFCBA638650
[LOG] SystemI::createSoundInternal             : exinfo->userclose          = 00007FFCBA6393C0
[LOG] SystemI::createSoundInternal             : exinfo->userread           = 00007FFCBA638730
[LOG] SystemI::createSoundInternal             : exinfo->userseek           = 00007FFCBA6387E0
[LOG] SystemI::createSoundInternal             : exinfo->fileuserdata       = 000000009658F1E8
[LOG] SystemI::createSoundInternal             : exinfo->initialseekpostype = 1
[LOG] SystemI::createSoundInternal             : Format has 1 subsounds.
[LOG] SystemI::createSoundInternal             : Create as FMOD_CREATESAMPLE
[LOG] SystemI::createSoundInternal             : Multi-sample sound (1 subsounds), create a sample container.
[LOG] SystemI::createSoundInternal             : creating subsound 0/1
[LOG] SystemI::createSample                    : mode 0a000202 length 34048 samples, lengthbytes 18624
[LOG] SystemI::createSample                    : channels = 1
[LOG] SystemI::createSample                    : output = 00000000848CCC88
[LOG] OutputSoftware::createSample             : lengthpcm 34048, lengthbytes 18624, channels 1, format 2, freq 40000, mode 0a00020a
[LOG] SystemI::createSoundInternal             : done.  OpenState now = FMOD_OPENSTATE_READY.

[LOG] SystemI::createSoundInternal             : filename =  : mode 0a000202
[LOG] SystemI::createSoundInternal             : exinfo->cbsize             = 232
[LOG] SystemI::createSoundInternal             : exinfo->length             = 4556704
[LOG] SystemI::createSoundInternal             : exinfo->fileoffset         = 86400
[LOG] SystemI::createSoundInternal             : exinfo->numsubsounds       = 1
[LOG] SystemI::createSoundInternal             : exinfo->inclusionlist      = 000000007996FB28
[LOG] SystemI::createSoundInternal             : exinfo->inclusionlistnum   = 1
[LOG] SystemI::createSoundInternal             : exinfo->suggestedsoundtype = 5
[LOG] SystemI::createSoundInternal             : exinfo->useropen           = 00007FFCBA638650
[LOG] SystemI::createSoundInternal             : exinfo->userclose          = 00007FFCBA6393C0
[LOG] SystemI::createSoundInternal             : exinfo->userread           = 00007FFCBA638730
[LOG] SystemI::createSoundInternal             : exinfo->userseek           = 00007FFCBA6387E0
[LOG] SystemI::createSoundInternal             : exinfo->fileuserdata       = 000000009658F1E8
[LOG] SystemI::createSoundInternal             : exinfo->initialseekpostype = 1
[LOG] SystemI::createSoundInternal             : Format has 1 subsounds.
[LOG] SystemI::createSoundInternal             : Create as FMOD_CREATESAMPLE
[LOG] SystemI::createSoundInternal             : Multi-sample sound (1 subsounds), create a sample container.
[LOG] SystemI::createSoundInternal             : creating subsound 0/1
[LOG] SystemI::createSample                    : mode 0a000202 length 95232 samples, lengthbytes 52096
[LOG] SystemI::createSample                    : channels = 1
[LOG] SystemI::createSample                    : output = 00000000848CCC88
[LOG] OutputSoftware::createSample             : lengthpcm 95232, lengthbytes 52096, channels 1, format 2, freq 40000, mode 0a00020a
[LOG] SystemI::createSoundInternal             : done.  OpenState now = FMOD_OPENSTATE_READY.

[WRN] EventInstance::update                    : Event {7856fb6e-f439-4a4d-b5e1-0beadd2bf60a} waited 54 milliseconds for sample data to load.  Preload sample data to avoid this delay.
[LOG] SystemI::createSoundInternal             : filename =  : mode 0a000202
[LOG] SystemI::createSoundInternal             : exinfo->cbsize             = 232
[LOG] SystemI::createSoundInternal             : exinfo->length             = 5401504
[LOG] SystemI::createSoundInternal             : exinfo->fileoffset         = 187904
[LOG] SystemI::createSoundInternal             : exinfo->numsubsounds       = 1
[LOG] SystemI::createSoundInternal             : exinfo->inclusionlist      = 000000007996FB28
[LOG] SystemI::createSoundInternal             : exinfo->inclusionlistnum   = 1
[LOG] SystemI::createSoundInternal             : exinfo->suggestedsoundtype = 5
[LOG] SystemI::createSoundInternal             : exinfo->useropen           = 00007FFCBA638650
[LOG] SystemI::createSoundInternal             : exinfo->userclose          = 00007FFCBA6393C0
[LOG] SystemI::createSoundInternal             : exinfo->userread           = 00007FFCBA638730
[LOG] SystemI::createSoundInternal             : exinfo->userseek           = 00007FFCBA6387E0
[LOG] SystemI::createSoundInternal             : exinfo->fileuserdata       = 000000009658F1E8
[LOG] SystemI::createSoundInternal             : exinfo->initialseekpostype = 1
[LOG] SystemI::createSoundInternal             : Format has 1 subsounds.
[LOG] SystemI::createSoundInternal             : Create as FMOD_CREATESAMPLE
[LOG] SystemI::createSoundInternal             : Multi-sample sound (1 subsounds), create a sample container.
[LOG] SystemI::createSoundInternal             : creating subsound 0/1
[LOG] SystemI::createSample                    : mode 0a000202 length 15616 samples, lengthbytes 8544
[LOG] SystemI::createSample                    : channels = 1
[LOG] SystemI::createSample                    : output = 00000000848CCC88
[LOG] OutputSoftware::createSample             : lengthpcm 15616, lengthbytes 8544, channels 1, format 2, freq 40000, mode 0a00020a
[LOG] SystemI::createSoundInternal             : done.  OpenState now = FMOD_OPENSTATE_READY.

[WRN] ChannelI::forceVirtual                   : Ignoring force virtual since channel just went real
[WRN] ChannelI::forceVirtual                   : Ignoring force virtual since channel just went real
[WRN] ChannelI::forceVirtual                   : Ignoring force virtual since channel just went real
[WRN] ChannelI::forceVirtual                   : Ignoring force virtual since channel just went real
[WRN] ChannelI::forceVirtual                   : Ignoring force virtual since channel just went real
[WRN] ChannelI::forceVirtual                   : Ignoring force virtual since channel just went real
[WRN] ChannelI::forceVirtual                   : Ignoring force virtual since channel just went real
[WRN] ChannelI::forceVirtual                   : Ignoring force virtual since channel just went real
[WRN] ChannelI::forceVirtual                   : Ignoring force virtual since channel just went real
[WRN] ChannelI::forceVirtual                   : Ignoring force virtual since channel just went real
[WRN] ChannelI::forceVirtual                   : Ignoring force virtual since channel just went real
[WRN] ChannelI::forceVirtual                   : Ignoring force virtual since channel just went real
[LOG] SoundI::release                          : (null) (0000000096B23B38)
[LOG] SoundI::release                          : release subsounds. (0000000096B23B38)
[LOG] SoundI::release                          :     (null) (00000000A1D40A58)
[LOG] SoundI::release                          : release codec. (0000000096B23B38)
[LOG] SoundI::release                          : (null) (0000000096B1B9D8)
[LOG] SoundI::release                          : release subsounds. (0000000096B1B9D8)
[LOG] SoundI::release                          :     (null) (00000000A1D40738)
[LOG] SoundI::release                          : release codec. (0000000096B1B9D8)
[LOG] SoundI::release                          : (null) (0000000096B1EAB8)
[LOG] SoundI::release                          : release subsounds. (0000000096B1EAB8)
[LOG] SoundI::release                          :     (null) (00000000A1D40288)
[LOG] SoundI::release                          : release codec. (0000000096B1EAB8)
[LOG] SoundI::release                          : (null) (0000000096B1E0A8)
[LOG] SoundI::release                          : release subsounds. (0000000096B1E0A8)
[LOG] SoundI::release                          :     (null) (00000000A1D3ECA8)
[LOG] SoundI::release                          : release codec. (0000000096B1E0A8)
[LOG] SoundI::release                          : (null) (0000000096B1CB18)
[LOG] SoundI::release                          : release subsounds. (0000000096B1CB18)
[LOG] SoundI::release                          :     (null) (00000000A1D3F158)
[LOG] SoundI::release                          : release codec. (0000000096B1CB18)
[LOG] SoundI::release                          : (null) (0000000096B1EC28)
[LOG] SoundI::release                          : release subsounds. (0000000096B1EC28)
[LOG] SoundI::release                          :     (null) (00000000A1D3F608)
[LOG] SoundI::release                          : release codec. (0000000096B1EC28)
[LOG] SystemI::createSoundInternal             : filename =  : mode 0a000202
[LOG] SystemI::createSoundInternal             : exinfo->cbsize             = 232
[LOG] SystemI::createSoundInternal             : exinfo->length             = 2318880
[LOG] SystemI::createSoundInternal             : exinfo->fileoffset         = 42848
[LOG] SystemI::createSoundInternal             : exinfo->numsubsounds       = 1
[LOG] SystemI::createSoundInternal             : exinfo->inclusionlist      = 000000007996FB28
[LOG] SystemI::createSoundInternal             : exinfo->inclusionlistnum   = 1
[LOG] SystemI::createSoundInternal             : exinfo->suggestedsoundtype = 5
[LOG] SystemI::createSoundInternal             : exinfo->useropen           = 00007FFCBA638650
[LOG] SystemI::createSoundInternal             : exinfo->userclose          = 00007FFCBA6393C0
[LOG] SystemI::createSoundInternal             : exinfo->userread           = 00007FFCBA638730
[LOG] SystemI::createSoundInternal             : exinfo->userseek           = 00007FFCBA6387E0
[LOG] SystemI::createSoundInternal             : exinfo->fileuserdata       = 000000009658F1E8
[LOG] SystemI::createSoundInternal             : exinfo->initialseekpostype = 1
[LOG] SystemI::createSoundInternal             : Format has 1 subsounds.
[LOG] SystemI::createSoundInternal             : Create as FMOD_CREATESAMPLE
[LOG] SystemI::createSoundInternal             : Multi-sample sound (1 subsounds), create a sample container.
[LOG] SystemI::createSoundInternal             : creating subsound 0/1
[LOG] SystemI::createSample                    : mode 0a000202 length 45312 samples, lengthbytes 24800
[LOG] SystemI::createSample                    : channels = 1
[LOG] SystemI::createSample                    : output = 00000000848CCC88
[LOG] OutputSoftware::createSample             : lengthpcm 45312, lengthbytes 24800, channels 1, format 2, freq 40000, mode 0a00020a
[LOG] SystemI::createSoundInternal             : done.  OpenState now = FMOD_OPENSTATE_READY.

[LOG] SystemI::createSoundInternal             : filename =  : mode 0a000202
[LOG] SystemI::createSoundInternal             : exinfo->cbsize             = 232
[LOG] SystemI::createSoundInternal             : exinfo->length             = 2318880
[LOG] SystemI::createSoundInternal             : exinfo->fileoffset         = 42848
[LOG] SystemI::createSoundInternal             : exinfo->numsubsounds       = 1
[LOG] SystemI::createSoundInternal             : exinfo->inclusionlist      = 000000007996FB28
[LOG] SystemI::createSoundInternal             : exinfo->inclusionlistnum   = 1
[LOG] SystemI::createSoundInternal             : exinfo->suggestedsoundtype = 5
[LOG] SystemI::createSoundInternal             : exinfo->useropen           = 00007FFCBA638650
[LOG] SystemI::createSoundInternal             : exinfo->userclose          = 00007FFCBA6393C0
[LOG] SystemI::createSoundInternal             : exinfo->userread           = 00007FFCBA638730
[LOG] SystemI::createSoundInternal             : exinfo->userseek           = 00007FFCBA6387E0
[LOG] SystemI::createSoundInternal             : exinfo->fileuserdata       = 000000009658F1E8
[LOG] SystemI::createSoundInternal             : exinfo->initialseekpostype = 1
[LOG] SystemI::createSoundInternal             : Format has 1 subsounds.
[LOG] SystemI::createSoundInternal             : Create as FMOD_CREATESAMPLE
[LOG] SystemI::createSoundInternal             : Multi-sample sound (1 subsounds), create a sample container.
[LOG] SystemI::createSoundInternal             : creating subsound 0/1
[LOG] SystemI::createSample                    : mode 0a000202 length 6656 samples, lengthbytes 3648
[LOG] SystemI::createSample                    : channels = 1
[LOG] SystemI::createSample                    : output = 00000000848CCC88
[LOG] OutputSoftware::createSample             : lengthpcm 6656, lengthbytes 3648, channels 1, format 2, freq 40000, mode 0a00020a
[LOG] SystemI::createSoundInternal             : done.  OpenState now = FMOD_OPENSTATE_READY.

[LOG] SystemI::createSoundInternal             : filename =  : mode 0a000202
[LOG] SystemI::createSoundInternal             : exinfo->cbsize             = 232
[LOG] SystemI::createSoundInternal             : exinfo->length             = 2318880
[LOG] SystemI::createSoundInternal             : exinfo->fileoffset         = 42848
[LOG] SystemI::createSoundInternal             : exinfo->numsubsounds       = 1
[LOG] SystemI::createSoundInternal             : exinfo->inclusionlist      = 000000007996FB28
[LOG] SystemI::createSoundInternal             : exinfo->inclusionlistnum   = 1
[LOG] SystemI::createSoundInternal             : exinfo->suggestedsoundtype = 5
[LOG] SystemI::createSoundInternal             : exinfo->useropen           = 00007FFCBA638650
[LOG] SystemI::createSoundInternal             : exinfo->userclose          = 00007FFCBA6393C0
[LOG] SystemI::createSoundInternal             : exinfo->userread           = 00007FFCBA638730
[LOG] SystemI::createSoundInternal             : exinfo->userseek           = 00007FFCBA6387E0
[LOG] SystemI::createSoundInternal             : exinfo->fileuserdata       = 000000009658F1E8
[LOG] SystemI::createSoundInternal             : exinfo->initialseekpostype = 1
[LOG] SystemI::createSoundInternal             : Format has 1 subsounds.
[LOG] SystemI::createSoundInternal             : Create as FMOD_CREATESAMPLE
[LOG] SystemI::createSoundInternal             : Multi-sample sound (1 subsounds), create a sample container.
[LOG] SystemI::createSoundInternal             : creating subsound 0/1
[LOG] SystemI::createSample                    : mode 0a000202 length 12544 samples, lengthbytes 6880
[LOG] SystemI::createSample                    : channels = 1
[LOG] SystemI::createSample                    : output = 00000000848CCC88
[LOG] OutputSoftware::createSample             : lengthpcm 12544, lengthbytes 6880, channels 1, format 2, freq 40000, mode 0a00020a
[LOG] SystemI::createSoundInternal             : done.  OpenState now = FMOD_OPENSTATE_READY.

[WRN] EventInstance::update                    : Event {b22bd9ec-0959-4203-8ec4-f90d59b83f61} waited 60 milliseconds for sample data to load.  Preload sample data to avoid this delay.
[WRN] ChannelI::forceVirtual                   : Ignoring force virtual since channel just went real
[WRN] ChannelI::forceVirtual                   : Ignoring force virtual since channel just went real
[WRN] ChannelI::forceVirtual                   : Ignoring force virtual since channel just went real
[WRN] ChannelI::forceVirtual                   : Ignoring force virtual since channel just went real
[WRN] ChannelI::forceVirtual                   : Ignoring force virtual since channel just went real
[WRN] ChannelI::forceVirtual                   : Ignoring force virtual since channel just went real
[WRN] ChannelI::forceVirtual                   : Ignoring force virtual since channel just went real
[WRN] ChannelI::forceVirtual                   : Ignoring force virtual since channel just went real
[WRN] ChannelI::forceVirtual                   : Ignoring force virtual since channel just went real
[WRN] ChannelI::forceVirtual                   : Ignoring force virtual since channel just went real
[WRN] ChannelI::forceVirtual                   : Ignoring force virtual since channel just went real
[WRN] ChannelI::forceVirtual                   : Ignoring force virtual since channel just went real
[LOG] SoundI::release                          : (null) (0000000096B20EA8)
[LOG] SoundI::release                          : release subsounds. (0000000096B20EA8)
[LOG] SoundI::release                          :     (null) (00000000847F9BC8)
[LOG] SoundI::release                          : release codec. (0000000096B20EA8)
[LOG] SoundI::release                          : (null) (0000000096B1ED98)
[LOG] SoundI::release                          : release subsounds. (0000000096B1ED98)
[LOG] SoundI::release                          :     (null) (00000000847FB1A8)
[LOG] SoundI::release                          : release codec. (0000000096B1ED98)
[LOG] SoundI::release                          : (null) (0000000096B20BC8)
[LOG] SoundI::release                          : release subsounds. (0000000096B20BC8)
[LOG] SoundI::release                          :     (null) (00000000847F98A8)
[LOG] SoundI::release                          : release codec. (0000000096B20BC8)
[LOG] SoundI::release                          : (null) (0000000096B20608)
[LOG] SoundI::release                          : release subsounds. (0000000096B20608)
[LOG] SoundI::release                          :     (null) (00000000847FA078)
[LOG] SoundI::release                          : release codec. (0000000096B20608)
[LOG] SoundI::release                          : (null) (0000000096B1E948)
[LOG] SoundI::release                          : release subsounds. (0000000096B1E948)
[LOG] SoundI::release                          :     (null) (00000000A1D408C8)
[LOG] SoundI::release                          : release codec. (0000000096B1E948)
[LOG] SoundI::release                          : (null) (0000000096B1FED8)
[LOG] SoundI::release                          : release subsounds. (0000000096B1FED8)
[LOG] SoundI::release                          :     (null) (00000000847FA9D8)
[LOG] SoundI::release                          : release codec. (0000000096B1FED8)
[LOG] SoundI::release                          : (null) (0000000096B1BCB8)
[LOG] SoundI::release                          : release subsounds. (0000000096B1BCB8)
[LOG] SoundI::release                          :     (null) (00000000847FA848)
[LOG] SoundI::release                          : release codec. (0000000096B1BCB8)
[LOG] SoundI::release                          : (null) (0000000096B20048)
[LOG] SoundI::release                          : release subsounds. (0000000096B20048)
[LOG] SoundI::release                          :     (null) (00000000847F9718)
[LOG] SoundI::release                          : release codec. (0000000096B20048)
[LOG] SoundI::release                          : (null) (0000000096B20D38)
[LOG] SoundI::release                          : release subsounds. (0000000096B20D38)
[LOG] SoundI::release                          :     (null) (00000000847FA208)
[LOG] SoundI::release                          : release codec. (0000000096B20D38)
[LOG] SoundI::release                          : (null) (0000000096B1BB48)
[LOG] SoundI::release                          : release subsounds. (0000000096B1BB48)
[LOG] SoundI::release                          :     (null) (00000000A1D3EE38)
[LOG] SoundI::release                          : release codec. (0000000096B1BB48)
[LOG] SoundI::release                          : (null) (0000000096B1FD68)
[LOG] SoundI::release                          : release subsounds. (0000000096B1FD68)
[LOG] SoundI::release                          :     (null) (00000000A1D3F928)
[LOG] SoundI::release                          : release codec. (0000000096B1FD68)
[LOG] SoundI::release                          : (null) (0000000096B20778)
[LOG] SoundI::release                          : release subsounds. (0000000096B20778)
[LOG] SoundI::release                          :     (null) (00000000847FAE88)
[LOG] SoundI::release                          : release codec. (0000000096B20778)
[LOG] SoundI::release                          : (null) (0000000096B1E668)
[LOG] SoundI::release                          : release subsounds. (0000000096B1E668)
[LOG] SoundI::release                          :     (null) (00000000A1D3EFC8)
[LOG] SoundI::release                          : release codec. (0000000096B1E668)
[LOG] SoundI::release                          : (null) (0000000096B23F88)
[LOG] SoundI::release                          : release subsounds. (0000000096B23F88)
[LOG] SoundI::release                          :     (null) (00000000847FB018)
[LOG] SoundI::release                          : release codec. (0000000096B23F88)
[LOG] SoundI::release                          : (null) (0000000096B212F8)
[LOG] SoundI::release                          : release subsounds. (0000000096B212F8)
[LOG] SoundI::release                          :     (null) (0000000096A781D8)
[LOG] SoundI::release                          : release codec. (0000000096B212F8)
[LOG] SoundI::release                          : (null) (0000000096B25518)
[LOG] SoundI::release                          : release subsounds. (0000000096B25518)
[LOG] SoundI::release                          :     (null) (0000000096A77EB8)
[LOG] SoundI::release                          : release codec. (0000000096B25518)
[LOG] SoundI::release                          : (null) (0000000096B22438)
[LOG] SoundI::release                          : release subsounds. (0000000096B22438)
[LOG] SoundI::release                          :     (null) (0000000096A784F8)
[LOG] SoundI::release                          : release codec. (0000000096B22438)
[LOG] SoundI::release                          : (null) (0000000096B21468)
[LOG] SoundI::release                          : release subsounds. (0000000096B21468)
[LOG] SoundI::release                          :     (null) (0000000096A789A8)
[LOG] SoundI::release                          : release codec. (0000000096B21468)
[LOG] SystemI::createSoundInternal             : filename =  : mode 0a000202
[LOG] SystemI::createSoundInternal             : exinfo->cbsize             = 232
[LOG] SystemI::createSoundInternal             : exinfo->length             = 5401504
[LOG] SystemI::createSoundInternal             : exinfo->fileoffset         = 187904
[LOG] SystemI::createSoundInternal             : exinfo->numsubsounds       = 1
[LOG] SystemI::createSoundInternal             : exinfo->inclusionlist      = 000000007996FB28
[LOG] SystemI::createSoundInternal             : exinfo->inclusionlistnum   = 1
[LOG] SystemI::createSoundInternal             : exinfo->suggestedsoundtype = 5
[LOG] SystemI::createSoundInternal             : exinfo->useropen           = 00007FFCBA638650
[LOG] SystemI::createSoundInternal             : exinfo->userclose          = 00007FFCBA6393C0
[LOG] SystemI::createSoundInternal             : exinfo->userread           = 00007FFCBA638730
[LOG] SystemI::createSoundInternal             : exinfo->userseek           = 00007FFCBA6387E0
[LOG] SystemI::createSoundInternal             : exinfo->fileuserdata       = 000000009658D648
[LOG] SystemI::createSoundInternal             : exinfo->initialseekpostype = 1
[LOG] SystemI::createSoundInternal             : Format has 1 subsounds.
[LOG] SystemI::createSoundInternal             : Create as FMOD_CREATESAMPLE
[LOG] SystemI::createSoundInternal             : Multi-sample sound (1 subsounds), create a sample container.
[LOG] SystemI::createSoundInternal             : creating subsound 0/1
[LOG] SystemI::createSample                    : mode 0a000202 length 71936 samples, lengthbytes 39360
[LOG] SystemI::createSample                    : channels = 1
[LOG] SystemI::createSample                    : output = 00000000848CCC88
[LOG] OutputSoftware::createSample             : lengthpcm 71936, lengthbytes 39360, channels 1, format 2, freq 40000, mode 0a00020a
[LOG] SystemI::createSoundInternal             : done.  OpenState now = FMOD_OPENSTATE_READY.

[LOG] SystemI::createSoundInternal             : filename =  : mode 0a000202
[LOG] SystemI::createSoundInternal             : exinfo->cbsize             = 232
[LOG] SystemI::createSoundInternal             : exinfo->length             = 5401504
[LOG] SystemI::createSoundInternal             : exinfo->fileoffset         = 187904
[LOG] SystemI::createSoundInternal             : exinfo->numsubsounds       = 1
[LOG] SystemI::createSoundInternal             : exinfo->inclusionlist      = 000000007996FB28
[LOG] SystemI::createSoundInternal             : exinfo->inclusionlistnum   = 1
[LOG] SystemI::createSoundInternal             : exinfo->suggestedsoundtype = 5
[LOG] SystemI::createSoundInternal             : exinfo->useropen           = 00007FFCBA638650
[LOG] SystemI::createSoundInternal             : exinfo->userclose          = 00007FFCBA6393C0
[LOG] SystemI::createSoundInternal             : exinfo->userread           = 00007FFCBA638730
[LOG] SystemI::createSoundInternal             : exinfo->userseek           = 00007FFCBA6387E0
[LOG] SystemI::createSoundInternal             : exinfo->fileuserdata       = 000000009658D648
[LOG] SystemI::createSoundInternal             : exinfo->initialseekpostype = 1
[LOG] SystemI::createSoundInternal             : Format has 1 subsounds.
[LOG] SystemI::createSoundInternal             : Create as FMOD_CREATESAMPLE
[LOG] SystemI::createSoundInternal             : Multi-sample sound (1 subsounds), create a sample container.
[LOG] SystemI::createSoundInternal             : creating subsound 0/1
[LOG] SystemI::createSample                    : mode 0a000202 length 32256 samples, lengthbytes 17664
[LOG] SystemI::createSample                    : channels = 1
[LOG] SystemI::createSample                    : output = 00000000848CCC88
[LOG] OutputSoftware::createSample             : lengthpcm 32256, lengthbytes 17664, channels 1, format 2, freq 40000, mode 0a00020a
[LOG] SystemI::createSoundInternal             : done.  OpenState now = FMOD_OPENSTATE_READY.

[LOG] SystemI::createSoundInternal             : filename =  : mode 0a000202
[LOG] SystemI::createSoundInternal             : exinfo->cbsize             = 232
[LOG] SystemI::createSoundInternal             : exinfo->length             = 696480
[LOG] SystemI::createSoundInternal             : exinfo->fileoffset         = 21792
[LOG] SystemI::createSoundInternal             : exinfo->numsubsounds       = 1
[LOG] SystemI::createSoundInternal             : exinfo->inclusionlist      = 000000007996FB28
[LOG] SystemI::createSoundInternal             : exinfo->inclusionlistnum   = 1
[LOG] SystemI::createSoundInternal             : exinfo->suggestedsoundtype = 5
[LOG] SystemI::createSoundInternal             : exinfo->useropen           = 00007FFCBA638650
[LOG] SystemI::createSoundInternal             : exinfo->userclose          = 00007FFCBA6393C0
[LOG] SystemI::createSoundInternal             : exinfo->userread           = 00007FFCBA638730
[LOG] SystemI::createSoundInternal             : exinfo->userseek           = 00007FFCBA6387E0
[LOG] SystemI::createSoundInternal             : exinfo->fileuserdata       = 000000009658E308
[LOG] SystemI::createSoundInternal             : exinfo->initialseekpostype = 1
[LOG] SystemI::createSoundInternal             : Format has 1 subsounds.
[LOG] SystemI::createSoundInternal             : Create as FMOD_CREATESAMPLE
[LOG] SystemI::createSoundInternal             : Multi-sample sound (1 subsounds), create a sample container.
[LOG] SystemI::createSoundInternal             : creating subsound 0/1
[LOG] SystemI::createSample                    : mode 0a000202 length 24832 samples, lengthbytes 13600
[LOG] SystemI::createSample                    : channels = 1
[LOG] SystemI::createSample                    : output = 00000000848CCC88
[LOG] OutputSoftware::createSample             : lengthpcm 24832, lengthbytes 13600, channels 1, format 2, freq 40000, mode 0a00020a
[LOG] SystemI::createSoundInternal             : done.  OpenState now = FMOD_OPENSTATE_READY.

[LOG] SystemI::createSoundInternal             : filename =  : mode 0a000202
[LOG] SystemI::createSoundInternal             : exinfo->cbsize             = 232
[LOG] SystemI::createSoundInternal             : exinfo->length             = 4556704
[LOG] SystemI::createSoundInternal             : exinfo->fileoffset         = 86400
[LOG] SystemI::createSoundInternal             : exinfo->numsubsounds       = 1
[LOG] SystemI::createSoundInternal             : exinfo->inclusionlist      = 000000007996FB28
[LOG] SystemI::createSoundInternal             : exinfo->inclusionlistnum   = 1
[LOG] SystemI::createSoundInternal             : exinfo->suggestedsoundtype = 5
[LOG] SystemI::createSoundInternal             : exinfo->useropen           = 00007FFCBA638650
[LOG] SystemI::createSoundInternal             : exinfo->userclose          = 00007FFCBA6393C0
[LOG] SystemI::createSoundInternal             : exinfo->userread           = 00007FFCBA638730
[LOG] SystemI::createSoundInternal             : exinfo->userseek           = 00007FFCBA6387E0
[LOG] SystemI::createSoundInternal             : exinfo->fileuserdata       = 00000000847938F8
[LOG] SystemI::createSoundInternal             : exinfo->initialseekpostype = 1
[LOG] SystemI::createSoundInternal             : Format has 1 subsounds.
[LOG] SystemI::createSoundInternal             : Create as FMOD_CREATESAMPLE
[LOG] SystemI::createSoundInternal             : Multi-sample sound (1 subsounds), create a sample container.
[LOG] SystemI::createSoundInternal             : creating subsound 0/1
[LOG] SystemI::createSample                    : mode 0a000202 length 5888 samples, lengthbytes 3232
[LOG] SystemI::createSample                    : channels = 1
[LOG] SystemI::createSample                    : output = 00000000848CCC88
[LOG] OutputSoftware::createSample             : lengthpcm 5888, lengthbytes 3232, channels 1, format 2, freq 40000, mode 0a00020a
[LOG] SystemI::createSoundInternal             : done.  OpenState now = FMOD_OPENSTATE_READY.

[LOG] SystemI::createSoundInternal             : filename =  : mode 0a000202
[LOG] SystemI::createSoundInternal             : exinfo->cbsize             = 232
[LOG] SystemI::createSoundInternal             : exinfo->length             = 4556704
[LOG] SystemI::createSoundInternal             : exinfo->fileoffset         = 86400
[LOG] SystemI::createSoundInternal             : exinfo->numsubsounds       = 1
[LOG] SystemI::createSoundInternal             : exinfo->inclusionlist      = 000000007996FB28
[LOG] SystemI::createSoundInternal             : exinfo->inclusionlistnum   = 1
[LOG] SystemI::createSoundInternal             : exinfo->suggestedsoundtype = 5
[LOG] SystemI::createSoundInternal             : exinfo->useropen           = 00007FFCBA638650
[LOG] SystemI::createSoundInternal             : exinfo->userclose          = 00007FFCBA6393C0
[LOG] SystemI::createSoundInternal             : exinfo->userread           = 00007FFCBA638730
[LOG] SystemI::createSoundInternal             : exinfo->userseek           = 00007FFCBA6387E0
[LOG] SystemI::createSoundInternal             : exinfo->fileuserdata       = 00000000847938F8
[LOG] SystemI::createSoundInternal             : exinfo->initialseekpostype = 1
[LOG] SystemI::createSoundInternal             : Format has 1 subsounds.
[LOG] SystemI::createSoundInternal             : Create as FMOD_CREATESAMPLE
[LOG] SystemI::createSoundInternal             : Multi-sample sound (1 subsounds), create a sample container.
[LOG] SystemI::createSoundInternal             : creating subsound 0/1
[LOG] SystemI::createSample                    : mode 0a000202 length 48384 samples, lengthbytes 26464
[LOG] SystemI::createSample                    : channels = 1
[LOG] SystemI::createSample                    : output = 00000000848CCC88
[LOG] OutputSoftware::createSample             : lengthpcm 48384, lengthbytes 26464, channels 1, format 2, freq 40000, mode 0a00020a
[LOG] SystemI::createSoundInternal             : done.  OpenState now = FMOD_OPENSTATE_READY.

[LOG] SystemI::createSoundInternal             : filename =  : mode 0a000202
[LOG] SystemI::createSoundInternal             : exinfo->cbsize             = 232
[LOG] SystemI::createSoundInternal             : exinfo->length             = 4556704
[LOG] SystemI::createSoundInternal             : exinfo->fileoffset         = 86400
[LOG] SystemI::createSoundInternal             : exinfo->numsubsounds       = 1
[LOG] SystemI::createSoundInternal             : exinfo->inclusionlist      = 000000007996FB28
[LOG] SystemI::createSoundInternal             : exinfo->inclusionlistnum   = 1
[LOG] SystemI::createSoundInternal             : exinfo->suggestedsoundtype = 5
[LOG] SystemI::createSoundInternal             : exinfo->useropen           = 00007FFCBA638650
[LOG] SystemI::createSoundInternal             : exinfo->userclose          = 00007FFCBA6393C0
[LOG] SystemI::createSoundInternal             : exinfo->userread           = 00007FFCBA638730
[LOG] SystemI::createSoundInternal             : exinfo->userseek           = 00007FFCBA6387E0
[LOG] SystemI::createSoundInternal             : exinfo->fileuserdata       = 00000000847938F8
[LOG] SystemI::createSoundInternal             : exinfo->initialseekpostype = 1
[LOG] SystemI::createSoundInternal             : Format has 1 subsounds.
[LOG] SystemI::createSoundInternal             : Create as FMOD_CREATESAMPLE
[LOG] SystemI::createSoundInternal             : Multi-sample sound (1 subsounds), create a sample container.
[LOG] SystemI::createSoundInternal             : creating subsound 0/1
[LOG] SystemI::createSample                    : mode 0a000202 length 22528 samples, lengthbytes 12320
[LOG] SystemI::createSample                    : channels = 1
[LOG] SystemI::createSample                    : output = 00000000848CCC88
[LOG] OutputSoftware::createSample             : lengthpcm 22528, lengthbytes 12320, channels 1, format 2, freq 40000, mode 0a00020a
[LOG] SystemI::createSoundInternal             : done.  OpenState now = FMOD_OPENSTATE_READY.

[LOG] SystemI::createSoundInternal             : filename =  : mode 0a000202
[LOG] SystemI::createSoundInternal             : exinfo->cbsize             = 232
[LOG] SystemI::createSoundInternal             : exinfo->length             = 4556704
[LOG] SystemI::createSoundInternal             : exinfo->fileoffset         = 86400
[LOG] SystemI::createSoundInternal             : exinfo->numsubsounds       = 1
[LOG] SystemI::createSoundInternal             : exinfo->inclusionlist      = 000000007996FB28
[LOG] SystemI::createSoundInternal             : exinfo->inclusionlistnum   = 1
[LOG] SystemI::createSoundInternal             : exinfo->suggestedsoundtype = 5
[LOG] SystemI::createSoundInternal             : exinfo->useropen           = 00007FFCBA638650
[LOG] SystemI::createSoundInternal             : exinfo->userclose          = 00007FFCBA6393C0
[LOG] SystemI::createSoundInternal             : exinfo->userread           = 00007FFCBA638730
[LOG] SystemI::createSoundInternal             : exinfo->userseek           = 00007FFCBA6387E0
[LOG] SystemI::createSoundInternal             : exinfo->fileuserdata       = 00000000847938F8
[LOG] SystemI::createSoundInternal             : exinfo->initialseekpostype = 1
[LOG] SystemI::createSoundInternal             : Format has 1 subsounds.
[LOG] SystemI::createSoundInternal             : Create as FMOD_CREATESAMPLE
[LOG] SystemI::createSoundInternal             : Multi-sample sound (1 subsounds), create a sample container.
[LOG] SystemI::createSoundInternal             : creating subsound 0/1
[LOG] SystemI::createSample                    : mode 0a000202 length 12032 samples, lengthbytes 6592
[LOG] SystemI::createSample                    : channels = 1
[LOG] SystemI::createSample                    : output = 00000000848CCC88
[LOG] OutputSoftware::createSample             : lengthpcm 12032, lengthbytes 6592, channels 1, format 2, freq 40000, mode 0a00020a
[LOG] SystemI::createSoundInternal             : done.  OpenState now = FMOD_OPENSTATE_READY.

[LOG] SystemI::createSoundInternal             : filename =  : mode 0a000202
[LOG] SystemI::createSoundInternal             : exinfo->cbsize             = 232
[LOG] SystemI::createSoundInternal             : exinfo->length             = 4556704
[LOG] SystemI::createSoundInternal             : exinfo->fileoffset         = 86400
[LOG] SystemI::createSoundInternal             : exinfo->numsubsounds       = 1
[LOG] SystemI::createSoundInternal             : exinfo->inclusionlist      = 000000007996FB28
[LOG] SystemI::createSoundInternal             : exinfo->inclusionlistnum   = 1
[LOG] SystemI::createSoundInternal             : exinfo->suggestedsoundtype = 5
[LOG] SystemI::createSoundInternal             : exinfo->useropen           = 00007FFCBA638650
[LOG] SystemI::createSoundInternal             : exinfo->userclose          = 00007FFCBA6393C0
[LOG] SystemI::createSoundInternal             : exinfo->userread           = 00007FFCBA638730
[LOG] SystemI::createSoundInternal             : exinfo->userseek           = 00007FFCBA6387E0
[LOG] SystemI::createSoundInternal             : exinfo->fileuserdata       = 00000000847938F8
[LOG] SystemI::createSoundInternal             : exinfo->initialseekpostype = 1
[LOG] SystemI::createSoundInternal             : Format has 1 subsounds.
[LOG] SystemI::createSoundInternal             : Create as FMOD_CREATESAMPLE
[LOG] SystemI::createSoundInternal             : Multi-sample sound (1 subsounds), create a sample container.
[LOG] SystemI::createSoundInternal             : creating subsound 0/1
[LOG] SystemI::createSample                    : mode 0a000202 length 15360 samples, lengthbytes 8416
[LOG] SystemI::createSample                    : channels = 1
[LOG] SystemI::createSample                    : output = 00000000848CCC88
[LOG] OutputSoftware::createSample             : lengthpcm 15360, lengthbytes 8416, channels 1, format 2, freq 40000, mode 0a00020a
[LOG] SystemI::createSoundInternal             : done.  OpenState now = FMOD_OPENSTATE_READY.

[LOG] SystemI::createSoundInternal             : filename =  : mode 0a000202
[LOG] SystemI::createSoundInternal             : exinfo->cbsize             = 232
[LOG] SystemI::createSoundInternal             : exinfo->length             = 4556704
[LOG] SystemI::createSoundInternal             : exinfo->fileoffset         = 86400
[LOG] SystemI::createSoundInternal             : exinfo->numsubsounds       = 1
[LOG] SystemI::createSoundInternal             : exinfo->inclusionlist      = 000000007996FB28
[LOG] SystemI::createSoundInternal             : exinfo->inclusionlistnum   = 1
[LOG] SystemI::createSoundInternal             : exinfo->suggestedsoundtype = 5
[LOG] SystemI::createSoundInternal             : exinfo->useropen           = 00007FFCBA638650
[LOG] SystemI::createSoundInternal             : exinfo->userclose          = 00007FFCBA6393C0
[LOG] SystemI::createSoundInternal             : exinfo->userread           = 00007FFCBA638730
[LOG] SystemI::createSoundInternal             : exinfo->userseek           = 00007FFCBA6387E0
[LOG] SystemI::createSoundInternal             : exinfo->fileuserdata       = 00000000847938F8
[LOG] SystemI::createSoundInternal             : exinfo->initialseekpostype = 1
[LOG] SystemI::createSoundInternal             : Format has 1 subsounds.
[LOG] SystemI::createSoundInternal             : Create as FMOD_CREATESAMPLE
[LOG] SystemI::createSoundInternal             : Multi-sample sound (1 subsounds), create a sample container.
[LOG] SystemI::createSoundInternal             : creating subsound 0/1
[LOG] SystemI::createSample                    : mode 0a000202 length 20224 samples, lengthbytes 11072
[LOG] SystemI::createSample                    : channels = 1
[LOG] SystemI::createSample                    : output = 00000000848CCC88
[LOG] OutputSoftware::createSample             : lengthpcm 20224, lengthbytes 11072, channels 1, format 2, freq 40000, mode 0a00020a
[LOG] SystemI::createSoundInternal             : done.  OpenState now = FMOD_OPENSTATE_READY.

[LOG] SystemI::createSoundInternal             : filename =  : mode 0a000202
[LOG] SystemI::createSoundInternal             : exinfo->cbsize             = 232
[LOG] SystemI::createSoundInternal             : exinfo->length             = 4556704
[LOG] SystemI::createSoundInternal             : exinfo->fileoffset         = 86400
[LOG] SystemI::createSoundInternal             : exinfo->numsubsounds       = 1
[LOG] SystemI::createSoundInternal             : exinfo->inclusionlist      = 000000007996FB28
[LOG] SystemI::createSoundInternal             : exinfo->inclusionlistnum   = 1
[LOG] SystemI::createSoundInternal             : exinfo->suggestedsoundtype = 5
[LOG] SystemI::createSoundInternal             : exinfo->useropen           = 00007FFCBA638650
[LOG] SystemI::createSoundInternal             : exinfo->userclose          = 00007FFCBA6393C0
[LOG] SystemI::createSoundInternal             : exinfo->userread           = 00007FFCBA638730
[LOG] SystemI::createSoundInternal             : exinfo->userseek           = 00007FFCBA6387E0
[LOG] SystemI::createSoundInternal             : exinfo->fileuserdata       = 00000000847938F8
[LOG] SystemI::createSoundInternal             : exinfo->initialseekpostype = 1
[LOG] SystemI::createSoundInternal             : Format has 1 subsounds.
[LOG] SystemI::createSoundInternal             : Create as FMOD_CREATESAMPLE
[LOG] SystemI::createSoundInternal             : Multi-sample sound (1 subsounds), create a sample container.
[LOG] SystemI::createSoundInternal             : creating subsound 0/1
[LOG] SystemI::createSample                    : mode 0a000202 length 53248 samples, lengthbytes 29120
[LOG] SystemI::createSample                    : channels = 1
[LOG] SystemI::createSample                    : output = 00000000848CCC88
[LOG] OutputSoftware::createSample             : lengthpcm 53248, lengthbytes 29120, channels 1, format 2, freq 40000, mode 0a00020a
[LOG] SystemI::createSoundInternal             : done.  OpenState now = FMOD_OPENSTATE_READY.

[WRN] EventInstance::update                    : Event {676a5b8d-a40b-4e85-bce1-52b7d07e9fe0} waited 80 milliseconds for sample data to load.  Preload sample data to avoid this delay.
[LOG] SystemI::createSoundInternal             : filename =  : mode 0a000202
[LOG] SystemI::createSoundInternal             : exinfo->cbsize             = 232
[LOG] SystemI::createSoundInternal             : exinfo->length             = 5401504
[LOG] SystemI::createSoundInternal             : exinfo->fileoffset         = 187904
[LOG] SystemI::createSoundInternal             : exinfo->numsubsounds       = 1
[LOG] SystemI::createSoundInternal             : exinfo->inclusionlist      = 000000007996FB28
[LOG] SystemI::createSoundInternal             : exinfo->inclusionlistnum   = 1
[LOG] SystemI::createSoundInternal             : exinfo->suggestedsoundtype = 5
[LOG] SystemI::createSoundInternal             : exinfo->useropen           = 00007FFCBA638650
[LOG] SystemI::createSoundInternal             : exinfo->userclose          = 00007FFCBA6393C0
[LOG] SystemI::createSoundInternal             : exinfo->userread           = 00007FFCBA638730
[LOG] SystemI::createSoundInternal             : exinfo->userseek           = 00007FFCBA6387E0
[LOG] SystemI::createSoundInternal             : exinfo->fileuserdata       = 00000000847958D8
[LOG] SystemI::createSoundInternal             : exinfo->initialseekpostype = 1
[LOG] SystemI::createSoundInternal             : Format has 1 subsounds.
[LOG] SystemI::createSoundInternal             : Create as FMOD_CREATESAMPLE
[LOG] SystemI::createSoundInternal             : Multi-sample sound (1 subsounds), create a sample container.
[LOG] SystemI::createSoundInternal             : creating subsound 0/1
[LOG] SystemI::createSample                    : mode 0a000202 length 6912 samples, lengthbytes 3808
[LOG] SystemI::createSample                    : channels = 1
[LOG] SystemI::createSample                    : output = 00000000848CCC88
[LOG] OutputSoftware::createSample             : lengthpcm 6912, lengthbytes 3808, channels 1, format 2, freq 40000, mode 0a00020a
[LOG] SystemI::createSoundInternal             : done.  OpenState now = FMOD_OPENSTATE_READY.

[LOG] SystemI::createSoundInternal             : filename =  : mode 0a000202
[LOG] SystemI::createSoundInternal             : exinfo->cbsize             = 232
[LOG] SystemI::createSoundInternal             : exinfo->length             = 696480
[LOG] SystemI::createSoundInternal             : exinfo->fileoffset         = 21792
[LOG] SystemI::createSoundInternal             : exinfo->numsubsounds       = 1
[LOG] SystemI::createSoundInternal             : exinfo->inclusionlist      = 000000007996FB28
[LOG] SystemI::createSoundInternal             : exinfo->inclusionlistnum   = 1
[LOG] SystemI::createSoundInternal             : exinfo->suggestedsoundtype = 5
[LOG] SystemI::createSoundInternal             : exinfo->useropen           = 00007FFCBA638650
[LOG] SystemI::createSoundInternal             : exinfo->userclose          = 00007FFCBA6393C0
[LOG] SystemI::createSoundInternal             : exinfo->userread           = 00007FFCBA638730
[LOG] SystemI::createSoundInternal             : exinfo->userseek           = 00007FFCBA6387E0
[LOG] SystemI::createSoundInternal             : exinfo->fileuserdata       = 0000000084794178
[LOG] SystemI::createSoundInternal             : exinfo->initialseekpostype = 1
[LOG] SystemI::createSoundInternal             : Format has 1 subsounds.
[LOG] SystemI::createSoundInternal             : Create as FMOD_CREATESAMPLE
[LOG] SystemI::createSoundInternal             : Multi-sample sound (1 subsounds), create a sample container.
[LOG] SystemI::createSoundInternal             : creating subsound 0/1
[LOG] SystemI::createSample                    : mode 0a000202 length 26624 samples, lengthbytes 14560
[LOG] SystemI::createSample                    : channels = 1
[LOG] SystemI::createSample                    : output = 00000000848CCC88
[LOG] OutputSoftware::createSample             : lengthpcm 26624, lengthbytes 14560, channels 1, format 2, freq 40000, mode 0a00020a
[LOG] SystemI::createSoundInternal             : done.  OpenState now = FMOD_OPENSTATE_READY.

[LOG] SystemI::createSoundInternal             : filename =  : mode 0a000202
[LOG] SystemI::createSoundInternal             : exinfo->cbsize             = 232
[LOG] SystemI::createSoundInternal             : exinfo->length             = 696480
[LOG] SystemI::createSoundInternal             : exinfo->fileoffset         = 21792
[LOG] SystemI::createSoundInternal             : exinfo->numsubsounds       = 1
[LOG] SystemI::createSoundInternal             : exinfo->inclusionlist      = 000000007996FB28
[LOG] SystemI::createSoundInternal             : exinfo->inclusionlistnum   = 1
[LOG] SystemI::createSoundInternal             : exinfo->suggestedsoundtype = 5
[LOG] SystemI::createSoundInternal             : exinfo->useropen           = 00007FFCBA638650
[LOG] SystemI::createSoundInternal             : exinfo->userclose          = 00007FFCBA6393C0
[LOG] SystemI::createSoundInternal             : exinfo->userread           = 00007FFCBA638730
[LOG] SystemI::createSoundInternal             : exinfo->userseek           = 00007FFCBA6387E0
[LOG] SystemI::createSoundInternal             : exinfo->fileuserdata       = 0000000084794178
[LOG] SystemI::createSoundInternal             : exinfo->initialseekpostype = 1
[LOG] SystemI::createSoundInternal             : Format has 1 subsounds.
[LOG] SystemI::createSoundInternal             : Create as FMOD_CREATESAMPLE
[LOG] SystemI::createSoundInternal             : Multi-sample sound (1 subsounds), create a sample container.
[LOG] SystemI::createSoundInternal             : creating subsound 0/1
[LOG] SystemI::createSample                    : mode 0a000202 length 21504 samples, lengthbytes 11776
[LOG] SystemI::createSample                    : channels = 1
[LOG] SystemI::createSample                    : output = 00000000848CCC88
[LOG] OutputSoftware::createSample             : lengthpcm 21504, lengthbytes 11776, channels 1, format 2, freq 40000, mode 0a00020a
[LOG] SystemI::createSoundInternal             : done.  OpenState now = FMOD_OPENSTATE_READY.

[LOG] SystemI::createSoundInternal             : filename =  : mode 0a000202
[LOG] SystemI::createSoundInternal             : exinfo->cbsize             = 232
[LOG] SystemI::createSoundInternal             : exinfo->length             = 696480
[LOG] SystemI::createSoundInternal             : exinfo->fileoffset         = 21792
[LOG] SystemI::createSoundInternal             : exinfo->numsubsounds       = 1
[LOG] SystemI::createSoundInternal             : exinfo->inclusionlist      = 000000007996FB28
[LOG] SystemI::createSoundInternal             : exinfo->inclusionlistnum   = 1
[LOG] SystemI::createSoundInternal             : exinfo->suggestedsoundtype = 5
[LOG] SystemI::createSoundInternal             : exinfo->useropen           = 00007FFCBA638650
[LOG] SystemI::createSoundInternal             : exinfo->userclose          = 00007FFCBA6393C0
[LOG] SystemI::createSoundInternal             : exinfo->userread           = 00007FFCBA638730
[LOG] SystemI::createSoundInternal             : exinfo->userseek           = 00007FFCBA6387E0
[LOG] SystemI::createSoundInternal             : exinfo->fileuserdata       = 0000000084794178
[LOG] SystemI::createSoundInternal             : exinfo->initialseekpostype = 1
[LOG] SystemI::createSoundInternal             : Format has 1 subsounds.
[LOG] SystemI::createSoundInternal             : Create as FMOD_CREATESAMPLE
[LOG] SystemI::createSoundInternal             : Multi-sample sound (1 subsounds), create a sample container.
[LOG] SystemI::createSoundInternal             : creating subsound 0/1
[LOG] SystemI::createSample                    : mode 0a000202 length 84992 samples, lengthbytes 46496
[LOG] SystemI::createSample                    : channels = 1
[LOG] SystemI::createSample                    : output = 00000000848CCC88
[LOG] OutputSoftware::createSample             : lengthpcm 84992, lengthbytes 46496, channels 1, format 2, freq 40000, mode 0a00020a
[LOG] SystemI::createSoundInternal             : done.  OpenState now = FMOD_OPENSTATE_READY.

[WRN] EventInstance::update                    : Event {10c99bee-5c31-4237-8766-13844e0645b0} waited 50 milliseconds for sample data to load.  Preload sample data to avoid this delay.
[LOG] SoundI::release                          : (null) (0000000096B1B588)
[LOG] SoundI::release                          : release subsounds. (0000000096B1B588)
[LOG] SoundI::release                          :     (null) (00000000847F9D58)
[LOG] SoundI::release                          : release codec. (0000000096B1B588)
[LOG] SystemI::createSoundInternal             : filename =  : mode 0a000202
[LOG] SystemI::createSoundInternal             : exinfo->cbsize             = 232
[LOG] SystemI::createSoundInternal             : exinfo->length             = 1182592
[LOG] SystemI::createSoundInternal             : exinfo->fileoffset         = 12544
[LOG] SystemI::createSoundInternal             : exinfo->numsubsounds       = 1
[LOG] SystemI::createSoundInternal             : exinfo->inclusionlist      = 000000007996FB28
[LOG] SystemI::createSoundInternal             : exinfo->inclusionlistnum   = 1
[LOG] SystemI::createSoundInternal             : exinfo->suggestedsoundtype = 5
[LOG] SystemI::createSoundInternal             : exinfo->useropen           = 00007FFCBA638650
[LOG] SystemI::createSoundInternal             : exinfo->userclose          = 00007FFCBA6393C0
[LOG] SystemI::createSoundInternal             : exinfo->userread           = 00007FFCBA638730
[LOG] SystemI::createSoundInternal             : exinfo->userseek           = 00007FFCBA6387E0
[LOG] SystemI::createSoundInternal             : exinfo->fileuserdata       = 0000000084855E28
[LOG] SystemI::createSoundInternal             : exinfo->initialseekpostype = 1
[LOG] SystemI::createSoundInternal             : Format has 1 subsounds.
[LOG] SystemI::createSoundInternal             : Create as FMOD_CREATESAMPLE
[LOG] SystemI::createSoundInternal             : Multi-sample sound (1 subsounds), create a sample container.
[LOG] SystemI::createSoundInternal             : creating subsound 0/1
[LOG] SystemI::createSample                    : mode 0a000202 length 10240 samples, lengthbytes 5600
[LOG] SystemI::createSample                    : channels = 1
[LOG] SystemI::createSample                    : output = 00000000848CCC88
[LOG] OutputSoftware::createSample             : lengthpcm 10240, lengthbytes 5600, channels 1, format 2, freq 40000, mode 0a00020a
[LOG] SystemI::createSoundInternal             : done.  OpenState now = FMOD_OPENSTATE_READY.

[LOG] SystemI::createSoundInternal             : filename =  : mode 0a000202
[LOG] SystemI::createSoundInternal             : exinfo->cbsize             = 232
[LOG] SystemI::createSoundInternal             : exinfo->length             = 1182592
[LOG] SystemI::createSoundInternal             : exinfo->fileoffset         = 12544
[LOG] SystemI::createSoundInternal             : exinfo->numsubsounds       = 1
[LOG] SystemI::createSoundInternal             : exinfo->inclusionlist      = 000000007996FB28
[LOG] SystemI::createSoundInternal             : exinfo->inclusionlistnum   = 1
[LOG] SystemI::createSoundInternal             : exinfo->suggestedsoundtype = 5
[LOG] SystemI::createSoundInternal             : exinfo->useropen           = 00007FFCBA638650
[LOG] SystemI::createSoundInternal             : exinfo->userclose          = 00007FFCBA6393C0
[LOG] SystemI::createSoundInternal             : exinfo->userread           = 00007FFCBA638730
[LOG] SystemI::createSoundInternal             : exinfo->userseek           = 00007FFCBA6387E0
[LOG] SystemI::createSoundInternal             : exinfo->fileuserdata       = 0000000084855E28
[LOG] SystemI::createSoundInternal             : exinfo->initialseekpostype = 1
[LOG] SystemI::createSoundInternal             : Format has 1 subsounds.
[LOG] SystemI::createSoundInternal             : Create as FMOD_CREATESAMPLE
[LOG] SystemI::createSoundInternal             : Multi-sample sound (1 subsounds), create a sample container.
[LOG] SystemI::createSoundInternal             : creating subsound 0/1
[LOG] SystemI::createSample                    : mode 0a000202 length 20992 samples, lengthbytes 11488
[LOG] SystemI::createSample                    : channels = 1
[LOG] SystemI::createSample                    : output = 00000000848CCC88
[LOG] OutputSoftware::createSample             : lengthpcm 20992, lengthbytes 11488, channels 1, format 2, freq 40000, mode 0a00020a
[LOG] SystemI::createSoundInternal             : done.  OpenState now = FMOD_OPENSTATE_READY.

[LOG] SystemI::createSoundInternal             : filename =  : mode 0a000202
[LOG] SystemI::createSoundInternal             : exinfo->cbsize             = 232
[LOG] SystemI::createSoundInternal             : exinfo->length             = 1182592
[LOG] SystemI::createSoundInternal             : exinfo->fileoffset         = 12544
[LOG] SystemI::createSoundInternal             : exinfo->numsubsounds       = 1
[LOG] SystemI::createSoundInternal             : exinfo->inclusionlist      = 000000007996FB28
[LOG] SystemI::createSoundInternal             : exinfo->inclusionlistnum   = 1
[LOG] SystemI::createSoundInternal             : exinfo->suggestedsoundtype = 5
[LOG] SystemI::createSoundInternal             : exinfo->useropen           = 00007FFCBA638650
[LOG] SystemI::createSoundInternal             : exinfo->userclose          = 00007FFCBA6393C0
[LOG] SystemI::createSoundInternal             : exinfo->userread           = 00007FFCBA638730
[LOG] SystemI::createSoundInternal             : exinfo->userseek           = 00007FFCBA6387E0
[LOG] SystemI::createSoundInternal             : exinfo->fileuserdata       = 0000000084855E28
[LOG] SystemI::createSoundInternal             : exinfo->initialseekpostype = 1
[LOG] SystemI::createSoundInternal             : Format has 1 subsounds.
[LOG] SystemI::createSoundInternal             : Create as FMOD_CREATESAMPLE
[LOG] SystemI::createSoundInternal             : Multi-sample sound (1 subsounds), create a sample container.
[LOG] SystemI::createSoundInternal             : creating subsound 0/1
[LOG] SystemI::createSample                    : mode 0a000202 length 31744 samples, lengthbytes 17376
[LOG] SystemI::createSample                    : channels = 1
[LOG] SystemI::createSample                    : output = 00000000848CCC88
[LOG] OutputSoftware::createSample             : lengthpcm 31744, lengthbytes 17376, channels 1, format 2, freq 40000, mode 0a00020a
[LOG] SystemI::createSoundInternal             : done.  OpenState now = FMOD_OPENSTATE_READY.

[LOG] SystemI::createSoundInternal             : filename =  : mode 0a000202
[LOG] SystemI::createSoundInternal             : exinfo->cbsize             = 232
[LOG] SystemI::createSoundInternal             : exinfo->length             = 1182592
[LOG] SystemI::createSoundInternal             : exinfo->fileoffset         = 12544
[LOG] SystemI::createSoundInternal             : exinfo->numsubsounds       = 1
[LOG] SystemI::createSoundInternal             : exinfo->inclusionlist      = 000000007996FB28
[LOG] SystemI::createSoundInternal             : exinfo->inclusionlistnum   = 1
[LOG] SystemI::createSoundInternal             : exinfo->suggestedsoundtype = 5
[LOG] SystemI::createSoundInternal             : exinfo->useropen           = 00007FFCBA638650
[LOG] SystemI::createSoundInternal             : exinfo->userclose          = 00007FFCBA6393C0
[LOG] SystemI::createSoundInternal             : exinfo->userread           = 00007FFCBA638730
[LOG] SystemI::createSoundInternal             : exinfo->userseek           = 00007FFCBA6387E0
[LOG] SystemI::createSoundInternal             : exinfo->fileuserdata       = 0000000084855E28
[LOG] SystemI::createSoundInternal             : exinfo->initialseekpostype = 1
[LOG] SystemI::createSoundInternal             : Format has 1 subsounds.
[LOG] SystemI::createSoundInternal             : Create as FMOD_CREATESAMPLE
[LOG] SystemI::createSoundInternal             : Multi-sample sound (1 subsounds), create a sample container.
[LOG] SystemI::createSoundInternal             : creating subsound 0/1
[LOG] SystemI::createSample                    : mode 0a000202 length 13312 samples, lengthbytes 7296
[LOG] SystemI::createSample                    : channels = 1
[LOG] SystemI::createSample                    : output = 00000000848CCC88
[LOG] OutputSoftware::createSample             : lengthpcm 13312, lengthbytes 7296, channels 1, format 2, freq 40000, mode 0a00020a
[LOG] SystemI::createSoundInternal             : done.  OpenState now = FMOD_OPENSTATE_READY.

[LOG] SystemI::createSoundInternal             : filename =  : mode 0a000202
[LOG] SystemI::createSoundInternal             : exinfo->cbsize             = 232
[LOG] SystemI::createSoundInternal             : exinfo->length             = 1182592
[LOG] SystemI::createSoundInternal             : exinfo->fileoffset         = 12544
[LOG] SystemI::createSoundInternal             : exinfo->numsubsounds       = 1
[LOG] SystemI::createSoundInternal             : exinfo->inclusionlist      = 000000007996FB28
[LOG] SystemI::createSoundInternal             : exinfo->inclusionlistnum   = 1
[LOG] SystemI::createSoundInternal             : exinfo->suggestedsoundtype = 5
[LOG] SystemI::createSoundInternal             : exinfo->useropen           = 00007FFCBA638650
[LOG] SystemI::createSoundInternal             : exinfo->userclose          = 00007FFCBA6393C0
[LOG] SystemI::createSoundInternal             : exinfo->userread           = 00007FFCBA638730
[LOG] SystemI::createSoundInternal             : exinfo->userseek           = 00007FFCBA6387E0
[LOG] SystemI::createSoundInternal             : exinfo->fileuserdata       = 0000000084855E28
[LOG] SystemI::createSoundInternal             : exinfo->initialseekpostype = 1
[LOG] SystemI::createSoundInternal             : Format has 1 subsounds.
[LOG] SystemI::createSoundInternal             : Create as FMOD_CREATESAMPLE
[LOG] SystemI::createSoundInternal             : Multi-sample sound (1 subsounds), create a sample container.
[LOG] SystemI::createSoundInternal             : creating subsound 0/1
[LOG] SystemI::createSample                    : mode 0a000202 length 29440 samples, lengthbytes 16128
[LOG] SystemI::createSample                    : channels = 1
[LOG] SystemI::createSample                    : output = 00000000848CCC88
[LOG] OutputSoftware::createSample             : lengthpcm 29440, lengthbytes 16128, channels 1, format 2, freq 40000, mode 0a00020a
[LOG] SystemI::createSoundInternal             : done.  OpenState now = FMOD_OPENSTATE_READY.

[LOG] SystemI::createSoundInternal             : filename =  : mode 0a000202
[LOG] SystemI::createSoundInternal             : exinfo->cbsize             = 232
[LOG] SystemI::createSoundInternal             : exinfo->length             = 1182592
[LOG] SystemI::createSoundInternal             : exinfo->fileoffset         = 12544
[LOG] SystemI::createSoundInternal             : exinfo->numsubsounds       = 1
[LOG] SystemI::createSoundInternal             : exinfo->inclusionlist      = 000000007996FB28
[LOG] SystemI::createSoundInternal             : exinfo->inclusionlistnum   = 1
[LOG] SystemI::createSoundInternal             : exinfo->suggestedsoundtype = 5
[LOG] SystemI::createSoundInternal             : exinfo->useropen           = 00007FFCBA638650
[LOG] SystemI::createSoundInternal             : exinfo->userclose          = 00007FFCBA6393C0
[LOG] SystemI::createSoundInternal             : exinfo->userread           = 00007FFCBA638730
[LOG] SystemI::createSoundInternal             : exinfo->userseek           = 00007FFCBA6387E0
[LOG] SystemI::createSoundInternal             : exinfo->fileuserdata       = 0000000084855E28
[LOG] SystemI::createSoundInternal             : exinfo->initialseekpostype = 1
[LOG] SystemI::createSoundInternal             : Format has 1 subsounds.
[LOG] SystemI::createSoundInternal             : Create as FMOD_CREATESAMPLE
[LOG] SystemI::createSoundInternal             : Multi-sample sound (1 subsounds), create a sample container.
[LOG] SystemI::createSoundInternal             : creating subsound 0/1
[LOG] SystemI::createSample                    : mode 0a000202 length 172032 samples, lengthbytes 94080
[LOG] SystemI::createSample                    : channels = 1
[LOG] SystemI::createSample                    : output = 00000000848CCC88
[LOG] OutputSoftware::createSample             : lengthpcm 172032, lengthbytes 94080, channels 1, format 2, freq 40000, mode 0a00020a
[LOG] SystemI::createSoundInternal             : done.  OpenState now = FMOD_OPENSTATE_READY.

[LOG] SystemI::createSoundInternal             : filename =  : mode 0a000202
[LOG] SystemI::createSoundInternal             : exinfo->cbsize             = 232
[LOG] SystemI::createSoundInternal             : exinfo->length             = 1182592
[LOG] SystemI::createSoundInternal             : exinfo->fileoffset         = 12544
[LOG] SystemI::createSoundInternal             : exinfo->numsubsounds       = 1
[LOG] SystemI::createSoundInternal             : exinfo->inclusionlist      = 000000007996FB28
[LOG] SystemI::createSoundInternal             : exinfo->inclusionlistnum   = 1
[LOG] SystemI::createSoundInternal             : exinfo->suggestedsoundtype = 5
[LOG] SystemI::createSoundInternal             : exinfo->useropen           = 00007FFCBA638650
[LOG] SystemI::createSoundInternal             : exinfo->userclose          = 00007FFCBA6393C0
[LOG] SystemI::createSoundInternal             : exinfo->userread           = 00007FFCBA638730
[LOG] SystemI::createSoundInternal             : exinfo->userseek           = 00007FFCBA6387E0
[LOG] SystemI::createSoundInternal             : exinfo->fileuserdata       = 0000000084855E28
[LOG] SystemI::createSoundInternal             : exinfo->initialseekpostype = 1
[LOG] SystemI::createSoundInternal             : Format has 1 subsounds.
[LOG] SystemI::createSoundInternal             : Create as FMOD_CREATESAMPLE
[LOG] SystemI::createSoundInternal             : Multi-sample sound (1 subsounds), create a sample container.
[LOG] SystemI::createSoundInternal             : creating subsound 0/1
[LOG] SystemI::createSample                    : mode 0a000202 length 23040 samples, lengthbytes 12608
[LOG] SystemI::createSample                    : channels = 1
[LOG] SystemI::createSample                    : output = 00000000848CCC88
[LOG] OutputSoftware::createSample             : lengthpcm 23040, lengthbytes 12608, channels 1, format 2, freq 40000, mode 0a00020a
[LOG] SystemI::createSoundInternal             : done.  OpenState now = FMOD_OPENSTATE_READY.

[LOG] SystemI::createSoundInternal             : filename =  : mode 0a000202
[LOG] SystemI::createSoundInternal             : exinfo->cbsize             = 232
[LOG] SystemI::createSoundInternal             : exinfo->length             = 1182592
[LOG] SystemI::createSoundInternal             : exinfo->fileoffset         = 12544
[LOG] SystemI::createSoundInternal             : exinfo->numsubsounds       = 1
[LOG] SystemI::createSoundInternal             : exinfo->inclusionlist      = 000000007996FB28
[LOG] SystemI::createSoundInternal             : exinfo->inclusionlistnum   = 1
[LOG] SystemI::createSoundInternal             : exinfo->suggestedsoundtype = 5
[LOG] SystemI::createSoundInternal             : exinfo->useropen           = 00007FFCBA638650
[LOG] SystemI::createSoundInternal             : exinfo->userclose          = 00007FFCBA6393C0
[LOG] SystemI::createSoundInternal             : exinfo->userread           = 00007FFCBA638730
[LOG] SystemI::createSoundInternal             : exinfo->userseek           = 00007FFCBA6387E0
[LOG] SystemI::createSoundInternal             : exinfo->fileuserdata       = 0000000084855E28
[LOG] SystemI::createSoundInternal             : exinfo->initialseekpostype = 1
[LOG] SystemI::createSoundInternal             : Format has 1 subsounds.
[LOG] SystemI::createSoundInternal             : Create as FMOD_CREATESAMPLE
[LOG] SystemI::createSoundInternal             : Multi-sample sound (1 subsounds), create a sample container.
[LOG] SystemI::createSoundInternal             : creating subsound 0/1
[LOG] SystemI::createSample                    : mode 0a000202 length 12032 samples, lengthbytes 6592
[LOG] SystemI::createSample                    : channels = 1
[LOG] SystemI::createSample                    : output = 00000000848CCC88
[LOG] OutputSoftware::createSample             : lengthpcm 12032, lengthbytes 6592, channels 1, format 2, freq 40000, mode 0a00020a
[LOG] SystemI::createSoundInternal             : done.  OpenState now = FMOD_OPENSTATE_READY.

[LOG] SystemI::createSoundInternal             : filename =  : mode 0a000202
[LOG] SystemI::createSoundInternal             : exinfo->cbsize             = 232
[LOG] SystemI::createSoundInternal             : exinfo->length             = 1182592
[LOG] SystemI::createSoundInternal             : exinfo->fileoffset         = 12544
[LOG] SystemI::createSoundInternal             : exinfo->numsubsounds       = 1
[LOG] SystemI::createSoundInternal             : exinfo->inclusionlist      = 000000007996FB28
[LOG] SystemI::createSoundInternal             : exinfo->inclusionlistnum   = 1
[LOG] SystemI::createSoundInternal             : exinfo->suggestedsoundtype = 5
[LOG] SystemI::createSoundInternal             : exinfo->useropen           = 00007FFCBA638650
[LOG] SystemI::createSoundInternal             : exinfo->userclose          = 00007FFCBA6393C0
[LOG] SystemI::createSoundInternal             : exinfo->userread           = 00007FFCBA638730
[LOG] SystemI::createSoundInternal             : exinfo->userseek           = 00007FFCBA6387E0
[LOG] SystemI::createSoundInternal             : exinfo->fileuserdata       = 0000000084855E28
[LOG] SystemI::createSoundInternal             : exinfo->initialseekpostype = 1
[LOG] SystemI::createSoundInternal             : Format has 1 subsounds.
[LOG] SystemI::createSoundInternal             : Create as FMOD_CREATESAMPLE
[LOG] SystemI::createSoundInternal             : Multi-sample sound (1 subsounds), create a sample container.
[LOG] SystemI::createSoundInternal             : creating subsound 0/1
[LOG] SystemI::createSample                    : mode 0a000202 length 221440 samples, lengthbytes 121120
[LOG] SystemI::createSample                    : channels = 1
[LOG] SystemI::createSample                    : output = 00000000848CCC88
[LOG] OutputSoftware::createSample             : lengthpcm 221440, lengthbytes 121120, channels 1, format 2, freq 40000, mode 0a00020a
[LOG] SystemI::createSoundInternal             : done.  OpenState now = FMOD_OPENSTATE_READY.

[LOG] SystemI::createSoundInternal             : filename =  : mode 0a000202
[LOG] SystemI::createSoundInternal             : exinfo->cbsize             = 232
[LOG] SystemI::createSoundInternal             : exinfo->length             = 1182592
[LOG] SystemI::createSoundInternal             : exinfo->fileoffset         = 12544
[LOG] SystemI::createSoundInternal             : exinfo->numsubsounds       = 1
[LOG] SystemI::createSoundInternal             : exinfo->inclusionlist      = 000000007996FB28
[LOG] SystemI::createSoundInternal             : exinfo->inclusionlistnum   = 1
[LOG] SystemI::createSoundInternal             : exinfo->suggestedsoundtype = 5
[LOG] SystemI::createSoundInternal             : exinfo->useropen           = 00007FFCBA638650
[LOG] SystemI::createSoundInternal             : exinfo->userclose          = 00007FFCBA6393C0
[LOG] SystemI::createSoundInternal             : exinfo->userread           = 00007FFCBA638730
[LOG] SystemI::createSoundInternal             : exinfo->userseek           = 00007FFCBA6387E0
[LOG] SystemI::createSoundInternal             : exinfo->fileuserdata       = 0000000084855E28
[LOG] SystemI::createSoundInternal             : exinfo->initialseekpostype = 1
[LOG] SystemI::createSoundInternal             : Format has 1 subsounds.
[LOG] SystemI::createSoundInternal             : Create as FMOD_CREATESAMPLE
[LOG] SystemI::createSoundInternal             : Multi-sample sound (1 subsounds), create a sample container.
[LOG] SystemI::createSoundInternal             : creating subsound 0/1
[LOG] SystemI::createSample                    : mode 0a000202 length 23808 samples, lengthbytes 13024
[LOG] SystemI::createSample                    : channels = 1
[LOG] SystemI::createSample                    : output = 00000000848CCC88
[LOG] OutputSoftware::createSample             : lengthpcm 23808, lengthbytes 13024, channels 1, format 2, freq 40000, mode 0a00020a
[LOG] SystemI::createSoundInternal             : done.  OpenState now = FMOD_OPENSTATE_READY.

[LOG] SystemI::createSoundInternal             : filename =  : mode 0a000202
[LOG] SystemI::createSoundInternal             : exinfo->cbsize             = 232
[LOG] SystemI::createSoundInternal             : exinfo->length             = 1182592
[LOG] SystemI::createSoundInternal             : exinfo->fileoffset         = 12544
[LOG] SystemI::createSoundInternal             : exinfo->numsubsounds       = 1
[LOG] SystemI::createSoundInternal             : exinfo->inclusionlist      = 000000007996FB28
[LOG] SystemI::createSoundInternal             : exinfo->inclusionlistnum   = 1
[LOG] SystemI::createSoundInternal             : exinfo->suggestedsoundtype = 5
[LOG] SystemI::createSoundInternal             : exinfo->useropen           = 00007FFCBA638650
[LOG] SystemI::createSoundInternal             : exinfo->userclose          = 00007FFCBA6393C0
[LOG] SystemI::createSoundInternal             : exinfo->userread           = 00007FFCBA638730
[LOG] SystemI::createSoundInternal             : exinfo->userseek           = 00007FFCBA6387E0
[LOG] SystemI::createSoundInternal             : exinfo->fileuserdata       = 0000000084855E28
[LOG] SystemI::createSoundInternal             : exinfo->initialseekpostype = 1
[LOG] SystemI::createSoundInternal             : Format has 1 subsounds.
[LOG] SystemI::createSoundInternal             : Create as FMOD_CREATESAMPLE
[LOG] SystemI::createSoundInternal             : Multi-sample sound (1 subsounds), create a sample container.
[LOG] SystemI::createSoundInternal             : creating subsound 0/1
[LOG] SystemI::createSample                    : mode 0a000202 length 24064 samples, lengthbytes 13184
[LOG] SystemI::createSample                    : channels = 1
[LOG] SystemI::createSample                    : output = 00000000848CCC88
[LOG] OutputSoftware::createSample             : lengthpcm 24064, lengthbytes 13184, channels 1, format 2, freq 40000, mode 0a00020a
[LOG] SystemI::createSoundInternal             : done.  OpenState now = FMOD_OPENSTATE_READY.

[LOG] SystemI::createSoundInternal             : filename =  : mode 0a000202
[LOG] SystemI::createSoundInternal             : exinfo->cbsize             = 232
[LOG] SystemI::createSoundInternal             : exinfo->length             = 1182592
[LOG] SystemI::createSoundInternal             : exinfo->fileoffset         = 12544
[LOG] SystemI::createSoundInternal             : exinfo->numsubsounds       = 1
[LOG] SystemI::createSoundInternal             : exinfo->inclusionlist      = 000000007996FB28
[LOG] SystemI::createSoundInternal             : exinfo->inclusionlistnum   = 1
[LOG] SystemI::createSoundInternal             : exinfo->suggestedsoundtype = 5
[LOG] SystemI::createSoundInternal             : exinfo->useropen           = 00007FFCBA638650
[LOG] SystemI::createSoundInternal             : exinfo->userclose          = 00007FFCBA6393C0
[LOG] SystemI::createSoundInternal             : exinfo->userread           = 00007FFCBA638730
[LOG] SystemI::createSoundInternal             : exinfo->userseek           = 00007FFCBA6387E0
[LOG] SystemI::createSoundInternal             : exinfo->fileuserdata       = 0000000084855E28
[LOG] SystemI::createSoundInternal             : exinfo->initialseekpostype = 1
[LOG] SystemI::createSoundInternal             : Format has 1 subsounds.
[LOG] SystemI::createSoundInternal             : Create as FMOD_CREATESAMPLE
[LOG] SystemI::createSoundInternal             : Multi-sample sound (1 subsounds), create a sample container.
[LOG] SystemI::createSoundInternal             : creating subsound 0/1
[LOG] SystemI::createSample                    : mode 0a000202 length 69376 samples, lengthbytes 37952
[LOG] SystemI::createSample                    : channels = 1
[LOG] SystemI::createSample                    : output = 00000000848CCC88
[LOG] OutputSoftware::createSample             : lengthpcm 69376, lengthbytes 37952, channels 1, format 2, freq 40000, mode 0a00020a
[LOG] SystemI::createSoundInternal             : done.  OpenState now = FMOD_OPENSTATE_READY.

[LOG] SystemI::createSoundInternal             : filename =  : mode 0a000202
[LOG] SystemI::createSoundInternal             : exinfo->cbsize             = 232
[LOG] SystemI::createSoundInternal             : exinfo->length             = 1182592
[LOG] SystemI::createSoundInternal             : exinfo->fileoffset         = 12544
[LOG] SystemI::createSoundInternal             : exinfo->numsubsounds       = 1
[LOG] SystemI::createSoundInternal             : exinfo->inclusionlist      = 000000007996FB28
[LOG] SystemI::createSoundInternal             : exinfo->inclusionlistnum   = 1
[LOG] SystemI::createSoundInternal             : exinfo->suggestedsoundtype = 5
[LOG] SystemI::createSoundInternal             : exinfo->useropen           = 00007FFCBA638650
[LOG] SystemI::createSoundInternal             : exinfo->userclose          = 00007FFCBA6393C0
[LOG] SystemI::createSoundInternal             : exinfo->userread           = 00007FFCBA638730
[LOG] SystemI::createSoundInternal             : exinfo->userseek           = 00007FFCBA6387E0
[LOG] SystemI::createSoundInternal             : exinfo->fileuserdata       = 0000000084855E28
[LOG] SystemI::createSoundInternal             : exinfo->initialseekpostype = 1
[LOG] SystemI::createSoundInternal             : Format has 1 subsounds.
[LOG] SystemI::createSoundInternal             : Create as FMOD_CREATESAMPLE
[LOG] SystemI::createSoundInternal             : Multi-sample sound (1 subsounds), create a sample container.
[LOG] SystemI::createSoundInternal             : creating subsound 0/1
[LOG] SystemI::createSample                    : mode 0a000202 length 48128 samples, lengthbytes 26336
[LOG] SystemI::createSample                    : channels = 1
[LOG] SystemI::createSample                    : output = 00000000848CCC88
[LOG] OutputSoftware::createSample             : lengthpcm 48128, lengthbytes 26336, channels 1, format 2, freq 40000, mode 0a00020a
[LOG] SystemI::createSoundInternal             : done.  OpenState now = FMOD_OPENSTATE_READY.

[LOG] SystemI::createSoundInternal             : filename =  : mode 0a000202
[LOG] SystemI::createSoundInternal             : exinfo->cbsize             = 232
[LOG] SystemI::createSoundInternal             : exinfo->length             = 1182592
[LOG] SystemI::createSoundInternal             : exinfo->fileoffset         = 12544
[LOG] SystemI::createSoundInternal             : exinfo->numsubsounds       = 1
[LOG] SystemI::createSoundInternal             : exinfo->inclusionlist      = 000000007996FB28
[LOG] SystemI::createSoundInternal             : exinfo->inclusionlistnum   = 1
[LOG] SystemI::createSoundInternal             : exinfo->suggestedsoundtype = 5
[LOG] SystemI::createSoundInternal             : exinfo->useropen           = 00007FFCBA638650
[LOG] SystemI::createSoundInternal             : exinfo->userclose          = 00007FFCBA6393C0
[LOG] SystemI::createSoundInternal             : exinfo->userread           = 00007FFCBA638730
[LOG] SystemI::createSoundInternal             : exinfo->userseek           = 00007FFCBA6387E0
[LOG] SystemI::createSoundInternal             : exinfo->fileuserdata       = 0000000084855E28
[LOG] SystemI::createSoundInternal             : exinfo->initialseekpostype = 1
[LOG] SystemI::createSoundInternal             : Format has 1 subsounds.
[LOG] SystemI::createSoundInternal             : Create as FMOD_CREATESAMPLE
[LOG] SystemI::createSoundInternal             : Multi-sample sound (1 subsounds), create a sample container.
[LOG] SystemI::createSoundInternal             : creating subsound 0/1
[LOG] SystemI::createSample                    : mode 0a000202 length 22528 samples, lengthbytes 12320
[LOG] SystemI::createSample                    : channels = 1
[LOG] SystemI::createSample                    : output = 00000000848CCC88
[LOG] OutputSoftware::createSample             : lengthpcm 22528, lengthbytes 12320, channels 1, format 2, freq 40000, mode 0a00020a
[LOG] SystemI::createSoundInternal             : done.  OpenState now = FMOD_OPENSTATE_READY.

[LOG] SystemI::createSoundInternal             : filename =  : mode 0a000202
[LOG] SystemI::createSoundInternal             : exinfo->cbsize             = 232
[LOG] SystemI::createSoundInternal             : exinfo->length             = 1182592
[LOG] SystemI::createSoundInternal             : exinfo->fileoffset         = 12544
[LOG] SystemI::createSoundInternal             : exinfo->numsubsounds       = 1
[LOG] SystemI::createSoundInternal             : exinfo->inclusionlist      = 000000007996FB28
[LOG] SystemI::createSoundInternal             : exinfo->inclusionlistnum   = 1
[LOG] SystemI::createSoundInternal             : exinfo->suggestedsoundtype = 5
[LOG] SystemI::createSoundInternal             : exinfo->useropen           = 00007FFCBA638650
[LOG] SystemI::createSoundInternal             : exinfo->userclose          = 00007FFCBA6393C0
[LOG] SystemI::createSoundInternal             : exinfo->userread           = 00007FFCBA638730
[LOG] SystemI::createSoundInternal             : exinfo->userseek           = 00007FFCBA6387E0
[LOG] SystemI::createSoundInternal             : exinfo->fileuserdata       = 0000000084855E28
[LOG] SystemI::createSoundInternal             : exinfo->initialseekpostype = 1
[LOG] SystemI::createSoundInternal             : Format has 1 subsounds.
[LOG] SystemI::createSoundInternal             : Create as FMOD_CREATESAMPLE
[LOG] SystemI::createSoundInternal             : Multi-sample sound (1 subsounds), create a sample container.
[LOG] SystemI::createSoundInternal             : creating subsound 0/1
[LOG] SystemI::createSample                    : mode 0a000202 length 17920 samples, lengthbytes 9824
[LOG] SystemI::createSample                    : channels = 1
[LOG] SystemI::createSample                    : output = 00000000848CCC88
[LOG] OutputSoftware::createSample             : lengthpcm 17920, lengthbytes 9824, channels 1, format 2, freq 40000, mode 0a00020a
[LOG] SystemI::createSoundInternal             : done.  OpenState now = FMOD_OPENSTATE_READY.

[LOG] SoundI::release                          : (null) (0000000096B20048)
[LOG] SoundI::release                          : release subsounds. (0000000096B20048)
[LOG] SoundI::release                          :     (null) (00000000A1CB3598)
[LOG] SoundI::release                          : release codec. (0000000096B20048)
[LOG] SoundI::release                          : (null) (0000000096B22B68)
[LOG] SoundI::release                          : release subsounds. (0000000096B22B68)
[LOG] SoundI::release                          :     (null) (0000000096619588)
[LOG] SoundI::release                          : release codec. (0000000096B22B68)
[LOG] SoundI::release                          : (null) (0000000096B21D08)
[LOG] SoundI::release                          : release subsounds. (0000000096B21D08)
[LOG] SoundI::release                          :     (null) (0000000096619718)
[LOG] SoundI::release                          : release codec. (0000000096B21D08)
[LOG] SoundI::release                          : (null) (0000000096B23128)
[LOG] SoundI::release                          : release subsounds. (0000000096B23128)
[LOG] SoundI::release                          :     (null) (0000000096618C28)
[LOG] SoundI::release                          : release codec. (0000000096B23128)
[LOG] SoundI::release                          : (null) (0000000096B240F8)
[LOG] SoundI::release                          : release subsounds. (0000000096B240F8)
[LOG] SoundI::release                          :     (null) (00000000A1D3F798)
[LOG] SoundI::release                          : release codec. (0000000096B240F8)
[LOG] SoundI::release                          : (null) (0000000096B23858)
[LOG] SoundI::release                          : release subsounds. (0000000096B23858)
[LOG] SoundI::release                          :     (null) (00000000A1D3F2E8)
[LOG] SoundI::release                          : release codec. (0000000096B23858)
[LOG] SoundI::release                          : (null) (0000000096B25688)
[LOG] SoundI::release                          : release subsounds. (0000000096B25688)
[LOG] SoundI::release                          :     (null) (00000000A1D40418)
[LOG] SoundI::release                          : release codec. (0000000096B25688)
[LOG] SoundI::release                          : (null) (0000000096B22888)
[LOG] SoundI::release                          : release subsounds. (0000000096B22888)
[LOG] SoundI::release                          :     (null) (0000000096618A98)
[LOG] SoundI::release                          : release codec. (0000000096B22888)
[LOG] SoundI::release                          : (null) (0000000096B229F8)
[LOG] SoundI::release                          : release subsounds. (0000000096B229F8)
[LOG] SoundI::release                          :     (null) (0000000096618F48)
[LOG] SoundI::release                          : release codec. (0000000096B229F8)
[LOG] SoundI::release                          : (null) (0000000096B21FE8)
[LOG] SoundI::release                          : release subsounds. (0000000096B21FE8)
[LOG] SoundI::release                          :     (null) (00000000A1D3EFC8)
[LOG] SoundI::release                          : release codec. (0000000096B21FE8)
[LOG] SoundI::release                          : (null) (0000000096B24268)
[LOG] SoundI::release                          : release subsounds. (0000000096B24268)
[LOG] SoundI::release                          :     (null) (0000000096619BC8)
[LOG] SoundI::release                          : release codec. (0000000096B24268)
[LOG] SoundI::release                          : (null) (0000000096B257F8)
[LOG] SoundI::release                          : release subsounds. (0000000096B257F8)
[LOG] SoundI::release                          :     (null) (0000000096618908)
[LOG] SoundI::release                          : release codec. (0000000096B257F8)
[LOG] SoundI::release                          : (null) (0000000096B24DE8)
[LOG] SoundI::release                          : release subsounds. (0000000096B24DE8)
[LOG] SoundI::release                          :     (null) (00000000A1D3F478)
[LOG] SoundI::release                          : release codec. (0000000096B24DE8)
[LOG] SoundI::release                          : (null) (0000000096B23B38)
[LOG] SoundI::release                          : release subsounds. (0000000096B23B38)
[LOG] SoundI::release                          :     (null) (00000000A1D3FF68)
[LOG] SoundI::release                          : release codec. (0000000096B23B38)
[LOG] SoundI::release                          : (null) (0000000096B17368)
[LOG] SoundI::release                          : release subsounds. (0000000096B17368)
[LOG] SoundI::release                          :     (null) (00000000847FA9D8)
[LOG] SoundI::release                          : release codec. (0000000096B17368)
[LOG] SoundI::release                          : (null) (0000000096B1B9D8)
[LOG] SoundI::release                          : release subsounds. (0000000096B1B9D8)
[LOG] SoundI::release                          :     (null) (00000000847FA848)
[LOG] SoundI::release                          : release codec. (0000000096B1B9D8)
[LOG] SoundI::release                          : (null) (0000000096B1BCB8)
[LOG] SoundI::release                          : release subsounds. (0000000096B1BCB8)
[LOG] SoundI::release                          :     (null) (00000000847F98A8)
[LOG] SoundI::release                          : release codec. (0000000096B1BCB8)
[LOG] SoundI::release                          : (null) (0000000096B1EC28)
[LOG] SoundI::release                          : release subsounds. (0000000096B1EC28)
[LOG] SoundI::release                          :     (null) (00000000847FA208)
[LOG] SoundI::release                          : release codec. (0000000096B1EC28)
[LOG] SoundI::release                          : (null) (0000000096B1B588)
[LOG] SoundI::release                          : release subsounds. (0000000096B1B588)
[LOG] SoundI::release                          :     (null) (00000000847FA078)
[LOG] SoundI::release                          : release codec. (0000000096B1B588)
[LOG] SoundI::release                          : (null) (0000000096B174D8)
[LOG] SoundI::release                          : release subsounds. (0000000096B174D8)
[LOG] SoundI::release                          :     (null) (00000000847F9718)
[LOG] SoundI::release                          : release codec. (0000000096B174D8)
[LOG] SoundI::release                          : (null) (0000000096B1FED8)
[LOG] SoundI::release                          : release subsounds. (0000000096B1FED8)
[LOG] SoundI::release                          :     (null) (00000000A1CB3278)
[LOG] SoundI::release                          : release codec. (0000000096B1FED8)
[LOG] SoundI::release                          : (null) (0000000096B20BC8)
[LOG] SoundI::release                          : release subsounds. (0000000096B20BC8)
[LOG] SoundI::release                          :     (null) (00000000A1CB25F8)
[LOG] SoundI::release                          : release codec. (0000000096B20BC8)
[LOG] SoundI::release                          : (null) (0000000096B1BB48)
[LOG] SoundI::release                          : release subsounds. (0000000096B1BB48)
[LOG] SoundI::release                          :     (null) (00000000847F9D58)
[LOG] SoundI::release                          : release codec. (0000000096B1BB48)
[LOG] SoundI::release                          : (null) (0000000096B1CB18)
[LOG] SoundI::release                          : release subsounds. (0000000096B1CB18)
[LOG] SoundI::release                          :     (null) (00000000847F9BC8)
[LOG] SoundI::release                          : release codec. (0000000096B1CB18)
[LOG] SystemI::createSoundInternal             : filename =  : mode 0a000202
[LOG] SystemI::createSoundInternal             : exinfo->cbsize             = 232
[LOG] SystemI::createSoundInternal             : exinfo->length             = 5401504
[LOG] SystemI::createSoundInternal             : exinfo->fileoffset         = 187904
[LOG] SystemI::createSoundInternal             : exinfo->numsubsounds       = 1
[LOG] SystemI::createSoundInternal             : exinfo->inclusionlist      = 000000007996FB28
[LOG] SystemI::createSoundInternal             : exinfo->inclusionlistnum   = 1
[LOG] SystemI::createSoundInternal             : exinfo->suggestedsoundtype = 5
[LOG] SystemI::createSoundInternal             : exinfo->useropen           = 00007FFCBA638650
[LOG] SystemI::createSoundInternal             : exinfo->userclose          = 00007FFCBA6393C0
[LOG] SystemI::createSoundInternal             : exinfo->userread           = 00007FFCBA638730
[LOG] SystemI::createSoundInternal             : exinfo->userseek           = 00007FFCBA6387E0
[LOG] SystemI::createSoundInternal             : exinfo->fileuserdata       = 00000000848559E8
[LOG] SystemI::createSoundInternal             : exinfo->initialseekpostype = 1
[LOG] SystemI::createSoundInternal             : Format has 1 subsounds.
[LOG] SystemI::createSoundInternal             : Create as FMOD_CREATESAMPLE
[LOG] SystemI::createSoundInternal             : Multi-sample sound (1 subsounds), create a sample container.
[LOG] SystemI::createSoundInternal             : creating subsound 0/1
[LOG] SystemI::createSample                    : mode 0a000202 length 71936 samples, lengthbytes 39360
[LOG] SystemI::createSample                    : channels = 1
[LOG] SystemI::createSample                    : output = 00000000848CCC88
[LOG] OutputSoftware::createSample             : lengthpcm 71936, lengthbytes 39360, channels 1, format 2, freq 40000, mode 0a00020a
[LOG] SystemI::createSoundInternal             : done.  OpenState now = FMOD_OPENSTATE_READY.

[LOG] SystemI::createSoundInternal             : filename =  : mode 0a000202
[LOG] SystemI::createSoundInternal             : exinfo->cbsize             = 232
[LOG] SystemI::createSoundInternal             : exinfo->length             = 5401504
[LOG] SystemI::createSoundInternal             : exinfo->fileoffset         = 187904
[LOG] SystemI::createSoundInternal             : exinfo->numsubsounds       = 1
[LOG] SystemI::createSoundInternal             : exinfo->inclusionlist      = 000000007996FB28
[LOG] SystemI::createSoundInternal             : exinfo->inclusionlistnum   = 1
[LOG] SystemI::createSoundInternal             : exinfo->suggestedsoundtype = 5
[LOG] SystemI::createSoundInternal             : exinfo->useropen           = 00007FFCBA638650
[LOG] SystemI::createSoundInternal             : exinfo->userclose          = 00007FFCBA6393C0
[LOG] SystemI::createSoundInternal             : exinfo->userread           = 00007FFCBA638730
[LOG] SystemI::createSoundInternal             : exinfo->userseek           = 00007FFCBA6387E0
[LOG] SystemI::createSoundInternal             : exinfo->fileuserdata       = 00000000848559E8
[LOG] SystemI::createSoundInternal             : exinfo->initialseekpostype = 1
[LOG] SystemI::createSoundInternal             : Format has 1 subsounds.
[LOG] SystemI::createSoundInternal             : Create as FMOD_CREATESAMPLE
[LOG] SystemI::createSoundInternal             : Multi-sample sound (1 subsounds), create a sample container.
[LOG] SystemI::createSoundInternal             : creating subsound 0/1
[LOG] SystemI::createSample                    : mode 0a000202 length 32256 samples, lengthbytes 17664
[LOG] SystemI::createSample                    : channels = 1
[LOG] SystemI::createSample                    : output = 00000000848CCC88
[LOG] OutputSoftware::createSample             : lengthpcm 32256, lengthbytes 17664, channels 1, format 2, freq 40000, mode 0a00020a
[LOG] SystemI::createSoundInternal             : done.  OpenState now = FMOD_OPENSTATE_READY.

[LOG] SystemI::createSoundInternal             : filename =  : mode 0a000202
[LOG] SystemI::createSoundInternal             : exinfo->cbsize             = 232
[LOG] SystemI::createSoundInternal             : exinfo->length             = 1095744
[LOG] SystemI::createSoundInternal             : exinfo->fileoffset         = 40192
[LOG] SystemI::createSoundInternal             : exinfo->numsubsounds       = 1
[LOG] SystemI::createSoundInternal             : exinfo->inclusionlist      = 000000007996FB28
[LOG] SystemI::createSoundInternal             : exinfo->inclusionlistnum   = 1
[LOG] SystemI::createSoundInternal             : exinfo->suggestedsoundtype = 5
[LOG] SystemI::createSoundInternal             : exinfo->useropen           = 00007FFCBA638650
[LOG] SystemI::createSoundInternal             : exinfo->userclose          = 00007FFCBA6393C0
[LOG] SystemI::createSoundInternal             : exinfo->userread           = 00007FFCBA638730
[LOG] SystemI::createSoundInternal             : exinfo->userseek           = 00007FFCBA6387E0
[LOG] SystemI::createSoundInternal             : exinfo->fileuserdata       = 00000000848566A8
[LOG] SystemI::createSoundInternal             : exinfo->initialseekpostype = 1
[LOG] SystemI::createSoundInternal             : Format has 1 subsounds.
[LOG] SystemI::createSoundInternal             : Create as FMOD_CREATESAMPLE
[LOG] SystemI::createSoundInternal             : Multi-sample sound (1 subsounds), create a sample container.
[LOG] SystemI::createSoundInternal             : creating subsound 0/1
[LOG] SystemI::createSample                    : mode 0a000202 length 34304 samples, lengthbytes 18784
[LOG] SystemI::createSample                    : channels = 1
[LOG] SystemI::createSample                    : output = 00000000848CCC88
[LOG] OutputSoftware::createSample             : lengthpcm 34304, lengthbytes 18784, channels 1, format 2, freq 40000, mode 0a00020a
[LOG] SystemI::createSoundInternal             : done.  OpenState now = FMOD_OPENSTATE_READY.

[LOG] SystemI::createSoundInternal             : filename =  : mode 0a000202
[LOG] SystemI::createSoundInternal             : exinfo->cbsize             = 232
[LOG] SystemI::createSoundInternal             : exinfo->length             = 1095744
[LOG] SystemI::createSoundInternal             : exinfo->fileoffset         = 40192
[LOG] SystemI::createSoundInternal             : exinfo->numsubsounds       = 1
[LOG] SystemI::createSoundInternal             : exinfo->inclusionlist      = 000000007996FB28
[LOG] SystemI::createSoundInternal             : exinfo->inclusionlistnum   = 1
[LOG] SystemI::createSoundInternal             : exinfo->suggestedsoundtype = 5
[LOG] SystemI::createSoundInternal             : exinfo->useropen           = 00007FFCBA638650
[LOG] SystemI::createSoundInternal             : exinfo->userclose          = 00007FFCBA6393C0
[LOG] SystemI::createSoundInternal             : exinfo->userread           = 00007FFCBA638730
[LOG] SystemI::createSoundInternal             : exinfo->userseek           = 00007FFCBA6387E0
[LOG] SystemI::createSoundInternal             : exinfo->fileuserdata       = 00000000848566A8
[LOG] SystemI::createSoundInternal             : exinfo->initialseekpostype = 1
[LOG] SystemI::createSoundInternal             : Format has 1 subsounds.
[LOG] SystemI::createSoundInternal             : Create as FMOD_CREATESAMPLE
[LOG] SystemI::createSoundInternal             : Multi-sample sound (1 subsounds), create a sample container.
[LOG] SystemI::createSoundInternal             : creating subsound 0/1
[LOG] SystemI::createSample                    : mode 0a000202 length 27136 samples, lengthbytes 14848
[LOG] SystemI::createSample                    : channels = 1
[LOG] SystemI::createSample                    : output = 00000000848CCC88
[LOG] OutputSoftware::createSample             : lengthpcm 27136, lengthbytes 14848, channels 1, format 2, freq 40000, mode 0a00020a
[LOG] SystemI::createSoundInternal             : done.  OpenState now = FMOD_OPENSTATE_READY.

[LOG] SystemI::createSoundInternal             : filename =  : mode 0a000202
[LOG] SystemI::createSoundInternal             : exinfo->cbsize             = 232
[LOG] SystemI::createSoundInternal             : exinfo->length             = 1095744
[LOG] SystemI::createSoundInternal             : exinfo->fileoffset         = 40192
[LOG] SystemI::createSoundInternal             : exinfo->numsubsounds       = 1
[LOG] SystemI::createSoundInternal             : exinfo->inclusionlist      = 000000007996FB28
[LOG] SystemI::createSoundInternal             : exinfo->inclusionlistnum   = 1
[LOG] SystemI::createSoundInternal             : exinfo->suggestedsoundtype = 5
[LOG] SystemI::createSoundInternal             : exinfo->useropen           = 00007FFCBA638650
[LOG] SystemI::createSoundInternal             : exinfo->userclose          = 00007FFCBA6393C0
[LOG] SystemI::createSoundInternal             : exinfo->userread           = 00007FFCBA638730
[LOG] SystemI::createSoundInternal             : exinfo->userseek           = 00007FFCBA6387E0
[LOG] SystemI::createSoundInternal             : exinfo->fileuserdata       = 00000000848566A8
[LOG] SystemI::createSoundInternal             : exinfo->initialseekpostype = 1
[LOG] SystemI::createSoundInternal             : Format has 1 subsounds.
[LOG] SystemI::createSoundInternal             : Create as FMOD_CREATESAMPLE
[LOG] SystemI::createSoundInternal             : Multi-sample sound (1 subsounds), create a sample container.
[LOG] SystemI::createSoundInternal             : creating subsound 0/1
[LOG] SystemI::createSample                    : mode 0a000202 length 97024 samples, lengthbytes 53088
[LOG] SystemI::createSample                    : channels = 1
[LOG] SystemI::createSample                    : output = 00000000848CCC88
[LOG] OutputSoftware::createSample             : lengthpcm 97024, lengthbytes 53088, channels 1, format 2, freq 40000, mode 0a00020a
[LOG] SystemI::createSoundInternal             : done.  OpenState now = FMOD_OPENSTATE_READY.

[LOG] SystemI::createSoundInternal             : filename =  : mode 0a000202
[LOG] SystemI::createSoundInternal             : exinfo->cbsize             = 232
[LOG] SystemI::createSoundInternal             : exinfo->length             = 1095744
[LOG] SystemI::createSoundInternal             : exinfo->fileoffset         = 40192
[LOG] SystemI::createSoundInternal             : exinfo->numsubsounds       = 1
[LOG] SystemI::createSoundInternal             : exinfo->inclusionlist      = 000000007996FB28
[LOG] SystemI::createSoundInternal             : exinfo->inclusionlistnum   = 1
[LOG] SystemI::createSoundInternal             : exinfo->suggestedsoundtype = 5
[LOG] SystemI::createSoundInternal             : exinfo->useropen           = 00007FFCBA638650
[LOG] SystemI::createSoundInternal             : exinfo->userclose          = 00007FFCBA6393C0
[LOG] SystemI::createSoundInternal             : exinfo->userread           = 00007FFCBA638730
[LOG] SystemI::createSoundInternal             : exinfo->userseek           = 00007FFCBA6387E0
[LOG] SystemI::createSoundInternal             : exinfo->fileuserdata       = 00000000848566A8
[LOG] SystemI::createSoundInternal             : exinfo->initialseekpostype = 1
[LOG] SystemI::createSoundInternal             : Format has 1 subsounds.
[LOG] SystemI::createSoundInternal             : Create as FMOD_CREATESAMPLE
[LOG] SystemI::createSoundInternal             : Multi-sample sound (1 subsounds), create a sample container.
[LOG] SystemI::createSoundInternal             : creating subsound 0/1
[LOG] SystemI::createSample                    : mode 0a000202 length 10752 samples, lengthbytes 5888
[LOG] SystemI::createSample                    : channels = 1
[LOG] SystemI::createSample                    : output = 00000000848CCC88
[LOG] OutputSoftware::createSample             : lengthpcm 10752, lengthbytes 5888, channels 1, format 2, freq 40000, mode 0a00020a
[LOG] SystemI::createSoundInternal             : done.  OpenState now = FMOD_OPENSTATE_READY.

[LOG] SystemI::createSoundInternal             : filename =  : mode 0a000202
[LOG] SystemI::createSoundInternal             : exinfo->cbsize             = 232
[LOG] SystemI::createSoundInternal             : exinfo->length             = 1095744
[LOG] SystemI::createSoundInternal             : exinfo->fileoffset         = 40192
[LOG] SystemI::createSoundInternal             : exinfo->numsubsounds       = 1
[LOG] SystemI::createSoundInternal             : exinfo->inclusionlist      = 000000007996FB28
[LOG] SystemI::createSoundInternal             : exinfo->inclusionlistnum   = 1
[LOG] SystemI::createSoundInternal             : exinfo->suggestedsoundtype = 5
[LOG] SystemI::createSoundInternal             : exinfo->useropen           = 00007FFCBA638650
[LOG] SystemI::createSoundInternal             : exinfo->userclose          = 00007FFCBA6393C0
[LOG] SystemI::createSoundInternal             : exinfo->userread           = 00007FFCBA638730
[LOG] SystemI::createSoundInternal             : exinfo->userseek           = 00007FFCBA6387E0
[LOG] SystemI::createSoundInternal             : exinfo->fileuserdata       = 00000000848566A8
[LOG] SystemI::createSoundInternal             : exinfo->initialseekpostype = 1
[LOG] SystemI::createSoundInternal             : Format has 1 subsounds.
[LOG] SystemI::createSoundInternal             : Create as FMOD_CREATESAMPLE
[LOG] SystemI::createSoundInternal             : Multi-sample sound (1 subsounds), create a sample container.
[LOG] SystemI::createSoundInternal             : creating subsound 0/1
[LOG] SystemI::createSample                    : mode 0a000202 length 27392 samples, lengthbytes 15008
[LOG] SystemI::createSample                    : channels = 1
[LOG] SystemI::createSample                    : output = 00000000848CCC88
[LOG] OutputSoftware::createSample             : lengthpcm 27392, lengthbytes 15008, channels 1, format 2, freq 40000, mode 0a00020a
[LOG] SystemI::createSoundInternal             : done.  OpenState now = FMOD_OPENSTATE_READY.

[LOG] SystemI::createSoundInternal             : filename =  : mode 0a000202
[LOG] SystemI::createSoundInternal             : exinfo->cbsize             = 232
[LOG] SystemI::createSoundInternal             : exinfo->length             = 1095744
[LOG] SystemI::createSoundInternal             : exinfo->fileoffset         = 40192
[LOG] SystemI::createSoundInternal             : exinfo->numsubsounds       = 1
[LOG] SystemI::createSoundInternal             : exinfo->inclusionlist      = 000000007996FB28
[LOG] SystemI::createSoundInternal             : exinfo->inclusionlistnum   = 1
[LOG] SystemI::createSoundInternal             : exinfo->suggestedsoundtype = 5
[LOG] SystemI::createSoundInternal             : exinfo->useropen           = 00007FFCBA638650
[LOG] SystemI::createSoundInternal             : exinfo->userclose          = 00007FFCBA6393C0
[LOG] SystemI::createSoundInternal             : exinfo->userread           = 00007FFCBA638730
[LOG] SystemI::createSoundInternal             : exinfo->userseek           = 00007FFCBA6387E0
[LOG] SystemI::createSoundInternal             : exinfo->fileuserdata       = 00000000848566A8
[LOG] SystemI::createSoundInternal             : exinfo->initialseekpostype = 1
[LOG] SystemI::createSoundInternal             : Format has 1 subsounds.
[LOG] SystemI::createSoundInternal             : Create as FMOD_CREATESAMPLE
[LOG] SystemI::createSoundInternal             : Multi-sample sound (1 subsounds), create a sample container.
[LOG] SystemI::createSoundInternal             : creating subsound 0/1
[LOG] SystemI::createSample                    : mode 0a000202 length 7168 samples, lengthbytes 3936
[LOG] SystemI::createSample                    : channels = 1
[LOG] SystemI::createSample                    : output = 00000000848CCC88
[LOG] OutputSoftware::createSample             : lengthpcm 7168, lengthbytes 3936, channels 1, format 2, freq 40000, mode 0a00020a
[LOG] SystemI::createSoundInternal             : done.  OpenState now = FMOD_OPENSTATE_READY.

[LOG] SystemI::createSoundInternal             : filename =  : mode 0a000202
[LOG] SystemI::createSoundInternal             : exinfo->cbsize             = 232
[LOG] SystemI::createSoundInternal             : exinfo->length             = 1095744
[LOG] SystemI::createSoundInternal             : exinfo->fileoffset         = 40192
[LOG] SystemI::createSoundInternal             : exinfo->numsubsounds       = 1
[LOG] SystemI::createSoundInternal             : exinfo->inclusionlist      = 000000007996FB28
[LOG] SystemI::createSoundInternal             : exinfo->inclusionlistnum   = 1
[LOG] SystemI::createSoundInternal             : exinfo->suggestedsoundtype = 5
[LOG] SystemI::createSoundInternal             : exinfo->useropen           = 00007FFCBA638650
[LOG] SystemI::createSoundInternal             : exinfo->userclose          = 00007FFCBA6393C0
[LOG] SystemI::createSoundInternal             : exinfo->userread           = 00007FFCBA638730
[LOG] SystemI::createSoundInternal             : exinfo->userseek           = 00007FFCBA6387E0
[LOG] SystemI::createSoundInternal             : exinfo->fileuserdata       = 00000000848566A8
[LOG] SystemI::createSoundInternal             : exinfo->initialseekpostype = 1
[LOG] SystemI::createSoundInternal             : Format has 1 subsounds.
[LOG] SystemI::createSoundInternal             : Create as FMOD_CREATESAMPLE
[LOG] SystemI::createSoundInternal             : Multi-sample sound (1 subsounds), create a sample container.
[LOG] SystemI::createSoundInternal             : creating subsound 0/1
[LOG] SystemI::createSample                    : mode 0a000202 length 158464 samples, lengthbytes 86688
[LOG] SystemI::createSample                    : channels = 1
[LOG] SystemI::createSample                    : output = 00000000848CCC88
[LOG] OutputSoftware::createSample             : lengthpcm 158464, lengthbytes 86688, channels 1, format 2, freq 40000, mode 0a00020a
[LOG] SystemI::createSoundInternal             : done.  OpenState now = FMOD_OPENSTATE_READY.

[LOG] SystemI::createSoundInternal             : filename =  : mode 0a000202
[LOG] SystemI::createSoundInternal             : exinfo->cbsize             = 232
[LOG] SystemI::createSoundInternal             : exinfo->length             = 1095744
[LOG] SystemI::createSoundInternal             : exinfo->fileoffset         = 40192
[LOG] SystemI::createSoundInternal             : exinfo->numsubsounds       = 1
[LOG] SystemI::createSoundInternal             : exinfo->inclusionlist      = 000000007996FB28
[LOG] SystemI::createSoundInternal             : exinfo->inclusionlistnum   = 1
[LOG] SystemI::createSoundInternal             : exinfo->suggestedsoundtype = 5
[LOG] SystemI::createSoundInternal             : exinfo->useropen           = 00007FFCBA638650
[LOG] SystemI::createSoundInternal             : exinfo->userclose          = 00007FFCBA6393C0
[LOG] SystemI::createSoundInternal             : exinfo->userread           = 00007FFCBA638730
[LOG] SystemI::createSoundInternal             : exinfo->userseek           = 00007FFCBA6387E0
[LOG] SystemI::createSoundInternal             : exinfo->fileuserdata       = 00000000848566A8
[LOG] SystemI::createSoundInternal             : exinfo->initialseekpostype = 1
[LOG] SystemI::createSoundInternal             : Format has 1 subsounds.
[LOG] SystemI::createSoundInternal             : Create as FMOD_CREATESAMPLE
[LOG] SystemI::createSoundInternal             : Multi-sample sound (1 subsounds), create a sample container.
[LOG] SystemI::createSoundInternal             : creating subsound 0/1
[LOG] SystemI::createSample                    : mode 0a000202 length 22272 samples, lengthbytes 12192
[LOG] SystemI::createSample                    : channels = 1
[LOG] SystemI::createSample                    : output = 00000000848CCC88
[LOG] OutputSoftware::createSample             : lengthpcm 22272, lengthbytes 12192, channels 1, format 2, freq 40000, mode 0a00020a
[LOG] SystemI::createSoundInternal             : done.  OpenState now = FMOD_OPENSTATE_READY.

[LOG] SystemI::createSoundInternal             : filename =  : mode 0a000202
[LOG] SystemI::createSoundInternal             : exinfo->cbsize             = 232
[LOG] SystemI::createSoundInternal             : exinfo->length             = 1095744
[LOG] SystemI::createSoundInternal             : exinfo->fileoffset         = 40192
[LOG] SystemI::createSoundInternal             : exinfo->numsubsounds       = 1
[LOG] SystemI::createSoundInternal             : exinfo->inclusionlist      = 000000007996FB28
[LOG] SystemI::createSoundInternal             : exinfo->inclusionlistnum   = 1
[LOG] SystemI::createSoundInternal             : exinfo->suggestedsoundtype = 5
[LOG] SystemI::createSoundInternal             : exinfo->useropen           = 00007FFCBA638650
[LOG] SystemI::createSoundInternal             : exinfo->userclose          = 00007FFCBA6393C0
[LOG] SystemI::createSoundInternal             : exinfo->userread           = 00007FFCBA638730
[LOG] SystemI::createSoundInternal             : exinfo->userseek           = 00007FFCBA6387E0
[LOG] SystemI::createSoundInternal             : exinfo->fileuserdata       = 00000000848566A8
[LOG] SystemI::createSoundInternal             : exinfo->initialseekpostype = 1
[LOG] SystemI::createSoundInternal             : Format has 1 subsounds.
[LOG] SystemI::createSoundInternal             : Create as FMOD_CREATESAMPLE
[LOG] SystemI::createSoundInternal             : Multi-sample sound (1 subsounds), create a sample container.
[LOG] SystemI::createSoundInternal             : creating subsound 0/1
[LOG] SystemI::createSample                    : mode 0a000202 length 25600 samples, lengthbytes 14016
[LOG] SystemI::createSample                    : channels = 1
[LOG] SystemI::createSample                    : output = 00000000848CCC88
[LOG] OutputSoftware::createSample             : lengthpcm 25600, lengthbytes 14016, channels 1, format 2, freq 40000, mode 0a00020a
[LOG] SystemI::createSoundInternal             : done.  OpenState now = FMOD_OPENSTATE_READY.

[LOG] SystemI::createSoundInternal             : filename =  : mode 0a000202
[LOG] SystemI::createSoundInternal             : exinfo->cbsize             = 232
[LOG] SystemI::createSoundInternal             : exinfo->length             = 1095744
[LOG] SystemI::createSoundInternal             : exinfo->fileoffset         = 40192
[LOG] SystemI::createSoundInternal             : exinfo->numsubsounds       = 1
[LOG] SystemI::createSoundInternal             : exinfo->inclusionlist      = 000000007996FB28
[LOG] SystemI::createSoundInternal             : exinfo->inclusionlistnum   = 1
[LOG] SystemI::createSoundInternal             : exinfo->suggestedsoundtype = 5
[LOG] SystemI::createSoundInternal             : exinfo->useropen           = 00007FFCBA638650
[LOG] SystemI::createSoundInternal             : exinfo->userclose          = 00007FFCBA6393C0
[LOG] SystemI::createSoundInternal             : exinfo->userread           = 00007FFCBA638730
[LOG] SystemI::createSoundInternal             : exinfo->userseek           = 00007FFCBA6387E0
[LOG] SystemI::createSoundInternal             : exinfo->fileuserdata       = 00000000848566A8
[LOG] SystemI::createSoundInternal             : exinfo->initialseekpostype = 1
[LOG] SystemI::createSoundInternal             : Format has 1 subsounds.
[LOG] SystemI::createSoundInternal             : Create as FMOD_CREATESAMPLE
[LOG] SystemI::createSoundInternal             : Multi-sample sound (1 subsounds), create a sample container.
[LOG] SystemI::createSoundInternal             : creating subsound 0/1
[LOG] SystemI::createSample                    : mode 0a000202 length 17152 samples, lengthbytes 9408
[LOG] SystemI::createSample                    : channels = 1
[LOG] SystemI::createSample                    : output = 00000000848CCC88
[LOG] OutputSoftware::createSample             : lengthpcm 17152, lengthbytes 9408, channels 1, format 2, freq 40000, mode 0a00020a
[LOG] SystemI::createSoundInternal             : done.  OpenState now = FMOD_OPENSTATE_READY.

[LOG] SystemI::createSoundInternal             : filename =  : mode 0a000202
[LOG] SystemI::createSoundInternal             : exinfo->cbsize             = 232
[LOG] SystemI::createSoundInternal             : exinfo->length             = 1095744
[LOG] SystemI::createSoundInternal             : exinfo->fileoffset         = 40192
[LOG] SystemI::createSoundInternal             : exinfo->numsubsounds       = 1
[LOG] SystemI::createSoundInternal             : exinfo->inclusionlist      = 000000007996FB28
[LOG] SystemI::createSoundInternal             : exinfo->inclusionlistnum   = 1
[LOG] SystemI::createSoundInternal             : exinfo->suggestedsoundtype = 5
[LOG] SystemI::createSoundInternal             : exinfo->useropen           = 00007FFCBA638650
[LOG] SystemI::createSoundInternal             : exinfo->userclose          = 00007FFCBA6393C0
[LOG] SystemI::createSoundInternal             : exinfo->userread           = 00007FFCBA638730
[LOG] SystemI::createSoundInternal             : exinfo->userseek           = 00007FFCBA6387E0
[LOG] SystemI::createSoundInternal             : exinfo->fileuserdata       = 00000000848566A8
[LOG] SystemI::createSoundInternal             : exinfo->initialseekpostype = 1
[LOG] SystemI::createSoundInternal             : Format has 1 subsounds.
[LOG] SystemI::createSoundInternal             : Create as FMOD_CREATESAMPLE
[LOG] SystemI::createSoundInternal             : Multi-sample sound (1 subsounds), create a sample container.
[LOG] SystemI::createSoundInternal             : creating subsound 0/1
[LOG] SystemI::createSample                    : mode 0a000202 length 14336 samples, lengthbytes 7840
[LOG] SystemI::createSample                    : channels = 1
[LOG] SystemI::createSample                    : output = 00000000848CCC88
[LOG] OutputSoftware::createSample             : lengthpcm 14336, lengthbytes 7840, channels 1, format 2, freq 40000, mode 0a00020a
[LOG] SystemI::createSoundInternal             : done.  OpenState now = FMOD_OPENSTATE_READY.

[LOG] SystemI::createSoundInternal             : filename =  : mode 0a000202
[LOG] SystemI::createSoundInternal             : exinfo->cbsize             = 232
[LOG] SystemI::createSoundInternal             : exinfo->length             = 1095744
[LOG] SystemI::createSoundInternal             : exinfo->fileoffset         = 40192
[LOG] SystemI::createSoundInternal             : exinfo->numsubsounds       = 1
[LOG] SystemI::createSoundInternal             : exinfo->inclusionlist      = 000000007996FB28
[LOG] SystemI::createSoundInternal             : exinfo->inclusionlistnum   = 1
[LOG] SystemI::createSoundInternal             : exinfo->suggestedsoundtype = 5
[LOG] SystemI::createSoundInternal             : exinfo->useropen           = 00007FFCBA638650
[LOG] SystemI::createSoundInternal             : exinfo->userclose          = 00007FFCBA6393C0
[LOG] SystemI::createSoundInternal             : exinfo->userread           = 00007FFCBA638730
[LOG] SystemI::createSoundInternal             : exinfo->userseek           = 00007FFCBA6387E0
[LOG] SystemI::createSoundInternal             : exinfo->fileuserdata       = 00000000848566A8
[LOG] SystemI::createSoundInternal             : exinfo->initialseekpostype = 1
[LOG] SystemI::createSoundInternal             : Format has 1 subsounds.
[LOG] SystemI::createSoundInternal             : Create as FMOD_CREATESAMPLE
[LOG] SystemI::createSoundInternal             : Multi-sample sound (1 subsounds), create a sample container.
[LOG] SystemI::createSoundInternal             : creating subsound 0/1
[LOG] SystemI::createSample                    : mode 0a000202 length 16128 samples, lengthbytes 8832
[LOG] SystemI::createSample                    : channels = 1
[LOG] SystemI::createSample                    : output = 00000000848CCC88
[LOG] OutputSoftware::createSample             : lengthpcm 16128, lengthbytes 8832, channels 1, format 2, freq 40000, mode 0a00020a
[LOG] SystemI::createSoundInternal             : done.  OpenState now = FMOD_OPENSTATE_READY.

[LOG] SystemI::createSoundInternal             : filename =  : mode 0a000202
[LOG] SystemI::createSoundInternal             : exinfo->cbsize             = 232
[LOG] SystemI::createSoundInternal             : exinfo->length             = 1095744
[LOG] SystemI::createSoundInternal             : exinfo->fileoffset         = 40192
[LOG] SystemI::createSoundInternal             : exinfo->numsubsounds       = 1
[LOG] SystemI::createSoundInternal             : exinfo->inclusionlist      = 000000007996FB28
[LOG] SystemI::createSoundInternal             : exinfo->inclusionlistnum   = 1
[LOG] SystemI::createSoundInternal             : exinfo->suggestedsoundtype = 5
[LOG] SystemI::createSoundInternal             : exinfo->useropen           = 00007FFCBA638650
[LOG] SystemI::createSoundInternal             : exinfo->userclose          = 00007FFCBA6393C0
[LOG] SystemI::createSoundInternal             : exinfo->userread           = 00007FFCBA638730
[LOG] SystemI::createSoundInternal             : exinfo->userseek           = 00007FFCBA6387E0
[LOG] SystemI::createSoundInternal             : exinfo->fileuserdata       = 00000000848566A8
[LOG] SystemI::createSoundInternal             : exinfo->initialseekpostype = 1
[LOG] SystemI::createSoundInternal             : Format has 1 subsounds.
[LOG] SystemI::createSoundInternal             : Create as FMOD_CREATESAMPLE
[LOG] SystemI::createSoundInternal             : Multi-sample sound (1 subsounds), create a sample container.
[LOG] SystemI::createSoundInternal             : creating subsound 0/1
[LOG] SystemI::createSample                    : mode 0a000202 length 27136 samples, lengthbytes 14848
[LOG] SystemI::createSample                    : channels = 1
[LOG] SystemI::createSample                    : output = 00000000848CCC88
[LOG] OutputSoftware::createSample             : lengthpcm 27136, lengthbytes 14848, channels 1, format 2, freq 40000, mode 0a00020a
[LOG] SystemI::createSoundInternal             : done.  OpenState now = FMOD_OPENSTATE_READY.

[LOG] SystemI::createSoundInternal             : filename =  : mode 0a000202
[LOG] SystemI::createSoundInternal             : exinfo->cbsize             = 232
[LOG] SystemI::createSoundInternal             : exinfo->length             = 1095744
[LOG] SystemI::createSoundInternal             : exinfo->fileoffset         = 40192
[LOG] SystemI::createSoundInternal             : exinfo->numsubsounds       = 1
[LOG] SystemI::createSoundInternal             : exinfo->inclusionlist      = 000000007996FB28
[LOG] SystemI::createSoundInternal             : exinfo->inclusionlistnum   = 1
[LOG] SystemI::createSoundInternal             : exinfo->suggestedsoundtype = 5
[LOG] SystemI::createSoundInternal             : exinfo->useropen           = 00007FFCBA638650
[LOG] SystemI::createSoundInternal             : exinfo->userclose          = 00007FFCBA6393C0
[LOG] SystemI::createSoundInternal             : exinfo->userread           = 00007FFCBA638730
[LOG] SystemI::createSoundInternal             : exinfo->userseek           = 00007FFCBA6387E0
[LOG] SystemI::createSoundInternal             : exinfo->fileuserdata       = 00000000848566A8
[LOG] SystemI::createSoundInternal             : exinfo->initialseekpostype = 1
[LOG] SystemI::createSoundInternal             : Format has 1 subsounds.
[LOG] SystemI::createSoundInternal             : Create as FMOD_CREATESAMPLE
[LOG] SystemI::createSoundInternal             : Multi-sample sound (1 subsounds), create a sample container.
[LOG] SystemI::createSoundInternal             : creating subsound 0/1
[LOG] SystemI::createSample                    : mode 0a000202 length 45568 samples, lengthbytes 24928
[LOG] SystemI::createSample                    : channels = 1
[LOG] SystemI::createSample                    : output = 00000000848CCC88
[LOG] OutputSoftware::createSample             : lengthpcm 45568, lengthbytes 24928, channels 1, format 2, freq 40000, mode 0a00020a
[LOG] SystemI::createSoundInternal             : done.  OpenState now = FMOD_OPENSTATE_READY.

[LOG] SystemI::createSoundInternal             : filename =  : mode 0a000202
[LOG] SystemI::createSoundInternal             : exinfo->cbsize             = 232
[LOG] SystemI::createSoundInternal             : exinfo->length             = 1095744
[LOG] SystemI::createSoundInternal             : exinfo->fileoffset         = 40192
[LOG] SystemI::createSoundInternal             : exinfo->numsubsounds       = 1
[LOG] SystemI::createSoundInternal             : exinfo->inclusionlist      = 000000007996FB28
[LOG] SystemI::createSoundInternal             : exinfo->inclusionlistnum   = 1
[LOG] SystemI::createSoundInternal             : exinfo->suggestedsoundtype = 5
[LOG] SystemI::createSoundInternal             : exinfo->useropen           = 00007FFCBA638650
[LOG] SystemI::createSoundInternal             : exinfo->userclose          = 00007FFCBA6393C0
[LOG] SystemI::createSoundInternal             : exinfo->userread           = 00007FFCBA638730
[LOG] SystemI::createSoundInternal             : exinfo->userseek           = 00007FFCBA6387E0
[LOG] SystemI::createSoundInternal             : exinfo->fileuserdata       = 00000000848566A8
[LOG] SystemI::createSoundInternal             : exinfo->initialseekpostype = 1
[LOG] SystemI::createSoundInternal             : Format has 1 subsounds.
[LOG] SystemI::createSoundInternal             : Create as FMOD_CREATESAMPLE
[LOG] SystemI::createSoundInternal             : Multi-sample sound (1 subsounds), create a sample container.
[LOG] SystemI::createSoundInternal             : creating subsound 0/1
[LOG] SystemI::createSample                    : mode 0a000202 length 37376 samples, lengthbytes 20448
[LOG] SystemI::createSample                    : channels = 1
[LOG] SystemI::createSample                    : output = 00000000848CCC88
[LOG] OutputSoftware::createSample             : lengthpcm 37376, lengthbytes 20448, channels 1, format 2, freq 40000, mode 0a00020a
[LOG] SystemI::createSoundInternal             : done.  OpenState now = FMOD_OPENSTATE_READY.

[WRN] EventInstance::update                    : Event {5db56afe-c955-408e-969b-1fe502648a1f} waited 170 milliseconds for sample data to load.  Preload sample data to avoid this delay.
[LOG] SoundI::release                          : (null) (0000000096B1E948)
[LOG] SoundI::release                          : release subsounds. (0000000096B1E948)
[LOG] SoundI::release                          :     (null) (00000000847FB1A8)
[LOG] SoundI::release                          : release codec. (0000000096B1E948)
[LOG] SoundI::release                          : (null) (0000000096B1FD68)
[LOG] SoundI::release                          : release subsounds. (0000000096B1FD68)
[LOG] SoundI::release                          :     (null) (00000000A1CB2918)
[LOG] SoundI::release                          : release codec. (0000000096B1FD68)
[LOG] SoundI::release                          : (null) (0000000096B1ED98)
[LOG] SoundI::release                          : release subsounds. (0000000096B1ED98)
[LOG] SoundI::release                          :     (null) (00000000A1CB3408)
[LOG] SoundI::release                          : release codec. (0000000096B1ED98)
[LOG] SoundI::release                          : (null) (0000000096B1E668)
[LOG] SoundI::release                          : release subsounds. (0000000096B1E668)
[LOG] SoundI::release                          :     (null) (00000000847FB018)
[LOG] SoundI::release                          : release codec. (0000000096B1E668)
[LOG] SoundI::release                          : (null) (0000000096B1F4C8)
[LOG] SoundI::release                          : release subsounds. (0000000096B1F4C8)
[LOG] SoundI::release                          :     (null) (00000000A1D3F608)
[LOG] SoundI::release                          : release codec. (0000000096B1F4C8)
[LOG] SoundI::release                          : (null) (0000000096B1E0A8)
[LOG] SoundI::release                          : release subsounds. (0000000096B1E0A8)
[LOG] SoundI::release                          :     (null) (00000000A1D3ECA8)
[LOG] SoundI::release                          : release codec. (0000000096B1E0A8)
[LOG] SoundI::release                          : (null) (0000000096B1EAB8)
[LOG] SoundI::release                          : release subsounds. (0000000096B1EAB8)
[LOG] SoundI::release                          :     (null) (00000000A1D3FC48)
[LOG] SoundI::release                          : release codec. (0000000096B1EAB8)
[LOG] SoundI::release                          : (null) (0000000096B21018)
[LOG] SoundI::release                          : release subsounds. (0000000096B21018)
[LOG] SoundI::release                          :     (null) (00000000966198A8)
[LOG] SoundI::release                          : release codec. (0000000096B21018)
[LOG] SoundI::release                          : (null) (0000000096B1D978)
[LOG] SoundI::release                          : release subsounds. (0000000096B1D978)
[LOG] SoundI::release                          :     (null) (00000000826A0588)
[LOG] SoundI::release                          : release codec. (0000000096B1D978)
[LOG] SoundI::release                          : (null) (0000000096B1E7D8)
[LOG] SoundI::release                          : release subsounds. (0000000096B1E7D8)
[LOG] SoundI::release                          :     (null) (0000000096A78B38)
[LOG] SoundI::release                          : release codec. (0000000096B1E7D8)
[LOG] SoundI::release                          : (null) (0000000096B239C8)
[LOG] SoundI::release                          : release subsounds. (0000000096B239C8)
[LOG] SoundI::release                          :     (null) (0000000096619D58)
[LOG] SoundI::release                          : release codec. (0000000096B239C8)
[LOG] SoundI::release                          : (null) (0000000096B1B2A8)
[LOG] SoundI::release                          : release subsounds. (0000000096B1B2A8)
[LOG] SoundI::release                          :     (null) (0000000096A773C8)
[LOG] SoundI::release                          : release codec. (0000000096B1B2A8)
[LOG] SoundI::release                          : (null) (0000000096B1AFC8)
[LOG] SoundI::release                          : release subsounds. (0000000096B1AFC8)
[LOG] SoundI::release                          :     (null) (00000000964BB4D8)
[LOG] SoundI::release                          : release codec. (0000000096B1AFC8)
[LOG] SoundI::release                          : (null) (0000000096B25238)
[LOG] SoundI::release                          : release subsounds. (0000000096B25238)
[LOG] SoundI::release                          :     (null) (00000000966193F8)
[LOG] SoundI::release                          : release codec. (0000000096B25238)
[LOG] SoundI::release                          : (null) (0000000096B22FB8)
[LOG] SoundI::release                          : release subsounds. (0000000096B22FB8)
[LOG] SoundI::release                          :     (null) (00000000A1CB1FB8)
[LOG] SoundI::release                          : release codec. (0000000096B22FB8)
[LOG] SoundI::release                          : (null) (0000000096B215D8)
[LOG] SoundI::release                          : release subsounds. (0000000096B215D8)
[LOG] SoundI::release                          :     (null) (00000000A1CB1E28)
[LOG] SoundI::release                          : release codec. (0000000096B215D8)
[LOG] SoundI::release                          : (null) (0000000096B24548)
[LOG] SoundI::release                          : release subsounds. (0000000096B24548)
[LOG] SoundI::release                          :     (null) (0000000096619EE8)
[LOG] SoundI::release                          : release codec. (0000000096B24548)
[LOG] SoundI::release                          : (null) (0000000096B236E8)
[LOG] SoundI::release                          : release subsounds. (0000000096B236E8)
[LOG] SoundI::release                          :     (null) (00000000A1CB2F58)
[LOG] SoundI::release                          : release codec. (0000000096B236E8)
[LOG] SoundI::release                          : (null) (0000000096B23CA8)
[LOG] SoundI::release                          : release subsounds. (0000000096B23CA8)
[LOG] SoundI::release                          :     (null) (00000000A1CB1C98)
[LOG] SoundI::release                          : release codec. (0000000096B23CA8)
[LOG] SoundI::release                          : (null) (0000000096B23578)
[LOG] SoundI::release                          : release subsounds. (0000000096B23578)
[LOG] SoundI::release                          :     (null) (00000000A1CB38B8)
[LOG] SoundI::release                          : release codec. (0000000096B23578)
[LOG] SoundI::release                          : (null) (0000000096B21B98)
[LOG] SoundI::release                          : release subsounds. (0000000096B21B98)
[LOG] SoundI::release                          :     (null) (00000000A1CB2AA8)
[LOG] SoundI::release                          : release codec. (0000000096B21B98)
[LOG] SoundI::release                          : (null) (0000000096B24C78)
[LOG] SoundI::release                          : release subsounds. (0000000096B24C78)
[LOG] SoundI::release                          :     (null) (00000000A1CB2148)
[LOG] SoundI::release                          : release codec. (0000000096B24C78)
[LOG] SoundI::release                          : (null) (0000000096B22E48)
[LOG] SoundI::release                          : release subsounds. (0000000096B22E48)
[LOG] SoundI::release                          :     (null) (0000000096618DB8)
[LOG] SoundI::release                          : release codec. (0000000096B22E48)
[LOG] SoundI::release                          : (null) (0000000096B23E18)
[LOG] SoundI::release                          : release subsounds. (0000000096B23E18)
[LOG] SoundI::release                          :     (null) (0000000096619A38)
[LOG] SoundI::release                          : release codec. (0000000096B23E18)
[LOG] SoundI::release                          : (null) (0000000096B23298)
[LOG] SoundI::release                          : release subsounds. (0000000096B23298)
[LOG] SoundI::release                          :     (null) (00000000A1CB22D8)
[LOG] SoundI::release                          : release codec. (0000000096B23298)
[LOG] SoundI::release                          : (null) (0000000096B21188)
[LOG] SoundI::release                          : release subsounds. (0000000096B21188)
[LOG] SoundI::release                          :     (null) (0000000096618778)
[LOG] SoundI::release                          : release codec. (0000000096B21188)
[LOG] SoundI::release                          : (null) (0000000096B23408)
[LOG] SoundI::release                          : release subsounds. (0000000096B23408)
[LOG] SoundI::release                          :     (null) (00000000966185E8)
[LOG] SoundI::release                          : release codec. (0000000096B23408)
[LOG] SoundI::release                          : (null) (0000000096B24B08)
[LOG] SoundI::release                          : release subsounds. (0000000096B24B08)
[LOG] SoundI::release                          :     (null) (000000009661A078)
[LOG] SoundI::release                          : release codec. (0000000096B24B08)
[LOG] SoundI::release                          : (null) (0000000096B24998)
[LOG] SoundI::release                          : release subsounds. (0000000096B24998)
[LOG] SoundI::release                          :     (null) (000000009661A208)
[LOG] SoundI::release                          : release codec. (0000000096B24998)
[LOG] SoundI::release                          : (null) (0000000096B21A28)
[LOG] SoundI::release                          : release subsounds. (0000000096B21A28)
[LOG] SoundI::release                          :     (null) (00000000A1CB2468)
[LOG] SoundI::release                          : release codec. (0000000096B21A28)
[LOG] SoundI::release                          : (null) (0000000096B21E78)
[LOG] SoundI::release                          : release subsounds. (0000000096B21E78)
[LOG] SoundI::release                          :     (null) (00000000A1CB30E8)
[LOG] SoundI::release                          : release codec. (0000000096B21E78)
[LOG] SoundI::release                          : (null) (0000000096B22718)
[LOG] SoundI::release                          : release subsounds. (0000000096B22718)
[LOG] SoundI::release                          :     (null) (00000000A1CB3728)
[LOG] SoundI::release                          : release codec. (0000000096B22718)
[LOG] SoundI::release                          : (null) (0000000096B22CD8)
[LOG] SoundI::release                          : release subsounds. (0000000096B22CD8)
[LOG] SoundI::release                          :     (null) (000000009661A398)
[LOG] SoundI::release                          : release codec. (0000000096B22CD8)
[LOG] SoundI::release                          : (null) (0000000096B246B8)
[LOG] SoundI::release                          : release subsounds. (0000000096B246B8)
[LOG] SoundI::release                          :     (null) (00000000A1CB2788)
[LOG] SoundI::release                          : release codec. (0000000096B246B8)
[LOG] SoundI::release                          : (null) (0000000096B24828)
[LOG] SoundI::release                          : release subsounds. (0000000096B24828)
[LOG] SoundI::release                          :     (null) (00000000A1D3FAB8)
[LOG] SoundI::release                          : release codec. (0000000096B24828)
[LOG] SoundI::release                          : (null) (0000000096B1EF08)
[LOG] SoundI::release                          : release subsounds. (0000000096B1EF08)
[LOG] SoundI::release                          :     (null) (00000000826A0268)
[LOG] SoundI::release                          : release codec. (0000000096B1EF08)
[LOG] SoundI::release                          : (null) (0000000096B1DC58)
[LOG] SoundI::release                          : release subsounds. (0000000096B1DC58)
[LOG] SoundI::release                          :     (null) (00000000826A0A38)
[LOG] SoundI::release                          : release codec. (0000000096B1DC58)
[LOG] SoundI::release                          : (null) (0000000096B1C9A8)
[LOG] SoundI::release                          : release subsounds. (0000000096B1C9A8)
[LOG] SoundI::release                          :     (null) (000000008269FA98)
[LOG] SoundI::release                          : release codec. (0000000096B1C9A8)
[LOG] SoundI::release                          : (null) (0000000096B1C838)
[LOG] SoundI::release                          : release subsounds. (0000000096B1C838)
[LOG] SoundI::release                          :     (null) (00000000826A08A8)
[LOG] SoundI::release                          : release codec. (0000000096B1C838)
[LOG] SoundI::release                          : (null) (0000000096B1D528)
[LOG] SoundI::release                          : release subsounds. (0000000096B1D528)
[LOG] SoundI::release                          :     (null) (00000000847FACF8)
[LOG] SoundI::release                          : release codec. (0000000096B1D528)
[LOG] SoundI::release                          : (null) (0000000096B1DDC8)
[LOG] SoundI::release                          : release subsounds. (0000000096B1DDC8)
[LOG] SoundI::release                          :     (null) (00000000847FA6B8)
[LOG] SoundI::release                          : release codec. (0000000096B1DDC8)
[LOG] SoundI::release                          : (null) (0000000096B1DF38)
[LOG] SoundI::release                          : release subsounds. (0000000096B1DF38)
[LOG] SoundI::release                          :     (null) (00000000847FA398)
[LOG] SoundI::release                          : release codec. (0000000096B1DF38)
[LOG] SoundI::release                          : (null) (0000000096B1F918)
[LOG] SoundI::release                          : release subsounds. (0000000096B1F918)
[LOG] SoundI::release                          :     (null) (00000000826A0BC8)
[LOG] SoundI::release                          : release codec. (0000000096B1F918)
[LOG] SoundI::release                          : (null) (0000000096B1C108)
[LOG] SoundI::release                          : release subsounds. (0000000096B1C108)
[LOG] SoundI::release                          :     (null) (00000000826A00D8)
[LOG] SoundI::release                          : release codec. (0000000096B1C108)
[LOG] SoundI::release                          : (null) (0000000096B1F638)
[LOG] SoundI::release                          : release subsounds. (0000000096B1F638)
[LOG] SoundI::release                          :     (null) (000000008269F138)
[LOG] SoundI::release                          : release codec. (0000000096B1F638)
[LOG] SoundI::release                          : (null) (0000000096B1D698)
[LOG] SoundI::release                          : release subsounds. (0000000096B1D698)
[LOG] SoundI::release                          :     (null) (00000000847F9A38)
[LOG] SoundI::release                          : release codec. (0000000096B1D698)
[LOG] SoundI::release                          : (null) (0000000096B1CC88)
[LOG] SoundI::release                          : release subsounds. (0000000096B1CC88)
[LOG] SoundI::release                          :     (null) (000000008269F458)
[LOG] SoundI::release                          : release codec. (0000000096B1CC88)
[LOG] SoundI::release                          : (null) (0000000096B1CDF8)
[LOG] SoundI::release                          : release subsounds. (0000000096B1CDF8)
[LOG] SoundI::release                          :     (null) (00000000847F9EE8)
[LOG] SoundI::release                          : release codec. (0000000096B1CDF8)
[LOG] SoundI::release                          : (null) (0000000096B1FA88)
[LOG] SoundI::release                          : release subsounds. (0000000096B1FA88)
[LOG] SoundI::release                          :     (null) (00000000847F9588)
[LOG] SoundI::release                          : release codec. (0000000096B1FA88)
[LOG] SoundI::release                          : (null) (0000000096B1B868)
[LOG] SoundI::release                          : release subsounds. (0000000096B1B868)
[LOG] SoundI::release                          :     (null) (000000008269F2C8)
[LOG] SoundI::release                          : release codec. (0000000096B1B868)
[LOG] SoundI::release                          : (null) (0000000096B1B6F8)
[LOG] SoundI::release                          : release subsounds. (0000000096B1B6F8)
[LOG] SoundI::release                          :     (null) (000000008269FDB8)
[LOG] SoundI::release                          : release codec. (0000000096B1B6F8)
[LOG] SoundI::release                          : (null) (0000000096B1C3E8)
[LOG] SoundI::release                          : release subsounds. (0000000096B1C3E8)
[LOG] SoundI::release                          :     (null) (000000008269F5E8)
[LOG] SoundI::release                          : release codec. (0000000096B1C3E8)
[LOG] SoundI::release                          : (null) (0000000096B1BF98)
[LOG] SoundI::release                          : release subsounds. (0000000096B1BF98)
[LOG] SoundI::release                          :     (null) (000000008269EFA8)
[LOG] SoundI::release                          : release codec. (0000000096B1BF98)
[LOG] SoundI::release                          : (null) (0000000096B1CF68)
[LOG] SoundI::release                          : release subsounds. (0000000096B1CF68)
[LOG] SoundI::release                          :     (null) (000000008269F778)
[LOG] SoundI::release                          : release codec. (0000000096B1CF68)
[LOG] SoundI::release                          : (null) (0000000096B1C558)
[LOG] SoundI::release                          : release subsounds. (0000000096B1C558)
[LOG] SoundI::release                          :     (null) (00000000826A0718)
[LOG] SoundI::release                          : release codec. (0000000096B1C558)
[LOG] SoundI::release                          : (null) (0000000096B1DAE8)
[LOG] SoundI::release                          : release subsounds. (0000000096B1DAE8)
[LOG] SoundI::release                          :     (null) (000000008269FF48)
[LOG] SoundI::release                          : release codec. (0000000096B1DAE8)
[LOG] SoundI::release                          : (null) (0000000096B1C278)
[LOG] SoundI::release                          : release subsounds. (0000000096B1C278)
[LOG] SoundI::release                          :     (null) (00000000847FAB68)
[LOG] SoundI::release                          : release codec. (0000000096B1C278)
[LOG] SoundI::release                          : (null) (0000000096B1E4F8)
[LOG] SoundI::release                          : release subsounds. (0000000096B1E4F8)
[LOG] SoundI::release                          :     (null) (00000000847F93F8)
[LOG] SoundI::release                          : release codec. (0000000096B1E4F8)
[LOG] SoundI::release                          : (null) (0000000096B1D3B8)
[LOG] SoundI::release                          : release subsounds. (0000000096B1D3B8)
[LOG] SoundI::release                          :     (null) (00000000826A0D58)
[LOG] SoundI::release                          : release codec. (0000000096B1D3B8)
[LOG] SoundI::release                          : (null) (0000000096B1E218)
[LOG] SoundI::release                          : release subsounds. (0000000096B1E218)
[LOG] SoundI::release                          :     (null) (000000008269FC28)
[LOG] SoundI::release                          : release codec. (0000000096B1E218)
[LOG] SoundI::release                          : (null) (0000000096B1E388)
[LOG] SoundI::release                          : release subsounds. (0000000096B1E388)
[LOG] SoundI::release                          :     (null) (00000000826A03F8)
[LOG] SoundI::release                          : release codec. (0000000096B1E388)
[LOG] SoundI::release                          : (null) (0000000096B1F1E8)
[LOG] SoundI::release                          : release subsounds. (0000000096B1F1E8)
[LOG] SoundI::release                          :     (null) (000000008269F908)
[LOG] SoundI::release                          : release codec. (0000000096B1F1E8)
[LOG] SoundI::release                          : (null) (0000000096B218B8)
[LOG] SoundI::release                          : release subsounds. (0000000096B218B8)
[LOG] SoundI::release                          :     (null) (00000000A1D40738)
[LOG] SoundI::release                          : release codec. (0000000096B218B8)
[LOG] SoundI::release                          : (null) (0000000096B21468)
[LOG] SoundI::release                          : release subsounds. (0000000096B21468)
[LOG] SoundI::release                          :     (null) (00000000A1D405A8)
[LOG] SoundI::release                          : release codec. (0000000096B21468)
[LOG] SoundI::release                          : (null) (0000000096B222C8)
[LOG] SoundI::release                          : release subsounds. (0000000096B222C8)
[LOG] SoundI::release                          :     (null) (00000000847FAE88)
[LOG] SoundI::release                          : release codec. (0000000096B222C8)
[LOG] SoundI::release                          : (null) (0000000096B1D248)
[LOG] SoundI::release                          : release subsounds. (0000000096B1D248)
[LOG] SoundI::release                          :     (null) (0000000096A78688)
[LOG] SoundI::release                          : release codec. (0000000096B1D248)
[LOG] SoundI::release                          : (null) (0000000096B1F7A8)
[LOG] SoundI::release                          : release subsounds. (0000000096B1F7A8)
[LOG] SoundI::release                          :     (null) (0000000096A77B98)
[LOG] SoundI::release                          : release codec. (0000000096B1F7A8)
[LOG] SoundI::release                          : (null) (0000000096B1D808)
[LOG] SoundI::release                          : release subsounds. (0000000096B1D808)
[LOG] SoundI::release                          :     (null) (0000000096A77A08)
[LOG] SoundI::release                          : release codec. (0000000096B1D808)
[LOG] SoundI::release                          : (null) (0000000096B1C6C8)
[LOG] SoundI::release                          : release subsounds. (0000000096B1C6C8)
[LOG] SoundI::release                          :     (null) (0000000096A77878)
[LOG] SoundI::release                          : release codec. (0000000096B1C6C8)
[LOG] SoundI::release                          : (null) (0000000096B1D0D8)
[LOG] SoundI::release                          : release subsounds. (0000000096B1D0D8)
[LOG] SoundI::release                          :     (null) (0000000096A770A8)
[LOG] SoundI::release                          : release codec. (0000000096B1D0D8)
[LOG] SoundI::release                          : (null) (0000000096B1BE28)
[LOG] SoundI::release                          : release subsounds. (0000000096B1BE28)
[LOG] SoundI::release                          :     (null) (0000000096A78048)
[LOG] SoundI::release                          : release codec. (0000000096B1BE28)
[LOG] SoundI::release                          : (null) (0000000096B1F078)
[LOG] SoundI::release                          : release subsounds. (0000000096B1F078)
[LOG] SoundI::release                          :     (null) (0000000096A78818)
[LOG] SoundI::release                          : release codec. (0000000096B1F078)
[LOG] SoundI::release                          : (null) (0000000096B181C8)
[LOG] SoundI::release                          : release subsounds. (0000000096B181C8)
[LOG] SoundI::release                          :     (null) (0000000096A78368)
[LOG] SoundI::release                          : release codec. (0000000096B181C8)
[LOG] SoundI::release                          : (null) (0000000096B1F358)
[LOG] SoundI::release                          : release subsounds. (0000000096B1F358)
[LOG] SoundI::release                          :     (null) (0000000096A77D28)
[LOG] SoundI::release                          : release codec. (0000000096B1F358)
[LOG] SoundI::release                          : (null) (0000000096B18338)
[LOG] SoundI::release                          : release subsounds. (0000000096B18338)
[LOG] SoundI::release                          :     (null) (0000000096A78CC8)
[LOG] SoundI::release                          : release codec. (0000000096B18338)
[LOG] SoundI::release                          : (null) (0000000096B208E8)
[LOG] SoundI::release                          : release subsounds. (0000000096B208E8)
[LOG] SoundI::release                          :     (null) (0000000096619268)
[LOG] SoundI::release                          : release codec. (0000000096B208E8)
[LOG] SoundI::release                          : (null) (0000000096B20A58)
[LOG] SoundI::release                          : release subsounds. (0000000096B20A58)
[LOG] SoundI::release                          :     (null) (00000000966190D8)
[LOG] SoundI::release                          : release codec. (0000000096B20A58)
[LOG] SoundI::release                          : (null) (0000000096B25518)
[LOG] SoundI::release                          : release subsounds. (0000000096B25518)
[LOG] SoundI::release                          :     (null) (00000000A1D40288)
[LOG] SoundI::release                          : release codec. (0000000096B25518)
[LOG] SoundI::release                          : (null) (0000000096B1B9D8)
[LOG] SoundI::release                          : release subsounds. (0000000096B1B9D8)
[LOG] SoundI::release                          :     (null) (00000000A1CB25F8)
[LOG] SoundI::release                          : release codec. (0000000096B1B9D8)
[LOG] SoundI::release                          : (null) (0000000096B1EC28)
[LOG] SoundI::release                          : release subsounds. (0000000096B1EC28)
[LOG] SoundI::release                          :     (null) (00000000A1CB1B08)
[LOG] SoundI::release                          : release codec. (0000000096B1EC28)
[LOG] SoundI::release                          : (null) (0000000096B1ACE8)
[LOG] SoundI::release                          : release subsounds. (0000000096B1ACE8)
[LOG] SoundI::release                          :     (null) (00000000964BBFC8)
[LOG] SoundI::release                          : release codec. (0000000096B1ACE8)
[LOG] SoundI::release                          : (null) (0000000096B17088)
[LOG] SoundI::release                          : release subsounds. (0000000096B17088)
[LOG] SoundI::release                          :     (null) (00000000964BB1B8)
[LOG] SoundI::release                          : release codec. (0000000096B17088)
[LOG] SoundI::release                          : (null) (0000000096B177B8)
[LOG] SoundI::release                          : release subsounds. (0000000096B177B8)
[LOG] SoundI::release                          :     (null) (00000000964BC928)
[LOG] SoundI::release                          : release codec. (0000000096B177B8)
[LOG] SoundI::release                          : (null) (0000000096B19BA8)
[LOG] SoundI::release                          : release subsounds. (0000000096B19BA8)
[LOG] SoundI::release                          :     (null) (00000000964BB988)
[LOG] SoundI::release                          : release codec. (0000000096B19BA8)
[LOG] SoundI::release                          : (null) (0000000096B16C38)
[LOG] SoundI::release                          : release subsounds. (0000000096B16C38)
[LOG] SoundI::release                          :     (null) (00000000964BC158)
[LOG] SoundI::release                          : release codec. (0000000096B16C38)
[LOG] SoundI::release                          : (null) (0000000096B1A168)
[LOG] SoundI::release                          : release subsounds. (0000000096B1A168)
[LOG] SoundI::release                          :     (null) (00000000964BBCA8)
[LOG] SoundI::release                          : release codec. (0000000096B1A168)
[LOG] SoundI::release                          : (null) (0000000096B1A2D8)
[LOG] SoundI::release                          : release subsounds. (0000000096B1A2D8)
[LOG] SoundI::release                          :     (null) (00000000964BC2E8)
[LOG] SoundI::release                          : release codec. (0000000096B1A2D8)
[LOG] SoundI::release                          : (null) (0000000096B1B418)
[LOG] SoundI::release                          : release subsounds. (0000000096B1B418)
[LOG] SoundI::release                          :     (null) (0000000096A77238)
[LOG] SoundI::release                          : release codec. (0000000096B1B418)
[LOG] SoundI::release                          : (null) (0000000096B198C8)
[LOG] SoundI::release                          : release subsounds. (0000000096B198C8)
[LOG] SoundI::release                          :     (null) (00000000849290E8)
[LOG] SoundI::release                          : release codec. (0000000096B198C8)
[LOG] SoundI::release                          : (null) (0000000096B171F8)
[LOG] SoundI::release                          : release subsounds. (0000000096B171F8)
[LOG] SoundI::release                          :     (null) (0000000096A77558)
[LOG] SoundI::release                          : release codec. (0000000096B171F8)
[LOG] SoundI::release                          : (null) (0000000096B212F8)
[LOG] SoundI::release                          : release subsounds. (0000000096B212F8)
[LOG] SoundI::release                          :     (null) (00000000A1D40A58)
[LOG] SoundI::release                          : release codec. (0000000096B212F8)
[LOG] SoundI::release                          : (null) (0000000096B253A8)
[LOG] SoundI::release                          : release subsounds. (0000000096B253A8)
[LOG] SoundI::release                          :     (null) (00000000A1D400F8)
[LOG] SoundI::release                          : release codec. (0000000096B253A8)
[LOG] SoundI::release                          : (null) (0000000096B24F58)
[LOG] SoundI::release                          : release subsounds. (0000000096B24F58)
[LOG] SoundI::release                          :     (null) (00000000A1D3FDD8)
[LOG] SoundI::release                          : release codec. (0000000096B24F58)
[LOG] SoundI::release                          : (null) (0000000096B22158)
[LOG] SoundI::release                          : release subsounds. (0000000096B22158)
[LOG] SoundI::release                          :     (null) (00000000A1D3F928)
[LOG] SoundI::release                          : release codec. (0000000096B22158)
[LOG] SoundI::release                          : (null) (0000000096B21748)
[LOG] SoundI::release                          : release subsounds. (0000000096B21748)
[LOG] SoundI::release                          :     (null) (00000000A1D3EE38)
[LOG] SoundI::release                          : release codec. (0000000096B21748)
[LOG] SoundI::release                          : (null) (0000000096B23F88)
[LOG] SoundI::release                          : release subsounds. (0000000096B23F88)
[LOG] SoundI::release                          :     (null) (00000000A1D408C8)
[LOG] SoundI::release                          : release codec. (0000000096B23F88)
[LOG] SoundI::release                          : (null) (0000000096B250C8)
[LOG] SoundI::release                          : release subsounds. (0000000096B250C8)
[LOG] SoundI::release                          :     (null) (00000000A1D3F158)
[LOG] SoundI::release                          : release codec. (0000000096B250C8)
[LOG] SoundI::release                          : (null) (0000000096B16398)
[LOG] SoundI::release                          : release subsounds. (0000000096B16398)
[LOG] SoundI::release                          :     (null) (0000000084929728)
[LOG] SoundI::release                          : release codec. (0000000096B16398)
[LOG] SoundI::release                          : (null) (0000000096B1A898)
[LOG] SoundI::release                          : release subsounds. (0000000096B1A898)
[LOG] SoundI::release                          :     (null) (00000000964BC478)
[LOG] SoundI::release                          : release codec. (0000000096B1A898)
[LOG] SoundI::release                          : (null) (0000000096B19E88)
[LOG] SoundI::release                          : release subsounds. (0000000096B19E88)
[LOG] SoundI::release                          :     (null) (00000000964BC608)
[LOG] SoundI::release                          : release codec. (0000000096B19E88)
[LOG] SoundI::release                          : (null) (0000000096B19A38)
[LOG] SoundI::release                          : release subsounds. (0000000096B19A38)
[LOG] SoundI::release                          :     (null) (00000000849298B8)
[LOG] SoundI::release                          : release codec. (0000000096B19A38)
[LOG] SoundI::release                          : (null) (0000000096B1A448)
[LOG] SoundI::release                          : release subsounds. (0000000096B1A448)
[LOG] SoundI::release                          :     (null) (00000000964BB348)
[LOG] SoundI::release                          : release codec. (0000000096B1A448)
[LOG] SoundI::release                          : (null) (0000000096B1B138)
[LOG] SoundI::release                          : release subsounds. (0000000096B1B138)
[LOG] SoundI::release                          :     (null) (00000000964BB7F8)
[LOG] SoundI::release                          : release codec. (0000000096B1B138)
[LOG] SoundI::release                          : (null) (0000000096B16678)
[LOG] SoundI::release                          : release subsounds. (0000000096B16678)
[LOG] SoundI::release                          :     (null) (00000000964BC798)
[LOG] SoundI::release                          : release codec. (0000000096B16678)
[LOG] SoundI::release                          : (null) (0000000096B1AA08)
[LOG] SoundI::release                          : release subsounds. (0000000096B1AA08)
[LOG] SoundI::release                          :     (null) (00000000964BCAB8)
[LOG] SoundI::release                          : release codec. (0000000096B1AA08)
[LOG] SoundI::release                          : (null) (0000000096B1AB78)
[LOG] SoundI::release                          : release subsounds. (0000000096B1AB78)
[LOG] SoundI::release                          :     (null) (00000000964BAD08)
[LOG] SoundI::release                          : release codec. (0000000096B1AB78)
[LOG] SoundI::release                          : (null) (0000000096B16F18)
[LOG] SoundI::release                          : release subsounds. (0000000096B16F18)
[LOG] SoundI::release                          :     (null) (0000000084929A48)
[LOG] SoundI::release                          : release codec. (0000000096B16F18)
[LOG] SoundI::release                          : (null) (0000000096B17C08)
[LOG] SoundI::release                          : release subsounds. (0000000096B17C08)
[LOG] SoundI::release                          :     (null) (00000000964BB028)
[LOG] SoundI::release                          : release codec. (0000000096B17C08)
[LOG] SoundI::release                          : (null) (0000000096B1A5B8)
[LOG] SoundI::release                          : release subsounds. (0000000096B1A5B8)
[LOG] SoundI::release                          :     (null) (00000000964BBB18)
[LOG] SoundI::release                          : release codec. (0000000096B1A5B8)
[LOG] SoundI::release                          : (null) (0000000096B1A728)
[LOG] SoundI::release                          : release subsounds. (0000000096B1A728)
[LOG] SoundI::release                          :     (null) (00000000964BB668)
[LOG] SoundI::release                          : release codec. (0000000096B1A728)
[LOG] SoundI::release                          : (null) (0000000096B18A68)
[LOG] SoundI::release                          : release subsounds. (0000000096B18A68)
[LOG] SoundI::release                          :     (null) (0000000084929278)
[LOG] SoundI::release                          : release codec. (0000000096B18A68)
[LOG] SoundI::release                          : (null) (0000000096B225A8)
[LOG] SoundI::release                          : release subsounds. (0000000096B225A8)
[LOG] SoundI::release                          :     (null) (0000000096A76F18)
[LOG] SoundI::release                          : release codec. (0000000096B225A8)
[LOG] SoundI::release                          : (null) (0000000096B1FBF8)
[LOG] SoundI::release                          : release subsounds. (0000000096B1FBF8)
[LOG] SoundI::release                          :     (null) (00000000847FA528)
[LOG] SoundI::release                          : release codec. (0000000096B1FBF8)
[LOG] SoundI::release                          : (null) (0000000096B1AE58)
[LOG] SoundI::release                          : release subsounds. (0000000096B1AE58)
[LOG] SoundI::release                          :     (null) (00000000964BAE98)
[LOG] SoundI::release                          : release codec. (0000000096B1AE58)
[LOG] SoundI::release                          : (null) (0000000096B243D8)
[LOG] SoundI::release                          : release subsounds. (0000000096B243D8)
[LOG] SoundI::release                          :     (null) (0000000096A776E8)
[LOG] SoundI::release                          : release codec. (0000000096B243D8)
[LOG] SoundI::release                          : (null) (0000000096B1FED8)
[LOG] SoundI::release                          : release subsounds. (0000000096B1FED8)
[LOG] SoundI::release                          :     (null) (00000000A1CB3278)
[LOG] SoundI::release                          : release codec. (0000000096B1FED8)
[LOG] SoundI::release                          : (null) (000000009533AD48)
[LOG] SoundI::release                          : remove stream samples. (000000009533AD48)
[LOG] SoundI::release                          :     (null) (00000000964BBE38)
[LOG] SoundI::release                          : release subsounds. (000000009533AD48)
[LOG] SoundI::release                          :     (null) (000000009533ABA8)
[LOG] SoundI::release                          : release codec. (000000009533AD48)
[LOG] Codec::release                           : Free PCM Buffer
[LOG] SoundI::release                          : (null) (0000000096B240F8)
[LOG] SoundI::release                          : release subsounds. (0000000096B240F8)
[LOG] SoundI::release                          :     (null) (0000000096618908)
[LOG] SoundI::release                          : release codec. (0000000096B240F8)
[LOG] SoundI::release                          : (null) (0000000096B20498)
[LOG] SoundI::release                          : release subsounds. (0000000096B20498)
[LOG] SoundI::release                          :     (null) (00000000847F98A8)
[LOG] SoundI::release                          : release codec. (0000000096B20498)
[LOG] SoundI::release                          : (null) (0000000096B1CB18)
[LOG] SoundI::release                          : release subsounds. (0000000096B1CB18)
[LOG] SoundI::release                          :     (null) (00000000847FA078)
[LOG] SoundI::release                          : release codec. (0000000096B1CB18)
[LOG] SoundI::release                          : (null) (0000000096B20BC8)
[LOG] SoundI::release                          : release subsounds. (0000000096B20BC8)
[LOG] SoundI::release                          :     (null) (00000000847F9D58)
[LOG] SoundI::release                          : release codec. (0000000096B20BC8)
[LOG] SoundI::release                          : (null) (0000000096B1BCB8)
[LOG] SoundI::release                          : release subsounds. (0000000096B1BCB8)
[LOG] SoundI::release                          :     (null) (00000000A1CB2DC8)
[LOG] SoundI::release                          : release codec. (0000000096B1BCB8)
[LOG] SoundI::release                          : (null) (0000000096B20608)
[LOG] SoundI::release                          : release subsounds. (0000000096B20608)
[LOG] SoundI::release                          :     (null) (00000000847FA9D8)
[LOG] SoundI::release                          : release codec. (0000000096B20608)
[LOG] SoundI::release                          : (null) (0000000096B20328)
[LOG] SoundI::release                          : release subsounds. (0000000096B20328)
[LOG] SoundI::release                          :     (null) (00000000847FA848)
[LOG] SoundI::release                          : release codec. (0000000096B20328)
[LOG] SoundI::release                          : (null) (0000000096B20778)
[LOG] SoundI::release                          : release subsounds. (0000000096B20778)
[LOG] SoundI::release                          :     (null) (00000000847F9BC8)
[LOG] SoundI::release                          : release codec. (0000000096B20778)
[LOG] SoundI::release                          : (null) (0000000096B20EA8)
[LOG] SoundI::release                          : release subsounds. (0000000096B20EA8)
[LOG] SoundI::release                          :     (null) (0000000096619588)
[LOG] SoundI::release                          : release codec. (0000000096B20EA8)
[LOG] SoundI::release                          : (null) (0000000096B20048)
[LOG] SoundI::release                          : release subsounds. (0000000096B20048)
[LOG] SoundI::release                          :     (null) (00000000A1CB3598)
[LOG] SoundI::release                          : release codec. (0000000096B20048)
[LOG] SoundI::release                          : (null) (0000000096B201B8)
[LOG] SoundI::release                          : release subsounds. (0000000096B201B8)
[LOG] SoundI::release                          :     (null) (00000000847F9718)
[LOG] SoundI::release                          : release codec. (0000000096B201B8)
[LOG] SoundI::release                          : (null) (0000000096B20D38)
[LOG] SoundI::release                          : release subsounds. (0000000096B20D38)
[LOG] SoundI::release                          :     (null) (00000000847FA208)
[LOG] SoundI::release                          : release codec. (0000000096B20D38)
[LOG] SoundI::release                          : (null) (0000000096B1BB48)
[LOG] SoundI::release                          : release subsounds. (0000000096B1BB48)
[LOG] SoundI::release                          :     (null) (00000000A1CB2C38)
[LOG] SoundI::release                          : release codec. (0000000096B1BB48)
[LOG] SoundI::release                          : (null) (0000000096B24DE8)
[LOG] SoundI::release                          : release subsounds. (0000000096B24DE8)
[LOG] SoundI::release                          :     (null) (0000000096618A98)
[LOG] SoundI::release                          : release codec. (0000000096B24DE8)
[LOG] Thread::callback                         : * FMOD Studio update thread finished
[LOG] Thread::close                            : FMOD Studio update thread thread destroyed
[LOG] Thread::callback                         : * FMOD Studio bank load thread finished
[LOG] Thread::close                            : FMOD Studio bank load thread thread destroyed
[LOG] Thread::callback                         : * FMOD Studio sample load thread finished
[LOG] Thread::close                            : FMOD Studio sample load thread thread destroyed
[LOG] LiveUpdate::release                      : 
[LOG] SystemI::close                           : 
[LOG] SystemI::close                           : Stop all sounds
[LOG] Thread::callback                         : * FMOD stream thread finished
[LOG] Thread::close                            : FMOD stream thread thread destroyed
[LOG] SystemI::close                           : Stream thread destroyed
[LOG] Thread::callback                         : * FMOD mixer thread finished
[LOG] Thread::close                            : FMOD mixer thread thread destroyed
[LOG] SystemI::close                           : Free master channel group.
[LOG] SystemI::close                           : Remove 'master' sound group.
[LOG] SystemI::close                           : Free software output.
[LOG] SystemI::close                           : Free emulated output.
[LOG] SystemI::close                           : Free channel pool.
[LOG] SystemI::close                           : done.

[LOG] Thread::callback                         : * FMOD Studio update thread finished
[LOG] Thread::close                            : FMOD Studio update thread thread destroyed
[LOG] Thread::callback                         : * FMOD Studio bank load thread finished
[LOG] Thread::close                            : FMOD Studio bank load thread thread destroyed
[LOG] Profile::disconnectAll                   : Profiler disconnecting all clients
[LOG] Thread::callback                         : * FMOD Studio sample load thread finished
[LOG] Thread::close                            : FMOD Studio sample load thread thread destroyed
[LOG] LiveUpdate::release                      : 
[LOG] SystemI::close                           : 
[LOG] SystemI::close                           : Stop all sounds
[LOG] Thread::callback                         : * FMOD stream thread finished
[LOG] Thread::close                            : FMOD stream thread thread destroyed
[LOG] SystemI::close                           : Stream thread destroyed
[LOG] Thread::callback                         : * FMOD mixer thread finished
[LOG] Thread::close                            : FMOD mixer thread thread destroyed
[LOG] SystemI::close                           : Free master channel group.
[LOG] SystemI::close                           : Remove 'master' sound group.
[LOG] SystemI::close                           : Free software output.
[LOG] SystemI::close                           : Free emulated output.
[LOG] SystemI::close                           : Free channel pool.
[LOG] Thread::callback                         : * FMOD nonblocking thread (0) finished
[LOG] Thread::close                            : FMOD nonblocking thread (0) thread destroyed
[LOG] Thread::callback                         : * FMOD file thread finished
[LOG] Thread::close                            : FMOD file thread thread destroyed
[LOG] SystemI::close                           : done.

